entry_filter,confidence_threshold,risk_multiplier,reward_points,stop_points,trailing_stop,partial_exit_fraction,trade_count,net_pnl,profit_factor,win_rate,expectancy,max_drawdown,avg_winner,avg_loser,meets_min_trades
none,0.0,1.25,22.5,30.0,True,0.0,66692,10209802.875000011,3.666788091451185,0.49113836742038025,153.0888693546454,-34382.99999999796,428.585090062586,-112.81202669652578,True
none,0.0,1.25,22.5,22.5,True,0.0,66692,10063439.812500011,3.628558237566438,0.49113836742038025,150.8942573696997,-34382.99999999796,424.11667111891336,-112.81202669652578,True
none,0.0,1.25,18.75,30.0,True,0.0,66692,9983054.25000001,3.6075616264247556,0.49113836742038025,149.6889319558569,-26403.749999999243,421.6625248053734,-112.81202669652578,True
none,0.0,1.25,18.75,22.5,True,0.0,66692,9808758.75000001,3.562035853842831,0.49113836742038025,147.07549256282627,-26403.749999999243,416.3413372004276,-112.81202669652578,True
none,0.0,1.25,22.5,15.0,True,0.0,66692,9774360.375000011,3.5530510401360074,0.49113836742038025,146.5597129340852,-34382.99999999796,415.2911654709207,-112.81202669652578,True
none,0.0,1.25,22.5,30.0,True,0.5,66692,9697748.75625001,3.497247784383159,0.47283032447669887,145.41097517318434,-39426.14999999787,430.6819119838906,-110.45493646538468,True
none,0.0,1.25,22.5,22.5,True,0.5,66692,9624567.22500001,3.478402955406326,0.47283032447669887,144.31366918071149,-39426.14999999787,428.36119367190986,-110.45493646538468,True
none,0.0,1.25,22.5,15.0,True,0.5,66692,9480027.506250009,3.4411828230357924,0.47283032447669887,142.14639696290422,-39426.14999999787,423.7775785659924,-110.45493646538468,True
none,0.0,1.25,18.75,15.0,True,0.0,66692,9469591.125000011,3.4734456827661164,0.49113836742038025,141.98991070893078,-26403.749999999243,405.98665470920486,-112.81202669652578,True
none,0.0,1.25,18.75,30.0,True,0.5,66692,9386532.637500009,3.417107147360377,0.47283032447669887,140.74450664997315,-28684.79999999894,420.8126876942349,-110.45493646538468,True
none,0.0,1.25,15.0,30.0,True,0.0,66692,9313586.250000007,3.432697399184948,0.49113836742038025,139.65072647394,-23894.24999999907,401.22387421767684,-112.81202669652578,True
none,0.0,1.25,18.75,22.5,True,0.5,66692,9299384.88750001,3.394665905473056,0.47283032447669887,139.43778695345785,-28684.79999999894,418.0490754027401,-110.45493646538468,True
none,0.0,1.25,18.75,15.0,True,0.5,66692,9129801.075000009,3.3509967188734398,0.47283032447669887,136.89499602651006,-28684.79999999894,412.671266926175,-110.45493646538468,True
none,0.0,1.25,15.0,22.5,True,0.0,66692,9109933.875000011,3.379503646563573,0.49113836742038025,136.59710122653408,-23894.24999999907,395.00643031598247,-112.81202669652578,True
none,0.0,1.25,15.0,15.0,True,0.0,66692,8732269.875000011,3.28085826916496,0.49113836742038025,130.9342930936246,-23894.24999999907,383.4764654251261,-112.81202669652578,True
none,0.0,1.25,15.0,30.0,True,0.5,66692,8483229.562500007,3.1844993886559196,0.47283032447669887,127.20010739668938,-25625.231249998906,392.1673184102873,-110.45493646538468,True
none,0.0,1.25,15.0,22.5,True,0.5,66692,8381403.375000007,3.1582783318397523,0.47283032447669887,125.67329477298638,-25625.231249998906,388.93822639849066,-110.45493646538468,True
none,0.0,1.25,11.25,30.0,True,0.0,66692,8255985.000000007,3.15648365581064,0.4932375697235051,123.79273376117087,-23411.999999999185,367.36381668946655,-113.27773914844497,True
none,0.0,1.25,15.0,15.0,True,0.5,66692,8192571.375000009,3.109652583176514,0.47283032447669887,122.84189070653166,-25625.231249998906,382.9500231892561,-110.45493646538468,True
none,0.0,1.25,11.25,22.5,True,0.0,66692,8044618.500000009,3.1012709112654213,0.49296767228453187,120.62344059257497,-23411.999999999185,361.1361209964414,-113.21761792104081,True
none,0.0,1.25,11.25,15.0,True,0.0,66692,7648297.218750009,2.9977580213639277,0.49350746716247823,114.68087954702227,-23411.999999999185,348.6992212423664,-113.33788004381404,True
confidence_threshold,0.43108233117483813,1.25,22.5,30.0,True,0.0,32080,7607934.375000004,6.046496674278272,0.5910536159600998,237.155061564838,-9742.5,480.7500593323138,-114.91481820260682,True
confidence_threshold,0.43108233117483813,1.25,22.5,22.5,True,0.0,32080,7493664.000000005,5.970698824430754,0.5910536159600998,233.59301745635923,-9742.5,474.72345867833997,-114.91481820260682,True
confidence_threshold,0.43108233117483813,1.25,22.5,30.0,True,0.5,32080,7304022.337500003,5.7835791295648225,0.5751558603491271,227.68149431109737,-10476.712500000838,478.6145567990896,-112.0327867048205,True
confidence_threshold,0.43108233117483813,1.25,18.75,30.0,True,0.0,32080,7276434.000000004,5.826605773870829,0.5910536159600998,226.82150872817968,-8063.25,463.26678445229703,-114.91481820260682,True
confidence_threshold,0.43108233117483813,1.25,22.5,15.0,True,0.0,32080,7276209.375000004,5.82645677556727,0.5910536159600998,226.81450670199513,-9742.5,463.2549377669956,-114.91481820260682,True
confidence_threshold,0.43108233117483813,1.25,22.5,22.5,True,0.5,32080,7246887.150000003,5.74615992712269,0.5751558603491271,225.90047225685797,-10476.712500000838,475.51796650588057,-112.0327867048205,True
confidence_threshold,0.43108233117483813,1.25,18.75,22.5,True,0.0,32080,7146813.000000005,5.7406255441298715,0.5910536159600998,222.7809538653368,-8063.25,456.43059437793386,-114.91481820260682,True
confidence_threshold,0.43108233117483813,1.25,22.5,15.0,True,0.5,32080,7138159.837500003,5.674951806602801,0.5751558603491271,222.5112168796759,-10476.712500000838,469.6252066283672,-112.0327867048205,True
none,0.0,1.25,11.25,30.0,True,0.5,66692,6936821.231250006,2.7898151641988855,0.49350746716247823,104.01279360717936,-24948.35624999873,328.51883944034273,-114.73753904052799,True
confidence_threshold,0.43108233117483813,1.25,18.75,15.0,True,0.0,32080,6902345.718750005,5.578465454283148,0.5910536159600998,215.16040270417722,-8063.25,443.53743044934356,-114.91481820260682,True
confidence_threshold,0.43108233117483813,1.25,18.75,30.0,True,0.5,32080,6883640.831250004,5.508261214745738,0.5751558603491271,214.57733264495025,-8329.706250002142,455.8308861985801,-112.0327867048205,True
none,0.0,1.25,11.25,22.5,True,0.5,66692,6831137.981250007,2.762547129295565,0.49350746716247823,102.4281470228814,-24948.35624999873,325.30785138091335,-114.73753904052799,True
confidence_threshold,0.43108233117483813,1.25,18.75,22.5,True,0.5,32080,6818830.3312500045,5.465815266355775,0.5751558603491271,212.55705521352883,-8329.706250002142,452.3183123543441,-112.0327867048205,True
confidence_threshold,0.43108233117483813,1.25,18.75,15.0,True,0.5,32080,6696596.6906250045,5.385761528126846,0.5751558603491271,208.74677963294903,-8329.706250002142,445.6935418473255,-112.0327867048205,True
confidence_threshold,0.43108233117483813,1.25,15.0,30.0,True,0.0,32080,6680857.500000006,5.431547841141448,0.5910536159600998,208.2561564837907,-7540.5,431.8561784715998,-114.91481820260682,True
none,0.0,1.25,11.25,15.0,True,0.5,66692,6632977.340625007,2.711418390682522,0.49350746716247823,99.45686650010506,-24948.35624999873,319.28711062118316,-114.73753904052799,True
confidence_threshold,0.43108233117483813,1.25,15.0,22.5,True,0.0,32080,6539800.875000006,5.337982130153384,0.5910536159600998,203.8591295199503,-7540.5,424.41687542851145,-114.91481820260682,True
none,0.0,1.0,22.5,30.0,True,0.0,66692,6407173.500000009,2.598931766816933,0.4364391531218137,96.07109548371633,-72659.99999999619,357.79476758168147,-106.87751847011424,True
none,0.0,1.0,22.5,22.5,True,0.0,66692,6290083.050000009,2.5697114499180866,0.4364391531218137,94.31540589575975,-72659.99999999619,353.77200845157535,-106.87751847011424,True
confidence_threshold,0.43108233117483813,1.25,15.0,15.0,True,0.0,32080,6284851.1250000065,5.168868806869352,0.5910536159600998,195.91181811097277,-7540.5,410.9708678339753,-114.91481820260682,True
none,0.0,1.0,18.75,30.0,True,0.0,66692,6225774.600000007,2.553663059222913,0.4364391531218137,93.35114556468552,-56863.199999996024,351.5626275466383,-106.87751847011424,True
confidence_threshold,0.43108233117483813,1.25,15.0,30.0,True,0.5,32080,6087883.950000003,4.9871009781714895,0.5751558603491271,189.7719435785537,-7854.074999999488,412.7027694975883,-112.0327867048205,True
none,0.0,1.0,18.75,22.5,True,0.0,66692,6086338.200000009,2.5188662350990483,0.4364391531218137,91.26039405026103,-56863.199999996024,346.77215102896224,-106.87751847011424,True
none,0.0,1.0,22.5,15.0,True,0.0,66692,6058819.500000009,2.511998850656984,0.4364391531218137,90.84777034726818,-72659.99999999625,345.826718658742,-106.87751847011424,True
confidence_threshold,0.43108233117483813,1.25,15.0,22.5,True,0.5,32080,6017355.637500005,4.940910297457622,0.5751558603491271,187.57343009663356,-7854.074999999488,408.88030391306717,-112.0327867048205,True
none,0.0,1.0,22.5,30.0,True,0.5,66692,5997530.2050000075,2.468100895982303,0.41666166856594494,89.92878013854747,-79331.47499999858,362.84584946739614,-105.00797501542243,True
none,0.0,1.0,22.5,22.5,True,0.5,66692,5938984.980000009,2.45376994735176,0.41666166856594494,89.0509353445692,-79331.47499999858,360.7389966892184,-105.00797501542243,True
confidence_threshold,0.43108233117483813,1.25,11.25,30.0,True,0.0,32080,5915965.8750000065,4.92423247430554,0.5925810473815462,184.4129013403992,-6372.75,390.50568779589713,-115.34408951798,True
confidence_threshold,0.43108233117483813,1.25,15.0,15.0,True,0.5,32080,5889880.762500005,4.857423949330899,0.5751558603491271,183.59977439214478,-7854.074999999488,401.9714710584794,-112.0327867048205,True
none,0.0,1.0,22.5,15.0,True,0.5,66692,5823353.205000008,2.425465110747519,0.41666166856594494,87.3171175703234,-79331.47499999858,356.5777841154456,-105.00797501542243,True
none,0.0,1.0,18.75,15.0,True,0.0,66692,5815004.100000008,2.451153894874348,0.4364391531218137,87.1919285671446,-57150.07499999655,337.4501975469819,-106.87751847011424,True
confidence_threshold,0.43108233117483813,1.25,11.25,22.5,True,0.0,32080,5778123.750000007,4.832790150776077,0.5923316708229427,180.1160769950127,-6372.75,383.4161667192931,-115.27376127848287,True
none,0.0,1.0,18.75,30.0,True,0.5,66692,5748557.310000008,2.4071562541495553,0.41666166856594494,86.19560531997853,-62073.43499999837,353.8861224269469,-105.00797501542243,True
none,0.0,1.0,15.0,30.0,True,0.0,66692,5690200.200000008,2.420008660500307,0.4364391531218137,85.32058117915204,-51820.79999999705,333.16243515305604,-106.87751847011424,True
none,0.0,1.0,18.75,22.5,True,0.5,66692,5678839.110000007,2.3900903372824853,0.41666166856594494,85.15022956276626,-62073.43499999834,351.3771905138909,-105.00797501542243,True
none,0.0,1.0,18.75,15.0,True,0.5,66692,5543172.060000008,2.3568811810377652,0.41666166856594494,83.11599682120806,-62216.8724999986,346.4949733698,-105.00797501542243,True
confidence_threshold,0.43108233117483813,1.25,11.25,15.0,True,0.0,32080,5530441.875000009,4.668517776876762,0.5929551122194514,172.39532029301773,-6372.75,369.9917529702454,-115.44962858018063,True
none,0.0,1.0,15.0,22.5,True,0.0,66692,5527278.300000007,2.3793509506037087,0.4364391531218137,82.87768098122724,-51820.79999999705,327.5650908716117,-106.87751847011424,True
confidence_threshold,0.43108233117483813,1.0,22.5,30.0,True,0.0,32080,5239435.500000004,4.330459866558765,0.5415211970074812,163.32404925187043,-12545.399999999441,392.1610810499655,-107.29687627881584,True
none,0.0,1.0,15.0,15.0,True,0.0,66692,5225147.100000007,2.303953090154555,0.4364391531218137,78.34743447489964,-52810.79999999708,317.18507231937343,-106.87751847011424,True
confidence_threshold,0.43108233117483813,1.0,22.5,22.5,True,0.0,32080,5148019.200000004,4.2723508740347995,0.5415211970074812,160.4744139650874,-12731.699999999255,386.89880267096476,-107.29687627881584,True
confidence_threshold,0.435759209344115,1.25,22.5,30.0,True,0.0,18447,5129766.562500004,7.548866678539451,0.6344663088849135,278.08134452756565,-10075.5,505.2180931732741,-116.16580157200015,True
confidence_and_adx,0.43108233117483813,1.25,22.5,30.0,True,0.0,20899,5101762.687500002,6.366775398365125,0.6007942963778171,244.11515802191502,-7336.5,482.03109569130294,-113.94219705142024,True
confidence_threshold,0.435759209344115,1.25,22.5,22.5,True,0.0,18447,5042466.375000004,7.437415741740805,0.6344663088849135,273.3488575378112,-10075.5,497.7590887730691,-116.16580157200015,True
none,0.0,1.0,15.0,30.0,True,0.5,66692,5025914.850000006,2.2302647660305968,0.41666166856594494,75.3600859173515,-55630.229999998526,327.8805639124802,-105.00797501542243,True
confidence_and_adx,0.43108233117483813,1.25,22.5,22.5,True,0.0,20899,5018943.750000002,6.279654404403028,0.6007942963778171,240.1523398248721,-7336.5,475.4351306148455,-113.94219705142024,True
confidence_threshold,0.43108233117483813,1.0,22.5,30.0,True,0.5,32080,4996305.870000003,4.11532387561199,0.5225997506234414,155.7451954488779,-13146.285000000149,393.682650760513,-104.71980215475013,True
confidence_threshold,0.43108233117483813,1.0,18.75,30.0,True,0.0,32080,4974235.200000003,4.161884653494429,0.5415211970074812,155.05720698254373,-9277.19999999972,376.89511858162564,-107.29687627881584,True
confidence_threshold,0.43108233117483813,1.0,22.5,15.0,True,0.0,32080,4974055.500000003,4.161770426754159,0.5415211970074812,155.0516053615961,-13294.199999999255,376.8847743495281,-107.29687627881584,True
confidence_threshold,0.43108233117483813,1.0,22.5,22.5,True,0.5,32080,4950597.7200000025,4.086823680725992,0.5225997506234414,154.32037780548637,-13517.535000000149,390.9562475395169,-104.71980215475013,True
confidence_threshold,0.43108233117483813,1.25,11.25,30.0,True,0.5,32080,4945004.8312500045,4.245286495658698,0.5929551122194514,154.14603588684554,-6441.431249999441,340.0670112238462,-116.69090643666708,True
none,0.0,1.0,15.0,22.5,True,0.5,66692,4944453.900000007,2.21032440898448,0.41666166856594494,74.13863581838912,-55630.229999998526,324.94904851014826,-105.00797501542243,True
confidence_threshold,0.435759209344115,1.25,22.5,30.0,True,0.5,18447,4935580.593750004,7.2267089755517935,0.6199382013335502,267.5546481135146,-10468.237500000047,500.894310729276,-113.05758718442395,True
confidence_and_adx,0.43108233117483813,1.25,22.5,30.0,True,0.5,20899,4897277.643750001,6.082951640564054,0.5854825589741136,234.3307164816499,-7953.768749999581,478.9758800874469,-111.21680999653684,True
confidence_threshold,0.435759209344115,1.25,22.5,22.5,True,0.5,18447,4891930.500000004,7.171640189747549,0.6199382013335502,265.1884046186374,-10468.237500000047,497.07740851259183,-113.05758718442395,True
confidence_threshold,0.435759209344115,1.25,22.5,15.0,True,0.0,18447,4885271.812500004,7.2367348296834475,0.6344663088849135,264.8274414538951,-10075.5,484.3282478212578,-116.16580157200015,True
confidence_threshold,0.43108233117483813,1.25,11.25,22.5,True,0.5,32080,4876083.7687500045,4.200055277281676,0.5929551122194514,151.99762371415227,-6441.431249999441,336.44378219955854,-116.69090643666708,True
confidence_and_adx,0.43108233117483813,1.25,22.5,15.0,True,0.0,20899,4871655.937500002,6.124715678903165,0.6007942963778171,233.1047388631036,-7336.5,463.7046581315706,-113.94219705142024,True
confidence_threshold,0.43108233117483813,1.0,18.75,22.5,True,0.0,32080,4870538.400000004,4.095969531399583,0.5415211970074812,151.82476309226945,-9277.19999999972,370.92592677872443,-107.29687627881584,True
confidence_and_adx,0.43108233117483813,1.25,18.75,30.0,True,0.0,20899,4866322.500000002,6.119105194269325,0.6007942963778171,232.84953825541902,-4908.75,463.27988611022636,-113.94219705142024,True
confidence_threshold,0.43108233117483813,1.0,22.5,15.0,True,0.5,32080,4863615.870000003,4.032588283394343,0.5225997506234414,151.60897350374074,-13798.785000000149,385.7679475096929,-104.71980215475013,True
confidence_and_adx,0.43108233117483813,1.25,22.5,22.5,True,0.5,20899,4855868.175000001,6.039972184950318,0.5854825589741136,232.3493073831284,-7953.768749999581,475.59164759725405,-111.21680999653684,True
none,0.0,1.0,11.25,30.0,True,0.0,66692,4844119.200000007,2.223430924046966,0.488244467102501,72.6341870089367,-49415.39999999871,270.36342362262764,-116.04497655334103,True
confidence_threshold,0.435759209344115,1.25,18.75,30.0,True,0.0,18447,4830869.250000005,7.1672823264471655,0.6344663088849135,261.87831354691843,-7244.625,479.68004528366384,-116.16580157200015,True
confidence_threshold,0.435759209344115,1.25,22.5,15.0,True,0.5,18447,4813333.218750004,7.072482170277037,0.6199382013335502,260.92769657667935,-10468.237500000047,490.20461371983214,-113.05758718442395,True
none,0.0,1.0,15.0,15.0,True,0.5,66692,4793388.300000006,2.1733459303221783,0.41666166856594494,71.87351256522531,-56125.229999998526,319.5126874910034,-105.00797501542243,True
confidence_and_adx,0.43108233117483813,1.25,22.5,15.0,True,0.5,20899,4782224.268750001,5.963536164507673,0.5854825589741136,228.82550690224417,-7953.768749999581,469.57302171869895,-111.21680999653684,True
confidence_and_adx,0.43108233117483813,1.25,18.75,22.5,True,0.0,20899,4777642.593750004,6.025818781642195,0.6007942963778171,228.60627751327831,-4908.75,456.2171347363812,-113.94219705142024,True
confidence_threshold,0.43108233117483813,1.25,11.25,15.0,True,0.5,32080,4752242.831250005,4.118781479622541,0.5929551122194514,148.1372453631548,-6441.431249999441,329.93337648512266,-116.69090643666708,True
confidence_threshold,0.435759209344115,1.25,18.75,22.5,True,0.0,18447,4741387.687500006,7.053046558433134,0.6344663088849135,257.02757562205267,-7244.625,472.03466229494217,-116.16580157200015,True
none,0.0,1.0,11.25,22.5,True,0.0,66692,4675026.000000007,2.1795373534568636,0.48404606249625143,70.09875247405996,-49608.29999999874,267.5939037234373,-115.23974064489853,True
confidence_threshold,0.43108233117483813,1.0,18.75,15.0,True,0.0,32080,4674964.575000004,3.9716525558185527,0.5415211970074812,145.72832216334177,-9690.599999999395,359.66793547087275,-107.29687627881584,True
confidence_threshold,0.43108233117483813,1.0,18.75,30.0,True,0.5,32080,4660000.665000003,3.90562902067528,0.5225997506234414,145.26186611596017,-9688.409999999683,373.6226922159261,-104.71980215475013,True
confidence_and_adx,0.43108233117483813,1.25,18.75,15.0,True,0.0,20899,4612059.375000004,5.851634289104563,0.6007942963778171,220.68325637590334,-4908.75,443.0295575820326,-113.94219705142024,True
confidence_threshold,0.43108233117483813,1.0,18.75,22.5,True,0.5,32080,4608152.265000002,3.873300223633021,0.5225997506234414,143.64564417082303,-9688.409999999683,370.5300348941248,-104.71980215475013,True
confidence_and_adx,0.43108233117483813,1.25,18.75,30.0,True,0.5,20899,4603718.925000002,5.77826301973887,0.5854825589741136,220.28417268768848,-5041.762500000419,454.9844843085976,-111.21680999653684,True
confidence_threshold,0.435759209344115,1.25,18.75,15.0,True,0.0,18447,4574097.656250006,6.839477364210185,0.6344663088849135,247.9588906732805,-7244.625,457.7412556604582,-116.16580157200015,True
confidence_threshold,0.435759209344115,1.25,18.75,30.0,True,0.5,18447,4566896.250000005,6.761578264226644,0.6199382013335502,247.56850707432127,-7477.106249999953,468.65538595225615,-113.05758718442395,True
confidence_and_adx,0.43108233117483813,1.25,18.75,22.5,True,0.5,20899,4559378.971875003,5.73224197419597,0.5854825589741136,218.16254231661816,-5041.762500000419,451.36075489334763,-111.21680999653684,True
confidence_threshold,0.435759209344115,1.25,18.75,22.5,True,0.5,18447,4522155.468750006,6.705133471381937,0.6199382013335502,245.14313811188842,-7477.106249999953,464.7431105718784,-113.05758718442395,True
confidence_threshold,0.43108233117483813,1.0,18.75,15.0,True,0.5,32080,4510365.352500003,3.8123275948228414,0.5225997506234414,140.5974237063592,-10158.87000000081,364.69723367133923,-104.71980215475013,True
confidence_threshold,0.43108233117483813,1.0,15.0,30.0,True,0.0,32080,4497774.000000004,3.8590209376280105,0.5415211970074812,140.20492518703253,-9094.199999999488,349.46815565277467,-107.29687627881584,True
confidence_and_adx,0.43108233117483813,1.25,15.0,30.0,True,0.0,20899,4480242.000000004,5.7129696179781755,0.6007942963778171,214.3759031532611,-4807.499999999578,432.53120022300124,-113.94219705142024,True
confidence_and_adx,0.43108233117483813,1.25,18.75,15.0,True,0.5,20899,4476587.362500003,5.646311427204283,0.5854825589741136,214.20103174793064,-5041.762500000419,444.5945233327886,-111.21680999653684,True
confidence_no_after_2pm,0.43108233117483813,1.25,22.5,30.0,True,0.0,18603,4459779.749999998,6.1358886792974285,0.5959253883782185,239.73443799387186,-8807.25,480.61841511816687,-115.51895703073035,True
confidence_threshold,0.435759209344115,1.25,18.75,15.0,True,0.5,18447,4438510.453125006,6.599607250168591,0.6199382013335502,240.60879563750234,-7477.106249999953,457.42892592471156,-113.05758718442395,True
confidence_threshold,0.435759209344115,1.25,15.0,30.0,True,0.0,18447,4424102.250000006,6.6479871850847845,0.6344663088849135,239.8277362172714,-6519.0,444.9255169172934,-116.16580157200015,True
confidence_threshold,0.43108233117483813,1.0,15.0,22.5,True,0.0,32080,4384928.700000005,3.7872905493486284,0.5415211970074812,136.68730361596025,-9094.199999999488,342.97234054800845,-107.29687627881584,True
confidence_and_adx,0.43108233117483813,1.25,15.0,22.5,True,0.0,20899,4381999.125000005,5.6096234851001245,0.6007942963778171,209.67506220393344,-4807.499999999578,424.7068234310293,-113.94219705142024,True
confidence_no_after_2pm,0.43108233117483813,1.25,22.5,22.5,True,0.0,18603,4376511.187499999,6.039996484736673,0.5959253883782185,235.25835550717622,-8848.875,473.1072693036261,-115.51895703073035,True
none,0.0,1.0,11.25,15.0,True,0.0,66692,4357968.975000007,2.1012348972932298,0.47630900257902,65.34470363761781,-50335.6499999978,261.76781149656875,-113.40403842847304,True
confidence_threshold,0.435759209344115,1.25,15.0,22.5,True,0.0,18447,4330738.125000006,6.528794781349846,0.6344663088849135,234.7665270775739,-6519.0,436.9484043916612,-116.16580157200015,True
confidence_no_after_2pm,0.43108233117483813,1.25,22.5,30.0,True,0.5,18603,4301417.006249999,5.893339514827372,0.5808202978014299,231.2216850104821,-9324.112499999814,479.44952047663105,-112.72570691202873,True
confidence_no_after_2pm,0.43108233117483813,1.25,18.75,30.0,True,0.0,18603,4266819.375,5.913675238036013,0.5959253883782185,229.36189727463312,-5540.625,463.21264432617716,-115.51895703073035,True
confidence_no_after_2pm,0.43108233117483813,1.25,22.5,22.5,True,0.5,18603,4259782.724999999,5.845975896439284,0.5808202978014299,228.98364376713425,-9324.112499999814,475.59627834335953,-112.72570691202873,True
confidence_no_after_2pm,0.43108233117483813,1.25,22.5,15.0,True,0.0,18603,4245881.624999998,5.889563295468678,0.5959253883782185,228.23639332365738,-9552.0,461.3239784412772,-115.51895703073035,True
confidence_and_adx,0.43108233117483813,1.25,15.0,15.0,True,0.0,20899,4213491.375000005,5.432362545591977,0.6007942963778171,201.61210464615553,-4807.499999999578,411.2863272539028,-113.94219705142024,True
confidence_no_after_2pm,0.43108233117483813,1.25,22.5,15.0,True,0.5,18603,4194467.943749999,5.771673079593454,0.5808202978014299,225.47266267537486,-9631.293749999953,469.55141196205454,-112.72570691202873,True
confidence_threshold,0.43108233117483813,1.0,15.0,15.0,True,0.0,32080,4180968.9000000055,3.6576430084463016,0.5415211970074812,130.32945448877823,-9380.099999999162,331.23161984803147,-107.29687627881584,True
confidence_no_after_2pm,0.43108233117483813,1.25,18.75,22.5,True,0.0,18603,4177212.75,5.810484121719663,0.5959253883782185,224.5451136913401,-5540.625,455.12978080461846,-115.51895703073035,True
confidence_threshold,0.435759209344115,1.25,15.0,15.0,True,0.0,18447,4171685.250000006,6.325741472681203,0.6344663088849135,226.144373068792,-6475.125,423.35878759398526,-116.16580157200015,True
confidence_and_adx,0.43108233117483813,1.25,15.0,30.0,True,0.5,20899,4079245.2375000026,5.233904585474266,0.5854825589741136,195.18853713096334,-4813.237499999668,412.1213192628311,-111.21680999653684,True
confidence_no_after_2pm,0.43108233117483813,1.25,18.75,30.0,True,0.5,18603,4053432.224999999,5.611229287568947,0.5808202978014299,217.89131994839536,-5893.743749999674,456.4985920869967,-112.72570691202873,True
confidence_and_adx,0.43108233117483813,1.25,15.0,22.5,True,0.5,20899,4030123.800000003,5.1829207717127295,0.5854825589741136,192.8381166562995,-4813.237499999668,408.10681799607727,-111.21680999653684,True
confidence_no_after_2pm,0.43108233117483813,1.25,18.75,15.0,True,0.0,18603,4026390.28125,5.6367967530022245,0.5959253883782185,216.43768646186098,-5540.625,441.5250118392567,-115.51895703073035,True
confidence_threshold,0.43108233117483813,1.0,15.0,30.0,True,0.5,32080,4023395.160000003,3.508689285463967,0.5225997506234414,125.41755486284299,-9264.029999999795,335.65039844915003,-104.71980215475013,True
confidence_threshold,0.435759209344115,1.25,15.0,30.0,True,0.5,18447,4015490.1562500047,6.065926515073787,0.6199382013335502,217.67713754269013,-6497.5687499996275,420.43869359916056,-113.05758718442395,True
confidence_no_after_2pm,0.43108233117483813,1.25,18.75,22.5,True,0.5,18603,4008628.9124999996,5.560260544214639,0.5808202978014299,215.4829281567489,-5893.743749999674,452.35205691809347,-112.72570691202873,True
confidence_and_adx,0.43108233117483813,1.25,11.25,30.0,True,0.0,20899,3988195.5000000056,5.195419873827996,0.6024211684769606,190.83188190822554,-4784.249999999614,392.2797855440829,-114.4069081718617,True
confidence_threshold,0.435759209344115,1.25,15.0,22.5,True,0.5,18447,3968808.0937500047,6.007032609474494,0.6199382013335502,215.14653297284136,-6497.5687499996275,416.3566664480588,-113.05758718442395,True
confidence_threshold,0.43108233117483813,1.0,15.0,22.5,True,0.5,32080,3966972.5100000035,3.4735083271231804,0.5225997506234414,123.65874407730685,-9264.029999999795,332.28489591410687,-104.71980215475013,True
confidence_and_adx,0.43108233117483813,1.25,15.0,15.0,True,0.5,20899,3945869.9250000026,5.0954725191715085,0.5854825589741136,188.80663787741054,-4813.237499999668,401.22108123569814,-111.21680999653684,True
confidence_threshold,0.435759209344115,1.25,11.25,30.0,True,0.0,18447,3939604.500000005,6.0295300715344,0.6359299615113568,213.56342494714616,-5508.75,402.5998849202968,-116.63114204883814,True
confidence_no_after_2pm,0.43108233117483813,1.25,18.75,15.0,True,0.5,18603,3933217.6781249996,5.474471890733027,0.5808202978014299,211.42921454200933,-5893.743749999674,445.3727663697362,-112.72570691202873,True
confidence_no_after_2pm,0.43108233117483813,1.25,15.0,30.0,True,0.0,18603,3917945.999999999,5.511912165056728,0.5959253883782185,210.60828898564742,-4962.749999999731,431.74291899693304,-115.51895703073035,True
confidence_and_adx,0.43108233117483813,1.25,11.25,22.5,True,0.0,20899,3891387.000000007,5.093571570022079,0.6020862242212546,186.1996746255805,-4784.249999999607,384.80459747278115,-114.31087662337649,True
confidence_threshold,0.435759209344115,1.25,15.0,15.0,True,0.5,18447,3889281.656250005,5.906702370150276,0.6199382013335502,210.83545596845042,-6475.6312499996275,409.4026232948585,-113.05758718442395,True
confidence_threshold,0.43108233117483813,1.0,11.25,30.0,True,0.0,32080,3885860.700000005,3.5003472686040658,0.5855985037406484,121.13032107231935,-8523.599999999162,289.57676461194524,-116.9660871528561,True
confidence_threshold,0.43108233117483813,1.0,15.0,15.0,True,0.5,32080,3864992.6100000036,3.4099212638870937,0.5225997506234414,120.47981951371582,-9549.015000000363,326.2019910527886,-104.71980215475013,True
confidence_threshold,0.435759209344115,1.25,11.25,22.5,True,0.0,18447,3849829.1250000056,5.914903446585421,0.6356047053721472,208.69675963571342,-5508.75,395.1493496801708,-116.52737280571213,True
confidence_no_after_2pm,0.43108233117483813,1.25,15.0,22.5,True,0.0,18603,3822391.1249999995,5.40187103561212,0.5959253883782185,205.4717585873246,-4962.749999999731,423.1235003608153,-115.51895703073035,True
none,0.0,1.0,11.25,30.0,True,0.5,66692,3788788.185000005,1.9490141556831166,0.49350746716247823,56.8102348857435,-51829.40999999887,236.41507155227424,-118.19003123242238,True
confidence_threshold,0.43108233117483813,1.0,11.25,22.5,True,0.0,32080,3775587.000000006,3.4257545397282665,0.5801745635910225,117.69286159601016,-8665.199999999022,286.484300451322,-115.66164821282592,True
confidence_and_adx,0.43108233117483813,1.25,11.25,15.0,True,0.0,20899,3724664.8125000075,4.91821482954233,0.6028518110914398,178.2221547681711,-4918.125,371.0824122946271,-114.53042168674685,True
none,0.0,1.0,11.25,22.5,True,0.5,66692,3704241.5850000056,1.9278369569860412,0.49350746716247823,55.542517618305126,-51925.859999998705,233.84628110473074,-118.19003123242238,True
confidence_threshold,0.435759209344115,1.25,11.25,15.0,True,0.0,18447,3702483.2812500065,5.726829851549451,0.6363094270071015,200.70923625792847,-5508.75,382.15831327738994,-116.75227306603024,True
confidence_no_after_2pm,0.43108233117483813,1.25,15.0,15.0,True,0.0,18603,3666665.25,5.222536897309398,0.5959253883782185,197.10074987905176,-4962.749999999731,409.07642522099945,-115.51895703073035,True
confidence_and_adx,0.435759209344115,1.25,22.5,30.0,True,0.0,12701,3619930.6875000037,7.916805077070399,0.6447523817022282,285.01147055350003,-4424.25,505.9572215777263,-115.99135638297805,True
confidence_threshold,0.435759209344115,1.0,22.5,30.0,True,0.0,18447,3616812.450000003,5.433404832894774,0.5875210061256573,196.06507562205252,-11122.800000000047,408.9888955526849,-107.5272439699481,True
confidence_no_after_2pm,0.43108233117483813,1.25,15.0,30.0,True,0.5,18603,3581194.3687499994,5.074006284305638,0.5808202978014299,192.5062822528624,-5065.743749999769,412.7930986811661,-112.72570691202873,True
confidence_threshold,0.43108233117483813,1.0,11.25,15.0,True,0.0,32080,3577441.5000000075,3.304288771814297,0.5709476309226933,111.5162562344142,-9864.974999998929,280.0805798209219,-112.92656386383464,True
confidence_and_adx,0.435759209344115,1.25,22.5,22.5,True,0.0,12701,3554866.5000000037,7.792483276106231,0.6447523817022282,279.8887095504294,-4888.3125,498.01190621565524,-115.99135638297805,True
confidence_threshold,0.435759209344115,1.0,22.5,22.5,True,0.0,18447,3546972.300000003,5.347796396510384,0.5875210061256573,192.27908603024898,-11122.800000000047,402.54488835578513,-107.5272439699481,True
none,0.0,1.0,11.25,15.0,True,0.5,66692,3545713.0725000054,1.8881287983094726,0.49350746716247823,53.16549320008405,-52641.88499999867,229.02968849694656,-118.19003123242238,True
confidence_no_after_2pm,0.43108233117483813,1.25,15.0,22.5,True,0.5,18603,3533416.9312499994,5.019654143488729,0.5808202978014299,189.93801705370097,-5065.743749999769,408.3713090004627,-112.72570691202873,True
confidence_and_adx,0.43108233117483813,1.0,22.5,30.0,True,0.0,20899,3529676.5500000017,4.549698268111464,0.5497392219723432,168.892126417532,-8983.80000000121,393.77109844198804,-106.00848614072477,True
confidence_and_adx,0.435759209344115,1.25,22.5,30.0,True,0.5,12701,3483828.637500003,7.577728928563524,0.6305802692701362,274.2956174710655,-4581.468749999534,501.11982535272824,-112.88150975063868,True
confidence_no_after_2pm,0.43108233117483813,1.25,11.25,30.0,True,0.0,18603,3464493.000000001,4.989759845223033,0.5971617481051443,186.2330269311402,-4463.2499999996435,390.029638131245,-115.87219775820655,True
confidence_and_adx,0.43108233117483813,1.0,22.5,22.5,True,0.0,20899,3463421.4000000013,4.48306729275808,0.5497392219723432,165.72187185989767,-8983.80000000121,388.00426494908174,-106.00848614072477,True
confidence_threshold,0.435759209344115,1.0,22.5,30.0,True,0.5,18447,3461463.6750000026,5.162190281139837,0.5687645687645687,187.64371849081166,-11436.989999998827,409.1792241707968,-104.54365116279027,True
confidence_no_after_2pm,0.43108233117483813,1.25,15.0,15.0,True,0.5,18603,3455553.99375,4.931076405442019,0.5808202978014299,185.7525126995646,-5065.743749999769,401.16511395187416,-112.72570691202873,True
confidence_and_adx,0.435759209344115,1.25,22.5,22.5,True,0.5,12701,3451296.5437500034,7.516305903371426,0.6305802692701362,271.73423696953023,-4813.499999999534,497.0578833187664,-112.88150975063868,True
confidence_and_adx,0.435759209344115,1.25,22.5,15.0,True,0.0,12701,3445443.0000000037,7.583401642868243,0.6447523817022282,271.27336430202377,-4832.0625,484.64965197215787,-115.99135638297805,True
confidence_threshold,0.435759209344115,1.0,22.5,22.5,True,0.5,18447,3426543.6000000024,5.120201108226827,0.5687645687645687,185.75072369490988,-11436.989999998827,405.8509669271826,-104.54365116279027,True
confidence_threshold,0.435759209344115,1.0,22.5,15.0,True,0.0,18447,3421216.650000003,5.193648036820398,0.5875210061256573,185.46195316311614,-11122.800000000047,390.94167281786304,-107.5272439699481,True
confidence_and_adx,0.435759209344115,1.25,18.75,30.0,True,0.0,12701,3405329.6250000047,7.506754762082236,0.6447523817022282,268.1150795212979,-3995.25,479.7512058859448,-115.99135638297805,True
confidence_and_adx,0.435759209344115,1.25,22.5,15.0,True,0.5,12701,3396584.7937500034,7.413006028964976,0.6305802692701362,267.4265643453274,-4785.374999999534,490.2265997627668,-112.88150975063868,True
confidence_threshold,0.435759209344115,1.0,18.75,30.0,True,0.0,18447,3377694.600000004,5.140299717139767,0.5875210061256573,183.10265083753475,-8655.300000000047,386.92598265362614,-107.5272439699481,True
confidence_no_after_2pm,0.43108233117483813,1.25,11.25,22.5,True,0.0,18603,3376660.500000001,4.888607319424149,0.5970004837929366,181.511611030479,-4463.2499999996435,382.2264991896273,-115.82593037214885,True
confidence_and_adx,0.43108233117483813,1.0,22.5,30.0,True,0.5,20899,3366088.515000001,4.316328400212741,0.5299775108856883,161.06457318531992,-9478.215000000433,395.54831121343443,-103.32938817061985,True
confidence_threshold,0.435759209344115,1.0,22.5,15.0,True,0.5,18447,3363665.7750000027,5.044594516135633,0.5687645687645687,182.34215726134346,-11436.989999999292,399.8580365993137,-104.54365116279027,True
confidence_and_adx,0.43108233117483813,1.0,22.5,15.0,True,0.0,20899,3345591.1500000013,4.364568663087285,0.5497392219723432,160.08379109048286,-8983.80000000121,377.74834624423363,-106.00848614072477,True
confidence_and_adx,0.43108233117483813,1.0,18.75,30.0,True,0.0,20899,3341324.400000002,4.360277710397734,0.5497392219723432,159.87963060433523,-5827.200000000652,377.37696927495864,-106.00848614072477,True
confidence_and_adx,0.435759209344115,1.25,18.75,22.5,True,0.0,12701,3341156.5312500056,7.384135624043475,0.6447523817022282,263.0624778560748,-4386.375,471.91470646599123,-115.99135638297805,True
confidence_and_adx,0.43108233117483813,1.25,11.25,30.0,True,0.5,20899,3333989.2500000033,4.467569340072189,0.6028518110914398,159.52864969615786,-4771.931249999667,340.93710314310675,-115.84064006024083,True
confidence_and_adx,0.43108233117483813,1.0,22.5,22.5,True,0.5,20899,3332960.9400000013,4.2836905425589356,0.5299775108856883,159.47944590650278,-9478.215000000433,392.5573781148429,-103.32938817061985,True
confidence_threshold,0.435759209344115,1.0,18.75,22.5,True,0.0,18447,3306109.3500000043,5.0525521776415605,0.5875210061256573,179.22206049764213,-8655.300000000163,380.32095866396014,-107.5272439699481,True
confidence_and_adx,0.43108233117483813,1.25,11.25,22.5,True,0.5,20899,3285585.000000004,4.417225718469575,0.6028518110914398,157.21254605483537,-4771.931249999667,337.0951910865944,-115.84064006024083,True
confidence_and_adx,0.43108233117483813,1.0,22.5,15.0,True,0.5,20899,3274045.8150000013,4.22564634634457,0.5299775108856883,156.66040552179535,-9478.215000000433,387.23820828819066,-103.32938817061985,True
confidence_threshold,0.435759209344115,1.25,11.25,30.0,True,0.5,18447,3271760.8500000043,5.1364257398676525,0.6363094270071015,177.36005041470182,-5443.5562500003725,346.1172367524281,-117.89585258607795,True
confidence_and_adx,0.43108233117483813,1.0,18.75,22.5,True,0.0,20899,3270380.4750000024,4.288931363462482,0.5497392219723432,156.48502201062263,-5827.200000000652,371.2020258508139,-106.00848614072477,True
confidence_threshold,0.435759209344115,1.25,11.25,22.5,True,0.5,18447,3226873.1625000043,5.079675080363265,0.6363094270071015,174.92671775898543,-5443.5562500003725,342.2931025302438,-117.89585258607795,True
confidence_no_after_2pm,0.43108233117483813,1.25,11.25,15.0,True,0.0,18603,3225697.218750001,4.714778448404677,0.5976992958125034,173.39661445734563,-4463.2499999996435,368.20208370806733,-116.0264230358097,True
confidence_and_adx,0.435759209344115,1.25,18.75,15.0,True,0.0,12701,3225588.0937500056,7.163312513255918,0.6447523817022282,253.96331735690148,-4353.84375,457.8020629808283,-115.99135638297805,True
confidence_and_adx,0.435759209344115,1.25,18.75,30.0,True,0.5,12701,3221505.5812500045,7.082443386343793,0.6305802692701362,253.64188498937128,-4110.787500000559,468.3662910475717,-112.88150975063868,True
confidence_and_adx,0.43108233117483813,1.25,11.25,15.0,True,0.5,20899,3202223.9062500047,4.3305246672162205,0.6028518110914398,153.22378612613065,-4771.931249999667,330.4787061473135,-115.84064006024083,True
confidence_and_adx,0.435759209344115,1.25,18.75,22.5,True,0.5,12701,3189419.0343750045,7.02186158696205,0.6305802692701362,251.11558415675967,-4258.8187499996275,464.35997978836326,-112.88150975063868,True
confidence_no_after_2pm,0.435759209344115,1.25,22.5,30.0,True,0.0,11317,3172426.312499999,7.630054358303994,0.6390386144738005,280.3239650525757,-6553.5,504.82827191648204,-117.13384332925314,True
confidence_threshold,0.435759209344115,1.0,18.75,15.0,True,0.0,18447,3172277.3250000044,4.888503984755283,0.5875210061256573,171.9671125386244,-8655.30000000028,367.97255259272936,-107.5272439699481,True
confidence_threshold,0.435759209344115,1.0,18.75,30.0,True,0.5,18447,3166516.200000003,4.807534670347754,0.5687645687645687,171.654805659457,-8859.240000000224,381.067570053374,-104.54365116279027,True
confidence_no_high_vol,0.43108233117483813,1.25,22.5,30.0,True,0.0,16267,3164832.1874999995,5.002371435969566,0.5653162845023667,194.55536899858606,-9462.0,430.1404346998695,-111.82848960543068,True
confidence_threshold,0.435759209344115,1.25,11.25,15.0,True,0.5,18447,3153200.2406250043,4.986531790145398,0.6363094270071015,170.93295607009293,-5443.5562500003725,336.016656638695,-117.89585258607795,True
confidence_no_high_vol,0.43108233117483813,1.25,22.5,22.5,True,0.0,16267,3142204.3125,4.97375533401181,0.5653162845023667,193.16433961394233,-9462.0,427.6798132340148,-111.82848960543068,True
confidence_and_adx,0.43108233117483813,1.0,18.75,15.0,True,0.0,20899,3137913.9000000022,4.155713385781168,0.5497392219723432,150.14660510072264,-5827.200000000652,359.6721646792585,-106.00848614072477,True
confidence_and_adx,0.435759209344115,1.25,18.75,15.0,True,0.5,12701,3131634.8156250045,6.912760661849077,0.6305802692701362,246.566003907173,-4242.5531249996275,457.1450692190038,-112.88150975063868,True
confidence_and_adx,0.43108233117483813,1.0,18.75,30.0,True,0.5,20899,3131241.540000002,4.084953114201717,0.5299775108856883,149.8273381501508,-6163.965000000317,374.3450812567715,-103.32938817061985,True
confidence_threshold,0.435759209344115,1.0,18.75,22.5,True,0.5,18447,3130723.575000004,4.764496311462915,0.5687645687645687,169.7145104895107,-8859.240000000224,377.65614944719795,-104.54365116279027,True
confidence_and_adx,0.435759209344115,1.25,15.0,30.0,True,0.0,12701,3120714.0000000056,6.962923686307375,0.6447523817022282,245.7061648689084,-4276.5,444.99535962877064,-115.99135638297805,True
confidence_no_high_vol,0.43108233117483813,1.25,18.75,30.0,True,0.0,16267,3116997.0000000005,4.941877173796544,0.5653162845023667,191.61474150119878,-7661.25,424.93869617224885,-111.82848960543068,True
confidence_threshold,0.43108233117483813,1.0,11.25,30.0,True,0.5,32080,3109091.865000003,2.9882522607779487,0.5929551122194514,96.9168287094764,-8897.445000000182,245.65360897907698,-119.75272514933367,True
confidence_no_after_2pm,0.435759209344115,1.25,22.5,22.5,True,0.0,11317,3108390.9374999995,7.496226815822854,0.6390386144738005,274.66563024653175,-6553.5,495.97382293971214,-117.13384332925314,True
confidence_and_adx,0.43108233117483813,1.0,18.75,22.5,True,0.5,20899,3095769.5775000025,4.050005525590835,0.5299775108856883,148.13003385329452,-6163.965000000317,371.14248442578554,-103.32938817061985,True
confidence_no_high_vol,0.43108233117483813,1.25,18.75,22.5,True,0.0,16267,3087878.625000001,4.905052929900721,0.5653162845023667,189.824714145202,-7661.25,421.7722787081341,-111.82848960543068,True
confidence_no_high_vol,0.43108233117483813,1.25,22.5,15.0,True,0.0,16267,3082724.0624999995,4.898534267143054,0.5653162845023667,189.50784179627465,-9462.0,421.2117564702044,-111.82848960543068,True
confidence_no_after_2pm,0.43108233117483813,1.0,22.5,30.0,True,0.0,18603,3076704.5999999987,4.400562622228087,0.5473310756329625,165.3875503950975,-11827.200000001118,391.0300530347671,-107.7997617061837,True
confidence_no_after_2pm,0.435759209344115,1.25,22.5,30.0,True,0.5,11317,3068079.2437499994,7.342127808507013,0.6258725810727225,271.10358255279664,-6943.087500000256,501.4599825285893,-114.25645075578626,True
confidence_threshold,0.435759209344115,1.0,18.75,15.0,True,0.5,18447,3063807.5625000037,4.684034055310499,0.5687645687645687,166.08703651000184,-8859.240000000224,371.2783365897827,-104.54365116279027,True
confidence_threshold,0.43108233117483813,1.0,11.25,22.5,True,0.5,32080,3053955.0150000034,2.9529924577792768,0.5929551122194514,95.1980989713218,-8968.245000000112,242.75502575964686,-119.75272514933367,True
confidence_and_adx,0.435759209344115,1.25,15.0,22.5,True,0.0,12701,3053475.750000006,6.834447781898687,0.6447523817022282,240.41223132036896,-4527.0,436.78455855415837,-115.99135638297805,True
confidence_threshold,0.435759209344115,1.0,15.0,30.0,True,0.0,18447,3052281.000000004,4.741415272100411,0.5875210061256573,165.46218897381712,-8020.200000000419,356.90073814356896,-107.5272439699481,True
confidence_no_after_2pm,0.435759209344115,1.25,22.5,22.5,True,0.5,11317,3036061.5562499994,7.27594299053939,0.6258725810727225,268.27441514977465,-6943.087500000256,496.9396256882675,-114.25645075578626,True
confidence_and_adx,0.43108233117483813,1.0,15.0,30.0,True,0.0,20899,3032460.000000003,4.049661309650963,0.5497392219723432,145.10072252260886,-5726.400000000605,350.4934807206895,-106.00848614072477,True
confidence_and_adx,0.43108233117483813,1.0,18.75,15.0,True,0.5,20899,3029536.290000002,3.984751349594901,0.5299775108856883,144.9608253983445,-6163.965000000317,365.1625920910077,-103.32938817061985,True
confidence_no_high_vol,0.43108233117483813,1.25,22.5,30.0,True,0.5,16267,3029521.3687499994,4.773182214061271,0.5471199360668839,186.23725141390543,-10197.449999999488,430.610136235955,-108.98721918691459,True
confidence_no_high_vol,0.43108233117483813,1.25,22.5,22.5,True,0.5,16267,3018207.4312499994,4.759091028507557,0.5471199360668839,185.54173672158353,-10197.449999999488,429.3389073033707,-108.98721918691459,True
confidence_no_high_vol,0.43108233117483813,1.25,18.75,15.0,True,0.0,16267,3012954.2812500005,4.810300653786946,0.5653162845023667,185.21880378988138,-7661.25,413.6247859123533,-111.82848960543068,True
confidence_no_after_2pm,0.435759209344115,1.25,22.5,15.0,True,0.0,11317,3011093.437499999,7.29288475193147,0.6390386144738005,266.0681662543076,-6553.5,482.52007570519885,-117.13384332925314,True
confidence_no_after_2pm,0.43108233117483813,1.0,22.5,22.5,True,0.0,18603,3010089.749999999,4.3269358044324076,0.5473310756329625,161.80668440574095,-12569.700000001118,384.4876399528579,-107.7997617061837,True
confidence_no_high_vol,0.43108233117483813,1.25,22.5,15.0,True,0.5,16267,2988467.30625,4.722050553450515,0.5471199360668839,183.71348781274972,-10197.449999999488,425.99732022471903,-108.98721918691459,True
confidence_no_after_2pm,0.435759209344115,1.25,22.5,15.0,True,0.5,11317,2987412.8062499994,7.175379554685304,0.6258725810727225,263.9756831536626,-6943.087500000256,490.0712436467596,-114.25645075578626,True
confidence_no_after_2pm,0.435759209344115,1.25,18.75,30.0,True,0.0,11317,2983705.5,7.235646696102923,0.6390386144738005,263.64809578510204,-5156.25,478.7330268252211,-117.13384332925314,True
confidence_threshold,0.435759209344115,1.0,15.0,22.5,True,0.0,18447,2977589.700000005,4.649860408536725,0.5875210061256573,161.41322166205913,-8020.200000000419,350.0091252998709,-107.5272439699481,True
confidence_no_high_vol,0.43108233117483813,1.25,18.75,30.0,True,0.5,16267,2970555.2062500007,4.69974154522445,0.5471199360668839,182.6123566883876,-7908.356249999488,423.98472471910117,-108.98721918691459,True
confidence_no_high_vol,0.43108233117483813,1.25,18.75,22.5,True,0.5,16267,2955996.0187500007,4.681608493616747,0.5471199360668839,181.7173430103892,-7908.356249999488,422.34886095505624,-108.98721918691459,True
confidence_threshold,0.43108233117483813,1.0,11.25,15.0,True,0.5,32080,2954882.265000004,2.889635816122441,0.5929551122194514,92.10979629052382,-9544.155000001076,237.54670118809813,-119.75272514933367,True
confidence_and_adx,0.43108233117483813,1.0,15.0,22.5,True,0.0,20899,2953865.700000004,3.9706211917700687,0.5497392219723432,141.34004976314674,-5726.400000000722,343.65265036121525,-106.00848614072477,True
confidence_no_after_2pm,0.43108233117483813,1.0,22.5,30.0,True,0.5,18603,2950014.404999999,4.199777501575053,0.5288394344998119,158.57734800838568,-12543.735000000452,393.571661923155,-105.18466685681692,True
confidence_and_adx,0.435759209344115,1.25,15.0,15.0,True,0.0,12701,2946426.000000006,6.629901806237898,0.6447523817022282,231.98378080466154,-4527.0,423.71217486872666,-115.99135638297805,True
confidence_no_after_2pm,0.43108233117483813,1.0,18.75,30.0,True,0.0,18603,2922336.3,4.229945309458804,0.5473310756329625,157.0895178197065,-8620.500000001048,375.86915144372415,-107.7997617061837,True
confidence_no_after_2pm,0.435759209344115,1.25,18.75,22.5,True,0.0,11317,2919110.343750001,7.10064926668016,0.6390386144738005,257.9402972298313,-5156.25,469.8011744676438,-117.13384332925314,True
confidence_no_high_vol,0.43108233117483813,1.25,18.75,15.0,True,0.5,16267,2918533.8468750007,4.6349504300437605,0.5471199360668839,179.4143878327289,-7908.356249999488,418.1396281601124,-108.98721918691459,True
confidence_no_after_2pm,0.43108233117483813,1.0,22.5,22.5,True,0.5,18603,2916706.9799999995,4.163650102003796,0.5288394344998119,156.78691501370744,-12914.985000000452,390.1860728806667,-105.18466685681692,True
confidence_no_after_2pm,0.43108233117483813,1.0,22.5,15.0,True,0.0,18603,2905586.0999999987,4.21143196110718,0.5473310756329625,156.18911465892592,-13132.200000001118,374.22407189157326,-107.7997617061837,True
confidence_no_after_2pm,0.43108233117483813,1.25,11.25,30.0,True,0.5,18603,2900669.718750001,4.306331013344912,0.5976992958125034,155.92483571198198,-4465.106249999684,339.7767278981923,-117.22444130812399,True
confidence_no_high_vol,0.43108233117483813,1.25,15.0,30.0,True,0.0,16267,2886243.750000001,4.650057525284093,0.5653162845023667,177.42938157004986,-6982.5,399.8459112657679,-111.82848960543068,True
confidence_no_after_2pm,0.43108233117483813,1.0,22.5,15.0,True,0.5,18603,2864455.154999999,4.106974373991127,0.5288394344998119,153.9781301402999,-13196.235000000452,384.8748485464525,-105.18466685681692,True
confidence_no_after_2pm,0.43108233117483813,1.25,11.25,22.5,True,0.5,18603,2856753.468750001,4.256273035897077,0.5976992958125034,153.5641277616514,-4465.106249999684,335.8270696555446,-117.22444130812399,True
confidence_no_after_2pm,0.43108233117483813,1.0,18.75,22.5,True,0.0,18603,2850651.0,4.150714319345809,0.5473310756329625,153.23609095307208,-9212.100000000908,368.82875662934583,-107.7997617061837,True
confidence_threshold,0.435759209344115,1.0,15.0,15.0,True,0.0,18447,2850347.400000005,4.493889747749863,0.5875210061256573,154.51549845503362,-7985.100000000326,338.26873961985615,-107.5272439699481,True
confidence_no_high_vol,0.43108233117483813,1.25,15.0,22.5,True,0.0,16267,2846846.250000002,4.600233895054533,0.5653162845023667,175.00745374070215,-6982.5,395.56171161374533,-111.82848960543068,True
confidence_no_after_2pm,0.435759209344115,1.25,18.75,30.0,True,0.5,11317,2831999.8687500004,6.854120345123368,0.6258725810727225,250.24298566316165,-5135.831250000163,468.12956109699275,-114.25645075578626,True
confidence_and_adx,0.435759209344115,1.25,15.0,30.0,True,0.5,12701,2830918.8562500044,6.344986448166424,0.6305802692701362,222.88944620502357,-4344.5062499996275,419.5978149581722,-112.88150975063868,True
confidence_and_adx,0.43108233117483813,1.0,15.0,15.0,True,0.0,20899,2819059.5000000037,3.835050317812598,0.5497392219723432,134.88968371692442,-5691.300000000745,331.91914875097933,-106.00848614072477,True
confidence_no_after_2pm,0.435759209344115,1.25,18.75,15.0,True,0.0,11317,2813884.406250001,6.880737559738504,0.6390386144738005,248.64225556684642,-5156.25,455.2511278000553,-117.13384332925314,True
confidence_no_after_2pm,0.435759209344115,1.25,18.75,22.5,True,0.5,11317,2799702.290625001,6.787356956012328,0.6258725810727225,247.38908638552627,-5135.831250000163,463.5696884265142,-114.25645075578626,True
confidence_and_adx,0.435759209344115,1.25,15.0,22.5,True,0.5,12701,2797299.731250005,6.281511026704771,0.6305802692701362,220.24247943075386,-4469.7562499996275,415.40014670995146,-112.88150975063868,True
confidence_and_adx,0.435759209344115,1.25,11.25,30.0,True,0.0,12701,2794026.375000006,6.338779783145211,0.6463270608613495,219.98475513739123,-3739.875,404.11400596905867,-116.5061219946565,True
confidence_no_after_2pm,0.43108233117483813,1.25,11.25,15.0,True,0.5,18603,2781271.8281250005,4.170235219277217,0.5976992958125034,149.50662947508468,-4465.106249999684,329.0385418540337,-117.22444130812399,True
confidence_no_after_2pm,0.43108233117483813,1.0,18.75,30.0,True,0.5,18603,2751626.58,3.9845931628323386,0.5288394344998119,147.91305595871634,-9147.225000000326,373.4061989225452,-105.18466685681692,True
confidence_no_high_vol,0.43108233117483813,1.25,15.0,15.0,True,0.0,16267,2750008.125000002,4.477768588064903,0.5653162845023667,169.05441230712498,-6982.5,385.0312500000002,-111.82848960543068,True
confidence_no_after_2pm,0.435759209344115,1.25,18.75,15.0,True,0.5,11317,2747089.321875001,6.678598952816282,0.6258725810727225,242.74006555403383,-5135.831250000163,456.141625635324,-114.25645075578626,True
confidence_and_adx,0.435759209344115,1.25,15.0,15.0,True,0.5,12701,2743774.856250005,6.180452061032483,0.6305802692701362,216.02825417290015,-4469.7562499996275,408.7170558122114,-112.88150975063868,True
confidence_no_after_2pm,0.435759209344115,1.25,15.0,30.0,True,0.0,11317,2742907.500000001,6.73240290976805,0.6390386144738005,242.3705487319962,-5156.25,445.43684319690266,-117.13384332925314,True
confidence_no_after_2pm,0.43108233117483813,1.0,18.75,15.0,True,0.0,18603,2729993.0250000004,4.01735572526475,0.5473310756329625,146.75014916948882,-9751.425000001094,356.9786314083677,-107.7997617061837,True
confidence_and_adx,0.435759209344115,1.25,11.25,22.5,True,0.0,12701,2729580.0000000065,6.2156217576484085,0.6459333910715692,214.91063695772038,-3849.75,396.50499756216516,-116.37691794529619,True
confidence_threshold,0.435759209344115,1.0,15.0,30.0,True,0.5,18447,2725391.325000004,4.277110017691526,0.5687645687645687,147.7417100341521,-8008.230000000214,339.0236437285551,-104.54365116279027,True
confidence_no_after_2pm,0.43108233117483813,1.0,18.75,22.5,True,0.5,18603,2715783.9299999997,3.945715893327335,0.5288394344998119,145.98634252539912,-9443.025000000256,369.76291268550517,-105.18466685681692,True
confidence_and_adx,0.43108233117483813,1.0,15.0,30.0,True,0.5,20899,2711662.5900000017,3.6715767036243374,0.5299775108856883,129.75082970477064,-5653.364999999991,336.4632692307693,-103.32938817061985,True
confidence_no_high_vol,0.43108233117483813,1.25,15.0,30.0,True,0.5,16267,2694485.343750001,4.355904427662497,0.5471199360668839,165.64119651748945,-7196.137499999488,392.9656390449439,-108.98721918691459,True
confidence_threshold,0.435759209344115,1.0,15.0,22.5,True,0.5,18447,2688045.6750000035,4.232204244854592,0.5687645687645687,145.71722637827307,-8008.230000000214,335.46420320244,-104.54365116279027,True
confidence_no_high_vol,0.43108233117483813,1.25,15.0,22.5,True,0.5,16267,2674786.593750001,4.3313701979634,0.5471199360668839,164.43023260281558,-7196.137499999488,390.7522963483147,-108.98721918691459,True
confidence_no_after_2pm,0.435759209344115,1.25,15.0,22.5,True,0.0,11317,2673654.7500000005,6.587671574274802,0.6390386144738005,236.25119289564375,-5156.25,435.86096515486713,-117.13384332925314,True
confidence_and_adx,0.43108233117483813,1.0,15.0,22.5,True,0.5,20899,2672365.4400000023,3.6328604743832837,0.5299775108856883,127.87049332503959,-5653.364999999991,332.9153141928495,-103.32938817061985,True
confidence_threshold,0.435759209344115,1.0,11.25,30.0,True,0.0,18447,2664682.8000000045,4.305490471611342,0.6267685802569524,144.45073995771693,-7355.40000000014,300.19211209133385,-117.18831225468783,True
confidence_no_after_2pm,0.43108233117483813,1.0,18.75,15.0,True,0.5,18603,2655454.9425,3.880279149503943,0.5288394344998119,142.74337163360747,-9712.68750000035,363.63067163041273,-105.18466685681692,True
confidence_no_after_2pm,0.43108233117483813,1.0,15.0,30.0,True,0.0,18603,2643237.599999999,3.9214683087313214,0.5473310756329625,142.08663118851794,-7022.400000000489,348.45816146140237,-107.7997617061837,True
confidence_and_adx,0.43108233117483813,1.0,11.25,30.0,True,0.0,20899,2638822.8000000045,3.6873214272620913,0.5947652997751088,126.26550552658043,-5348.700000000768,291.29329042638807,-116.01521739130425,True
confidence_and_adx,0.435759209344115,1.25,11.25,15.0,True,0.0,12701,2628111.8437500065,6.021774607296496,0.6466419966931738,206.9216474096533,-4098.9375,383.715462528918,-116.60945855614906,True
confidence_no_high_vol,0.43108233117483813,1.25,15.0,15.0,True,0.5,16267,2626367.531250001,4.271065640507216,0.5471199360668839,161.45371188602698,-7196.137499999488,385.31195224719113,-108.98721918691459,True
confidence_threshold,0.435759209344115,1.0,15.0,15.0,True,0.5,18447,2624424.525000004,4.155703851648837,0.5687645687645687,142.26836477476036,-7990.680000000168,329.4004260388868,-104.54365116279027,True
confidence_and_adx,0.43108233117483813,1.0,15.0,15.0,True,0.5,20899,2604962.3400000026,3.5664537789573374,0.5299775108856883,124.64531030192845,-5635.814999999944,326.8298049837487,-103.32938817061985,True
confidence_threshold,0.435759209344115,1.0,11.25,22.5,True,0.0,18447,2592862.5000000047,4.210246118714354,0.6203718761858297,140.55740770857076,-7355.40000000014,297.1466183152745,-115.46581844174372,True
confidence_no_after_2pm,0.435759209344115,1.25,15.0,15.0,True,0.0,11317,2571958.875000001,6.375137345628229,0.6390386144738005,227.26507687549713,-5156.25,421.79903553650445,-117.13384332925314,True
confidence_no_after_2pm,0.43108233117483813,1.0,15.0,22.5,True,0.0,18603,2566793.6999999993,3.836977822047179,0.5473310756329625,137.97740686985966,-7389.000000000466,340.95041249263403,-107.7997617061837,True
confidence_and_adx,0.43108233117483813,1.0,11.25,22.5,True,0.0,20899,2561376.0000000056,3.6042264630686325,0.5890233982487201,122.5597397004644,-5348.700000000652,287.9709017059305,-114.61901876238187,True
confidence_and_adx,0.435759209344115,1.0,22.5,30.0,True,0.0,12701,2560638.1500000027,5.692675477901392,0.5955436579796867,201.6091764428,-5015.999999999534,410.6696390798518,-106.53397110503641,True
confidence_and_adx,0.435759209344115,1.0,22.5,22.5,True,0.0,12701,2508586.8000000026,5.597285157431216,0.5955436579796867,197.5109676403435,-5387.249999999534,403.78818085668956,-106.53397110503641,True
confidence_no_high_vol,0.43108233117483813,1.25,11.25,30.0,True,0.0,16267,2501956.5,4.164135756683594,0.5674678797565623,153.805649474396,-6294.0,356.6980825479363,-112.38253268902787,True
confidence_no_after_2pm,0.435759209344115,1.25,15.0,30.0,True,0.5,11317,2495325.8812500006,6.158170440024151,0.6258725810727225,220.49358321551654,-5135.831250000163,420.59687897077504,-114.25645075578626,True
confidence_threshold,0.435759209344115,1.0,11.25,15.0,True,0.0,18447,2474985.825000005,4.074933769740389,0.6114815417140999,134.16738900634275,-7355.40000000014,290.7692021276598,-112.44632229673056,True
confidence_no_after_2pm,0.435759209344115,1.25,15.0,22.5,True,0.5,11317,2460699.5062500006,6.086593118075035,0.6258725810727225,217.43390529734035,-5135.831250000163,415.70821950444713,-114.25645075578626,True
confidence_no_high_vol,0.43108233117483813,1.25,11.25,22.5,True,0.0,16267,2455714.875000001,4.105646774497986,0.567160509005963,150.96298487735913,-6294.0,351.8795388033818,-112.30304644226673,True
confidence_and_adx,0.435759209344115,1.0,22.5,30.0,True,0.5,12701,2451756.5100000026,5.403217074253913,0.5760176364065822,193.03649397685243,-5143.574999999255,411.23110784581735,-103.40023676880165,True
confidence_no_after_2pm,0.43108233117483813,1.0,15.0,15.0,True,0.0,18603,2442213.0,3.699283591710276,0.5473310756329625,131.2805999032414,-7672.800000000512,328.71502651738365,-107.7997617061837,True
confidence_no_after_2pm,0.435759209344115,1.25,11.25,30.0,True,0.0,11317,2440068.750000001,6.099572086899289,0.6401873287973845,215.61091720420615,-4872.375,402.8369565217391,-117.50613948919425,True
confidence_and_adx,0.43108233117483813,1.0,11.25,15.0,True,0.0,20899,2427998.250000006,3.475431351615558,0.5789750705775396,116.17772381453688,-5439.300000000512,281.72204132231445,-111.61111174328616,True
confidence_and_adx,0.435759209344115,1.0,22.5,22.5,True,0.5,12701,2425730.8350000028,5.356476422781559,0.5760176364065822,190.98738957562418,-5329.199999999255,407.6737438490978,-103.40023676880165,True
confidence_and_adx,0.435759209344115,1.0,22.5,15.0,True,0.0,12701,2421048.000000003,5.436859843091149,0.5955436579796867,190.61869144161898,-5342.249999999534,392.2150978318349,-106.53397110503641,True
confidence_no_after_2pm,0.435759209344115,1.25,15.0,15.0,True,0.5,11317,2409851.5687500006,5.981483669197236,0.6258725810727225,212.940847287267,-5135.831250000163,408.529349322321,-114.25645075578626,True
confidence_and_adx,0.435759209344115,1.0,18.75,30.0,True,0.0,12701,2388957.3000000035,5.3780497996030885,0.5955436579796867,188.09206361703832,-4461.5999999996275,387.9725409836065,-106.53397110503641,True
confidence_and_adx,0.435759209344115,1.0,22.5,15.0,True,0.5,12701,2381961.4350000024,5.277869037168927,0.5760176364065822,187.5412514762619,-5306.699999999255,401.69104838709666,-103.40023676880165,True
confidence_no_after_2pm,0.435759209344115,1.25,11.25,22.5,True,0.0,11317,2379421.125000001,5.972815021137007,0.640010603516833,210.25193293275612,-4872.375,394.5750207096507,-117.44863770250342,True
confidence_no_after_2pm,0.43108233117483813,1.0,15.0,30.0,True,0.5,18603,2373836.294999999,3.5748172470918096,0.5288394344998119,127.6050258022899,-7074.120000000345,335.0050721691401,-105.18466685681692,True
confidence_no_high_vol,0.43108233117483813,1.25,11.25,15.0,True,0.0,16267,2342961.093750001,3.963062709084822,0.5675293539066822,144.03154200221311,-6294.0,339.437158118501,-112.39840085287848,True
confidence_and_adx,0.435759209344115,1.0,18.75,22.5,True,0.0,12701,2337618.825000004,5.283965907778956,0.5955436579796867,184.04998228485977,-4774.499999999534,381.1853285298785,-106.53397110503641,True
confidence_no_after_2pm,0.43108233117483813,1.0,15.0,22.5,True,0.5,18603,2335614.3449999997,3.5333592340498945,0.5288394344998119,125.5504136429608,-7257.420000000275,331.1199379955275,-105.18466685681692,True
confidence_and_adx,0.435759209344115,1.25,11.25,30.0,True,0.5,12701,2320532.7937500044,5.390593584183277,0.6466419966931738,182.70473141878628,-3619.6124999998137,346.89595762815065,-117.76374916443787,True
confidence_and_adx,0.435759209344115,1.25,11.25,22.5,True,0.5,12701,2288309.6062500044,5.329625292470062,0.6466419966931738,180.16767232895083,-3674.5499999998137,342.97252069889225,-117.76374916443787,True
confidence_no_after_2pm,0.435759209344115,1.25,11.25,15.0,True,0.0,11317,2285198.625000001,5.775926875106795,0.640629141998763,201.92618405937978,-5107.3125,381.19743103448275,-117.65004917629676,True
confidence_no_after_2pm,0.43108233117483813,1.0,11.25,30.0,True,0.0,18603,2280475.2000000007,3.54963678600729,0.5894748158899102,122.58642154491214,-6496.800000000629,289.52276126208284,-117.21024767396146,True
confidence_no_after_2pm,0.43108233117483813,1.0,15.0,15.0,True,0.5,18603,2273323.9949999996,3.465795068886018,0.5288394344998119,122.20201015965165,-7399.320000000298,324.78833096157757,-105.18466685681692,True
confidence_and_adx,0.435759209344115,1.0,18.75,15.0,True,0.0,12701,2245164.0750000044,5.114531527470084,0.5955436579796867,176.77065388552117,-4748.4749999996275,368.9623314383925,-106.53397110503641,True
confidence_and_adx,0.435759209344115,1.0,18.75,30.0,True,0.5,12701,2241898.0650000037,5.026323086440918,0.5760176364065822,176.51350799149702,-4555.829999999376,382.5462465828323,-103.40023676880165,True
confidence_no_after_2pm,0.435759209344115,1.0,22.5,30.0,True,0.0,11317,2239172.249999999,5.505182774826202,0.593620217372095,197.85917204206052,-7726.800000000629,407.29289222983,-108.42526178010449,True
confidence_and_adx,0.435759209344115,1.25,11.25,15.0,True,0.5,12701,2237575.528125005,5.233633234734429,0.6466419966931738,176.17317755491732,-3799.1437499998137,336.795231264459,-117.76374916443787,True
confidence_and_adx,0.435759209344115,1.0,18.75,22.5,True,0.5,12701,2216228.827500004,4.980222576711639,0.5760176364065822,174.49246732540774,-4674.254999999423,379.0376028567524,-103.40023676880165,True
confidence_no_after_2pm,0.43108233117483813,1.0,11.25,22.5,True,0.0,18603,2210209.200000001,3.467348349466704,0.5837230554211686,118.80928882438323,-6870.300000000629,286.029321300304,-115.80907563025205,True
confidence_no_after_2pm,0.435759209344115,1.0,22.5,22.5,True,0.0,11317,2187943.9499999993,5.402112162574899,0.593620217372095,193.33250419722535,-8098.050000000629,399.66736379874936,-108.42526178010449,True
confidence_no_high_vol,0.43108233117483813,1.25,11.25,30.0,True,0.5,16267,2183337.58125,3.7255434477944656,0.5675293539066822,134.21882223212637,-6358.6875,323.26718208405543,-113.8685207889126,True
confidence_and_adx,0.435759209344115,1.0,18.75,15.0,True,0.5,12701,2170001.452500004,4.897200805965759,0.5760176364065822,170.85280312573843,-4661.242499999236,372.7189348687808,-103.40023676880165,True
confidence_and_adx,0.435759209344115,1.0,15.0,30.0,True,0.0,12701,2161264.8000000045,4.960776077717762,0.5955436579796867,170.16493189512673,-4686.5999999996275,357.8704124801693,-106.53397110503641,True
confidence_no_high_vol,0.43108233117483813,1.25,11.25,22.5,True,0.5,16267,2160216.7687500003,3.6966808570717884,0.5675293539066822,132.79748993360795,-6358.6875,320.7627613193241,-113.8685207889126,True
confidence_no_after_2pm,0.435759209344115,1.0,22.5,30.0,True,0.5,11317,2155694.5949999997,5.257885242722737,0.5752407881947512,190.48286604223733,-8349.46500000055,408.905917050691,-105.32201477012676,True
confidence_threshold,0.435759209344115,1.0,11.25,30.0,True,0.5,18447,2130407.8800000036,3.6304961936599214,0.6363094270071015,115.48804033176145,-7297.665000000154,250.49378940194245,-120.71668206886237,True
confidence_no_after_2pm,0.435759209344115,1.0,22.5,22.5,True,0.5,11317,2130080.4449999994,5.207292681261178,0.5752407881947512,188.2195321198197,-8535.09000000055,404.97133179723477,-105.32201477012676,True
confidence_and_adx,0.43108233117483813,1.0,11.25,30.0,True,0.5,20899,2115457.8000000026,3.140497662733308,0.6028518110914398,101.22291975692629,-5250.540000000037,246.34968251448538,-119.07251204819265,True
confidence_no_after_2pm,0.435759209344115,1.0,22.5,15.0,True,0.0,11317,2110105.9499999993,5.2455032117329425,0.593620217372095,186.45453300344607,-8053.050000000629,388.0808797261087,-108.42526178010449,True
confidence_and_adx,0.435759209344115,1.0,15.0,22.5,True,0.0,12701,2107474.200000005,4.862198373733464,0.5955436579796867,165.92978505629517,-4886.999999999767,350.7590163934428,-106.53397110503641,True
confidence_no_high_vol,0.43108233117483813,1.25,11.25,15.0,True,0.5,16267,2103839.8781250007,3.626303437579004,0.5675293539066822,129.33176849603495,-6358.6875,314.65607905925054,-113.8685207889126,True
confidence_no_high_vol,0.43108233117483813,1.0,22.5,30.0,True,0.0,16267,2102416.9499999993,3.529502138220586,0.5096821786438802,129.24429519886883,-12896.999999999534,353.8264805210468,-104.57453447408146,True
confidence_threshold,0.435759209344115,1.0,11.25,22.5,True,0.5,18447,2094497.7300000032,3.586156556271444,0.6363094270071015,113.54137420718834,-7297.665000000154,247.434482024195,-120.71668206886237,True
confidence_no_after_2pm,0.435759209344115,1.0,22.5,15.0,True,0.5,11317,2091161.4449999994,5.130420643753693,0.5752407881947512,184.78054652293005,-8512.59000000055,398.99299078341,-105.32201477012676,True
confidence_no_after_2pm,0.43108233117483813,1.0,11.25,15.0,True,0.0,18603,2089438.575000001,3.338929298032767,0.574154706230178,112.31729156587652,-7528.875000000466,279.2594139125551,-112.93694374209856,True
confidence_no_after_2pm,0.435759209344115,1.0,18.75,30.0,True,0.0,11317,2088195.6000000003,5.2014198986200695,0.593620217372095,184.5184766280817,-5124.90000000014,384.8194403096159,-108.42526178010449,True
confidence_no_high_vol,0.43108233117483813,1.0,22.5,22.5,True,0.0,16267,2084314.6499999997,3.507722535199068,0.5096821786438802,128.13147169115385,-13639.499999999534,351.6431130141116,-104.57453447408146,True
confidence_and_adx,0.43108233117483813,1.0,11.25,22.5,True,0.5,20899,2076734.4000000032,3.101315908697333,0.6028518110914398,99.37003684386828,-5250.540000000037,243.27615286927553,-119.07251204819265,True
confidence_no_high_vol,0.43108233117483813,1.0,18.75,30.0,True,0.0,16267,2064148.8000000003,3.483460192425417,0.5096821786438802,126.89179320095901,-9952.199999999488,349.21085514413215,-104.57453447408146,True
confidence_no_high_vol,0.43108233117483813,1.0,18.75,22.5,True,0.0,16267,2040854.1000000008,3.455433404751732,0.5096821786438802,125.4597713161616,-10543.799999999348,346.4012181883971,-104.57453447408146,True
confidence_no_high_vol,0.43108233117483813,1.0,22.5,15.0,True,0.0,16267,2036730.4499999997,3.4504720760808065,0.5096821786438802,125.20627343701972,-14528.249999999534,345.9038535761669,-104.57453447408146,True
confidence_no_after_2pm,0.435759209344115,1.0,18.75,22.5,True,0.0,11317,2036519.475000001,5.097448268827066,0.593620217372095,179.95223778386506,-5124.90000000014,377.1272514141113,-108.42526178010449,True
confidence_threshold,0.435759209344115,1.0,11.25,15.0,True,0.5,18447,2035559.3925000038,3.513383133909529,0.6363094270071015,110.34636485607436,-7297.665000000154,242.41332531095603,-120.71668206886237,True
confidence_no_after_2pm,0.435759209344115,1.25,11.25,30.0,True,0.5,11317,2027212.7812500012,5.198346181588029,0.640629141998763,179.1298737518778,-4688.681250000023,346.21691379310346,-118.72629548807451,True
confidence_and_adx,0.435759209344115,1.0,15.0,15.0,True,0.0,12701,2021834.4000000048,4.705253203877122,0.5955436579796867,159.18702464372922,-4886.999999999767,339.4369910100478,-106.53397110503641,True
confidence_and_adx,0.43108233117483813,1.0,11.25,15.0,True,0.5,20899,2010045.5250000036,3.0338376630581085,0.6028518110914398,96.17902890090453,-5250.540000000037,237.9829649178508,-119.07251204819265,True
confidence_no_after_2pm,0.435759209344115,1.25,11.25,22.5,True,0.5,11317,1996888.9687500012,5.135545737748056,0.640629141998763,176.45038161615278,-4688.681250000023,342.03431896551723,-118.72629548807451,True
confidence_no_high_vol,0.43108233117483813,1.0,22.5,30.0,True,0.5,16267,1994168.295,3.3473844572062412,0.48810475195180425,122.58980113112436,-14710.275000000722,358.14811964735503,-102.02086886033379,True
confidence_no_high_vol,0.43108233117483813,1.0,22.5,22.5,True,0.5,16267,1985117.145,3.3367301263340106,0.48810475195180425,122.03338937726686,-15081.525000001537,357.008176322418,-102.02086886033379,True
confidence_no_high_vol,0.43108233117483813,1.0,18.75,15.0,True,0.0,16267,1980914.6250000007,3.3833178188417543,0.5096821786438802,121.77504303190513,-11369.999999999534,339.17175551803166,-104.57453447408146,True
confidence_no_after_2pm,0.435759209344115,1.0,18.75,30.0,True,0.5,11317,1966831.0950000004,4.884845800399061,0.5752407881947512,173.79438853052932,-5326.320000000182,379.89462672811055,-105.32201477012676,True
confidence_no_high_vol,0.43108233117483813,1.0,22.5,15.0,True,0.5,16267,1961325.0449999997,3.3087238613240175,0.48810475195180425,120.57079025019978,-15525.900000002235,354.01169017632236,-102.02086886033379,True
confidence_no_after_2pm,0.435759209344115,1.0,18.75,15.0,True,0.0,11317,1952338.7250000008,4.928077795040626,0.593620217372095,172.51380445347715,-5124.90000000014,364.5966247395058,-108.42526178010449,True
confidence_no_after_2pm,0.435759209344115,1.25,11.25,15.0,True,0.5,11317,1949777.718750001,5.037978605981365,0.640629141998763,172.2875071794646,-4806.150000000023,335.5362155172414,-118.72629548807451,True
confidence_no_high_vol,0.43108233117483813,1.0,18.75,30.0,True,0.5,16267,1946995.3650000005,3.291856043200002,0.48810475195180425,119.68988535071006,-11345.085000001709,352.2069445843828,-102.02086886033379,True
confidence_no_after_2pm,0.435759209344115,1.0,18.75,22.5,True,0.5,11317,1940993.0325000007,4.8338109714049775,0.5752407881947512,171.51126910842103,-5326.320000000182,375.92564631336404,-105.32201477012676,True
confidence_no_high_vol,0.43108233117483813,1.0,18.75,22.5,True,0.5,16267,1935348.0150000006,3.278145661570632,0.48810475195180425,118.97387440831135,-11640.88500000129,350.740023929471,-102.02086886033379,True
confidence_and_adx,0.435759209344115,1.0,15.0,30.0,True,0.5,12701,1929428.6850000035,4.465145618945366,0.5760176364065822,151.91155696401887,-4742.805000000866,339.83583378895577,-103.40023676880165,True
confidence_no_high_vol,0.43108233117483813,1.0,18.75,15.0,True,0.5,16267,1905378.2775000008,3.2428675477973647,0.48810475195180425,117.13151026618311,-12053.9850000015,346.9654977959697,-102.02086886033379,True
confidence_and_adx,0.435759209344115,1.0,15.0,22.5,True,0.5,12701,1902533.385000004,4.416843169785282,0.5760176364065822,149.7939835446031,-4843.00500000082,336.1596036085293,-103.40023676880165,True
confidence_and_adx,0.435759209344115,1.0,11.25,30.0,True,0.0,12701,1899914.7000000048,4.5257685871091615,0.6364065821588851,149.58780410991298,-4232.699999999721,301.7171965854265,-116.81452417082107,True
confidence_no_after_2pm,0.435759209344115,1.0,18.75,15.0,True,0.5,11317,1898902.6575000007,4.750674896847456,0.5752407881947512,167.79205244322705,-5326.320000000182,369.46015092165896,-105.32201477012676,True
confidence_no_after_2pm,0.435759209344115,1.0,15.0,30.0,True,0.0,11317,1895557.2000000002,4.813834172935017,0.593620217372095,167.4964389855969,-5121.599999999977,356.1444775230723,-108.42526178010449,True
confidence_no_high_vol,0.43108233117483813,1.0,15.0,30.0,True,0.0,16267,1879546.2000000011,3.261357401910397,0.5096821786438802,115.54350525603991,-9628.200000001583,326.9454348088289,-104.57453447408146,True
confidence_and_adx,0.435759209344115,1.0,15.0,15.0,True,0.5,12701,1859713.485000004,4.339941032876978,0.5760176364065822,146.42260333832013,-4843.00500000082,330.3066921815201,-103.40023676880165,True
confidence_and_adx,0.435759209344115,1.0,11.25,22.5,True,0.0,12701,1848357.6000000052,4.423375128212848,0.6300291315644437,145.5285095661763,-4320.5999999996275,298.46040989752595,-115.0484977626246,True
confidence_no_high_vol,0.43108233117483813,1.0,15.0,22.5,True,0.0,16267,1848028.2000000014,3.2234368322572484,0.5096821786438802,113.60596299256171,-9994.80000000156,323.1439633337355,-104.57453447408146,True
confidence_no_after_2pm,0.435759209344115,1.0,15.0,22.5,True,0.0,11317,1840155.0000000005,4.702365733145503,0.593620217372095,162.60095431651501,-5121.599999999977,347.8976481095563,-108.42526178010449,True
confidence_no_after_2pm,0.43108233117483813,1.0,11.25,30.0,True,0.5,18603,1829416.5750000007,3.0339873437301574,0.5976992958125034,98.33986856958559,-6473.520000000019,245.42138231855387,-120.17955304649918,True
confidence_no_after_2pm,0.43108233117483813,1.0,11.25,22.5,True,0.5,18603,1794283.5750000004,2.994925667825493,0.5976992958125034,96.4513022093211,-6660.270000000019,242.2616557244357,-120.17955304649918,True
confidence_no_high_vol,0.43108233117483813,1.0,15.0,15.0,True,0.0,16267,1770557.7000000011,3.130228967186041,0.5096821786438802,108.84352984569995,-10480.2000000017,313.80003618381386,-104.57453447408146,True
confidence_and_adx,0.435759209344115,1.0,11.25,15.0,True,0.0,12701,1767183.0750000053,4.28485252944388,0.6206597905676718,139.13731792772265,-4519.949999999721,292.42198401623784,-111.79954800498699,True
confidence_no_after_2pm,0.435759209344115,1.0,15.0,15.0,True,0.0,11317,1758798.3000000007,4.538677207862689,0.593620217372095,155.4120615003977,-5121.599999999977,335.7873920809764,-108.42526178010449,True
confidence_no_after_2pm,0.43108233117483813,1.0,11.25,15.0,True,0.5,18603,1733898.2625000007,2.9277878911973394,0.5976992958125034,93.20530358006776,-7001.14499999996,236.8308334832269,-120.17955304649918,True
confidence_no_high_vol,0.43108233117483813,1.0,15.0,30.0,True,0.5,16267,1726139.4750000006,3.031881153032344,0.48810475195180425,106.11295721399155,-10471.905000001192,324.3913413098237,-102.02086886033379,True
confidence_no_high_vol,0.43108233117483813,1.0,15.0,22.5,True,0.5,16267,1710380.475000001,3.0133308472462854,0.48810475195180425,105.14418608225247,-10655.205000001122,322.406580604534,-102.02086886033379,True
confidence_no_after_2pm,0.435759209344115,1.0,15.0,30.0,True,0.5,11317,1697491.9050000003,4.352852370045865,0.5752407881947512,149.9948665724132,-5123.579999999958,338.5214792626728,-105.32201477012676,True
confidence_no_high_vol,0.435759209344115,1.25,22.5,30.0,True,0.0,6985,1692381.3750000023,6.8699040112377645,0.6299212598425197,242.2879563350039,-9795.0,450.1582670454545,-111.53384912959291,True
confidence_no_high_vol,0.435759209344115,1.25,22.5,22.5,True,0.0,6985,1680685.1250000023,6.829336402892725,0.6299212598425197,240.61347530422367,-9795.0,447.50002840909093,-111.53384912959291,True
confidence_no_high_vol,0.43108233117483813,1.0,15.0,15.0,True,0.5,16267,1671645.2250000008,2.967734633514486,0.48810475195180425,102.76296950882158,-10897.905000001192,317.52808564231736,-102.02086886033379,True
confidence_no_after_2pm,0.435759209344115,1.0,15.0,22.5,True,0.5,11317,1669790.8050000004,4.298137706303255,0.5752407881947512,147.54712423787225,-5123.579999999958,334.26631797235024,-105.32201477012676,True
confidence_no_after_2pm,0.435759209344115,1.0,11.25,30.0,True,0.0,11317,1653286.2000000011,4.362400350458886,0.6304674383670584,146.08873376336496,-4894.5,300.62850735809394,-117.71563322959045,True
confidence_no_high_vol,0.435759209344115,1.25,18.75,30.0,True,0.0,6985,1647270.3750000033,6.713439727381568,0.6299212598425197,235.82968861846862,-6964.125,439.90576704545475,-111.53384912959291,True
confidence_no_high_vol,0.435759209344115,1.25,22.5,15.0,True,0.0,6985,1646862.1875000023,6.712023958170805,0.6299212598425197,235.77125089477485,-9795.0,439.8129971590909,-111.53384912959291,True
confidence_no_high_vol,0.435759209344115,1.25,18.75,22.5,True,0.0,6985,1634599.9687500037,6.669493327610485,0.6299212598425197,234.015743557624,-6964.125,437.02612926136396,-111.53384912959291,True
confidence_no_after_2pm,0.435759209344115,1.0,15.0,15.0,True,0.5,11317,1629112.4550000005,4.217790635542375,0.5752407881947512,143.9526778298136,-5123.579999999958,328.01772350230414,-105.32201477012676,True
confidence_no_high_vol,0.435759209344115,1.25,22.5,30.0,True,0.5,6985,1624145.3812500024,6.545077547531767,0.612168933428776,232.5190238010025,-10188.975000000442,448.3264660313376,-108.12055647840425,True
confidence_no_high_vol,0.435759209344115,1.25,22.5,22.5,True,0.5,6985,1618297.2562500024,6.525111165822944,0.612168933428776,231.68178328561237,-10188.975000000442,446.9588034962581,-108.12055647840425,True
confidence_no_after_2pm,0.435759209344115,1.0,11.25,22.5,True,0.0,11317,1604768.100000001,4.257814403203968,0.624016965626933,141.8015463462049,-4894.5,296.99214103653355,-115.93090138856181,True
confidence_no_high_vol,0.435759209344115,1.25,22.5,15.0,True,0.5,6985,1601385.7875000027,6.4673728581911245,0.612168933428776,229.260671080888,-10188.975000000442,443.00382951356397,-108.12055647840425,True
confidence_no_high_vol,0.435759209344115,1.25,18.75,15.0,True,0.0,6985,1594644.281250004,6.530909877217685,0.6299212598425197,228.29553060128904,-6964.125,427.94529119318213,-111.53384912959291,True
confidence_no_high_vol,0.43108233117483813,1.0,11.25,30.0,True,0.0,16267,1572116.4,2.9193943367408592,0.564209749800209,96.64451957951681,-8268.900000002468,260.5344737415558,-115.540837917901,True
confidence_no_high_vol,0.435759209344115,1.25,18.75,30.0,True,0.5,6985,1571861.6812500032,6.366573101859082,0.612168933428776,225.03388421617797,-7197.843750000582,436.0992209424697,-108.12055647840425,True
confidence_no_high_vol,0.435759209344115,1.25,18.75,22.5,True,0.5,6985,1565526.4781250034,6.344943761891712,0.612168933428776,224.1269116857557,-7197.843750000582,434.6176486494388,-108.12055647840425,True
confidence_no_high_vol,0.435759209344115,1.25,18.75,15.0,True,0.5,6985,1545548.6343750036,6.276736387043924,0.612168933428776,221.26680520758822,-7197.843750000582,429.94556171071105,-108.12055647840425,True
confidence_no_high_vol,0.43108233117483813,1.0,11.25,22.5,True,0.0,16267,1535123.1000000006,2.8722597985731966,0.5608286715436159,94.37038790188728,-8642.400000002352,258.14465636303856,-114.78798824023521,True
confidence_no_after_2pm,0.435759209344115,1.0,11.25,15.0,True,0.0,11317,1529390.1000000008,4.115653970712182,0.6150039763188124,135.14094724750382,-5067.900000000023,290.2676724137931,-112.84434482758599,True
confidence_and_adx,0.435759209344115,1.0,11.25,30.0,True,0.5,12701,1521119.8350000037,3.810112231862235,0.6466419966931738,119.76378513502902,-4136.490000000456,251.1167661025205,-120.61099933155029,True
confidence_no_high_vol,0.435759209344115,1.25,15.0,30.0,True,0.0,6985,1515468.7500000033,6.256295197960618,0.6299212598425197,216.96045096635694,-6238.5,409.95085227272756,-111.53384912959291,True
confidence_no_high_vol,0.435759209344115,1.25,15.0,22.5,True,0.0,6985,1498861.5000000037,6.198694136621459,0.6299212598425197,214.5828919112389,-6238.5,406.1764772727276,-111.53384912959291,True
confidence_and_adx,0.435759209344115,1.0,11.25,22.5,True,0.5,12701,1495341.2850000039,3.7624890157237965,0.6466419966931738,117.73413786316068,-4180.44000000041,247.97801655911377,-120.61099933155029,True
confidence_and_adx,0.435759209344115,1.0,11.25,15.0,True,0.5,12701,1454754.0225000037,3.6875082284217537,0.6466419966931738,114.53854204393384,-4280.115000000456,243.0361850115672,-120.61099933155029,True
confidence_no_high_vol,0.435759209344115,1.25,15.0,15.0,True,0.0,6985,1454684.2500000037,6.045468497997036,0.6299212598425197,208.25830350751664,-6194.625,396.1361931818185,-111.53384912959291,True
confidence_no_high_vol,0.43108233117483813,1.0,11.25,15.0,True,0.0,16267,1444920.0750000007,2.764299099672327,0.5508698592241962,88.82523360177049,-10197.750000002212,252.6388684298629,-112.1732399671278,True
confidence_no_high_vol,0.435759209344115,1.25,15.0,30.0,True,0.5,6985,1416044.0062500034,5.834588033819101,0.612168933428776,202.72641463851159,-6218.3062500003725,399.65916598456505,-108.12055647840425,True
confidence_no_high_vol,0.435759209344115,1.25,15.0,22.5,True,0.5,6985,1407740.3812500034,5.806238204375148,0.612168933428776,201.53763511095252,-6218.3062500003725,397.71725181244165,-108.12055647840425,True
confidence_no_high_vol,0.435759209344115,1.25,15.0,15.0,True,0.5,6985,1385651.7562500034,5.730824303650891,0.612168933428776,198.3753409090914,-6196.3687500003725,392.55153034377935,-108.12055647840425,True
confidence_no_after_2pm,0.435759209344115,1.0,11.25,30.0,True,0.5,11317,1323001.425000001,3.68000311147419,0.640629141998763,116.90389900150225,-4727.745000000112,250.57353103448278,-121.38103639045961,True
confidence_no_high_vol,0.43108233117483813,1.0,11.25,30.0,True,0.5,16267,1317221.265,2.5935875336622836,0.5675293539066822,80.97505778570111,-9080.10000000114,232.21374566724435,-117.49481663113008,True
confidence_no_high_vol,0.435759209344115,1.25,11.25,30.0,True,0.0,6985,1312351.5000000019,5.55190408182913,0.6319255547602004,187.8813886900504,-5228.25,362.63247621205244,-112.13856476079252,True
confidence_no_after_2pm,0.435759209344115,1.0,11.25,22.5,True,0.5,11317,1298742.375000001,3.630861569936237,0.640629141998763,114.76030529292224,-4727.745000000112,247.2274551724138,-121.38103639045961,True
confidence_no_high_vol,0.43108233117483813,1.0,11.25,22.5,True,0.5,16267,1298724.6150000002,2.571210100471882,0.5675293539066822,79.83799194688635,-9266.850000001024,230.2102090554593,-117.49481663113008,True
confidence_no_high_vol,0.435759209344115,1.25,11.25,22.5,True,0.0,6985,1289882.625000002,5.4739472910646025,0.631496062992126,184.66465640658583,-5228.25,357.7856211743368,-112.00844988344896,True
confidence_no_after_2pm,0.435759209344115,1.0,11.25,15.0,True,0.5,11317,1261053.375000001,3.5545149875670226,0.640629141998763,111.4300057435717,-4821.7200000000885,242.0289724137931,-121.38103639045961,True
confidence_no_high_vol,0.43108233117483813,1.0,11.25,15.0,True,0.5,16267,1253623.1025000003,2.516645837064463,0.5675293539066822,77.06541479682795,-10056.112500000978,225.32486324740037,-117.49481663113008,True
confidence_no_high_vol,0.435759209344115,1.25,11.25,15.0,True,0.0,6985,1239736.6875000028,5.300038890666546,0.6319255547602004,177.48556728704406,-5228.25,346.1814538966924,-112.13856476079252,True
confidence_no_high_vol,0.435759209344115,1.0,22.5,30.0,True,0.0,6985,1169501.100000002,4.848233006258556,0.5749463135289907,167.43036506800314,-10845.60000000021,366.88423804780854,-102.74036511156092,True
confidence_no_high_vol,0.435759209344115,1.0,22.5,22.5,True,0.0,6985,1160144.100000002,4.817443880673671,0.5749463135289907,166.09078024337896,-10845.60000000021,364.5543077689241,-102.74036511156092,True
confidence_no_high_vol,0.435759209344115,1.25,11.25,30.0,True,0.5,6985,1147945.9687500019,4.929464314653523,0.6319255547602004,164.3444479241234,-5164.293750000303,326.2537381060262,-113.62817240373309,True
confidence_no_high_vol,0.435759209344115,1.25,11.25,22.5,True,0.5,6985,1136711.5312500023,4.89100839211605,0.6319255547602004,162.73608178239118,-5164.293750000303,323.70855516538285,-113.62817240373309,True
confidence_no_high_vol,0.435759209344115,1.0,18.75,30.0,True,0.0,6985,1133412.3000000028,4.729483129651975,0.5749463135289907,162.26375089477492,-8378.100000000326,357.89798306772906,-102.74036511156092,True
confidence_no_high_vol,0.435759209344115,1.0,22.5,15.0,True,0.0,6985,1133085.7500000019,4.728408619770628,0.5749463135289907,162.2170007158199,-10845.60000000021,357.8166708167328,-102.74036511156092,True
confidence_no_high_vol,0.435759209344115,1.0,18.75,22.5,True,0.0,6985,1123275.975000003,4.696129642060417,0.5749463135289907,160.8125948460992,-8378.100000000326,355.37399775896415,-102.74036511156092,True
confidence_no_high_vol,0.435759209344115,1.0,22.5,30.0,True,0.5,6985,1114912.305000002,4.581593610062955,0.5531853972798855,159.615219040802,-11160.780000000144,369.09983307453393,-99.74029157321284,True
confidence_no_high_vol,0.435759209344115,1.25,11.25,15.0,True,0.5,6985,1111638.5625000023,4.80518263145518,0.6319255547602004,159.14653722262022,-5164.293750000303,318.0282269483462,-113.62817240373309,True
confidence_no_high_vol,0.435759209344115,1.0,22.5,22.5,True,0.5,6985,1110233.805000002,4.566564189695512,0.5531853972798855,158.9454266284899,-11160.780000000144,367.88904114906813,-99.74029157321284,True
confidence_no_high_vol,0.435759209344115,1.0,22.5,15.0,True,0.5,6985,1096704.630000002,4.523102469421985,0.5531853972798855,157.00853686471038,-11160.780000000144,364.3877018633538,-99.74029157321284,True
confidence_no_high_vol,0.435759209344115,1.0,18.75,15.0,True,0.0,6985,1091311.425000003,4.590950573532648,0.5749463135289907,156.2364244810312,-8378.100000000326,347.41469746015946,-102.74036511156092,True
confidence_no_high_vol,0.435759209344115,1.0,18.75,30.0,True,0.5,6985,1073085.3450000025,4.447226833418261,0.5531853972798855,153.6271073729424,-8583.030000000144,358.2750504658385,-99.74029157321284,True
confidence_no_high_vol,0.435759209344115,1.0,18.75,22.5,True,0.5,6985,1068017.182500003,4.430945643997933,0.5531853972798855,152.90152934860456,-8583.030000000144,356.96341420807454,-99.74029157321284,True
confidence_no_high_vol,0.435759209344115,1.0,18.75,15.0,True,0.5,6985,1052034.9075000028,4.3796034767641885,0.5531853972798855,150.61344416607054,-8583.030000000144,352.8272146739131,-99.74029157321284,True
confidence_no_high_vol,0.435759209344115,1.0,15.0,30.0,True,0.0,6985,1027971.0000000028,4.3825294663481875,0.5749463135289907,147.1683607730856,-7743.000000000233,331.6426792828685,-102.74036511156092,True
confidence_no_high_vol,0.435759209344115,1.0,15.0,22.5,True,0.0,6985,1014685.200000003,4.33881265917755,0.5749463135289907,145.26631352899113,-7743.000000000233,328.33446215139446,-102.74036511156092,True
confidence_no_high_vol,0.435759209344115,1.0,15.0,15.0,True,0.0,6985,979343.4000000029,4.22252077945158,0.5749463135289907,140.2066428060133,-7707.9000000003725,319.5342131474104,-102.74036511156092,True
confidence_no_high_vol,0.435759209344115,1.0,15.0,30.0,True,0.5,6985,948431.2050000026,4.046782359633489,0.5531853972798855,135.78113171080926,-7732.020000000135,326.01466226708067,-99.74029157321284,True
confidence_no_high_vol,0.435759209344115,1.0,15.0,22.5,True,0.5,6985,941788.3050000027,4.025442413804936,0.5531853972798855,134.83010808876202,-7732.020000000135,324.29548524844716,-99.74029157321284,True
confidence_no_high_vol,0.435759209344115,1.0,15.0,15.0,True,0.5,6985,924117.4050000028,3.968675632919814,0.5531853972798855,132.30027272727312,-7714.4700000000885,319.7222709627329,-99.74029157321284,True
confidence_no_high_vol,0.435759209344115,1.0,11.25,30.0,True,0.0,6985,865477.2000000015,3.8951148041104915,0.627630637079456,123.90511095204029,-7078.199999999953,265.6070255474451,-114.93425605536261,True
confidence_no_high_vol,0.435759209344115,1.0,11.25,22.5,True,0.0,6985,847502.1000000017,3.8300671600822516,0.6229062276306371,121.33172512526868,-7078.199999999953,263.60967593656625,-113.7347512343327,True
confidence_no_high_vol,0.435759209344115,1.0,11.25,15.0,True,0.0,6985,807385.3500000021,3.7016059856682695,0.6128847530422333,115.58845382963523,-7078.199999999895,258.4067274001402,-110.60468171724578,True
confidence_no_high_vol,0.435759209344115,1.0,11.25,30.0,True,0.5,6985,733952.7750000015,3.4336528702994444,0.6319255547602004,105.07555833929872,-7021.4549999999,234.60299048482096,-117.30253792298649,True
confidence_no_high_vol,0.435759209344115,1.0,11.25,22.5,True,0.5,6985,724965.2250000017,3.4038518018935657,0.6319255547602004,103.78886542591292,-7021.4549999999,232.56684413230624,-117.30253792298649,True
confidence_no_high_vol,0.435759209344115,1.0,11.25,15.0,True,0.5,6985,704906.850000002,3.3373419070406007,0.6319255547602004,100.9172297780962,-7021.4549999999,228.02258155867696,-117.30253792298649,True
confidence_threshold,0.435759209344115,0.5,22.5,30.0,True,0.0,18447,590904.2250000014,1.5659526868756515,0.40326340326340326,32.03253781102626,-32784.59999999951,219.78651700497377,-94.85669801035692,True
confidence_threshold,0.435759209344115,0.5,22.5,22.5,True,0.0,18447,555984.1500000015,1.5325717627382653,0.4061907085162899,30.139543015124495,-33335.24999999959,213.52531028960365,-95.30408983019889,True
confidence_threshold,0.435759209344115,0.5,22.5,30.0,True,0.5,18447,513229.8375000014,1.4778193502374461,0.4061907085162899,27.821859245405832,-34578.36000000013,211.842834979314,-98.05628309293397,True
confidence_threshold,0.43108233117483813,0.5,22.5,30.0,True,0.0,32080,502437.7500000014,1.2522919040042186,0.3557044887780549,15.662024625935207,-73636.49999999991,218.55503461572167,-96.36104659602259,True
confidence_threshold,0.435759209344115,0.5,22.5,22.5,True,0.5,18447,495769.80000000144,1.4615639746458597,0.4061907085162899,26.87536184745495,-34853.685000000085,209.5126551448018,-98.05628309293397,True
confidence_threshold,0.435759209344115,0.5,22.5,15.0,True,0.0,18447,493106.3250000015,1.4723417110409318,0.4061907085162899,26.73097658155806,-34505.9249999999,205.1337681836381,-95.30408983019889,True
confidence_threshold,0.435759209344115,0.5,18.75,30.0,True,0.0,18447,471345.3000000019,1.4636432125881669,0.4673388626876999,25.551325418767384,-33338.70000000001,172.59684491358314,-103.47196946564867,True
confidence_threshold,0.435759209344115,0.5,22.5,15.0,True,0.5,18447,464330.88750000147,1.4322942018358917,0.4061907085162899,25.171078630671733,-35442.1725000001,205.31688409181905,-98.05628309293397,True
confidence_threshold,0.43108233117483813,0.5,22.5,22.5,True,0.0,32080,456729.6000000016,1.2293594401481476,0.3579488778054863,14.237206982543691,-74739.89999999979,213.1896194374293,-96.68042918871674,True
confidence_and_adx,0.435759209344115,0.5,22.5,30.0,True,0.0,12701,442053.07500000135,1.6278405619890275,0.41059759074088653,34.804588221399996,-21128.100000000064,219.7771812080537,-94.0661222444888,True
confidence_threshold,0.435759209344115,0.5,18.75,22.5,True,0.0,18447,435552.67500000214,1.4282265431822503,0.46110478668618204,23.611030248821063,-33769.649999999965,170.7807136139196,-102.32475603621711,True
confidence_and_adx,0.435759209344115,0.5,22.5,22.5,True,0.0,12701,416027.40000000154,1.5909489347213503,0.41343201322730494,32.75548382017176,-21313.725000000064,213.29771472100558,-94.49649664429512,True
confidence_and_adx,0.435759209344115,0.5,22.5,30.0,True,0.5,12701,387612.2550000013,1.5346715299960463,0.41343201322730494,30.51824698842621,-21985.64250000016,211.87702104361074,-97.30925939597299,True
confidence_and_adx,0.43108233117483813,0.5,22.5,30.0,True,0.0,20899,385504.2750000006,1.3030171031214135,0.36245753385329443,18.446063208766,-44244.59999999998,218.8414257425743,-95.49046948885383,True
confidence_threshold,0.43108233117483813,0.5,22.5,30.0,True,0.5,32080,380872.93500000134,1.1861651328556135,0.3579488778054863,11.872597724438945,-77373.9449999998,211.33506270138466,-99.32939699956299,True
confidence_and_adx,0.435759209344115,0.5,22.5,22.5,True,0.5,12701,374599.4175000014,1.5167216492944806,0.41343201322730494,29.493694787812093,-22078.45500000016,209.39885736050277,-97.30925939597299,True
confidence_no_after_2pm,0.435759209344115,0.5,22.5,30.0,True,0.0,11317,372664.12499999953,1.5877351970448905,0.40947247503755413,32.92958602103027,-21596.999999999985,217.2490720759603,-94.8919597425921,True
confidence_and_adx,0.435759209344115,0.5,22.5,15.0,True,0.0,12701,372258.00000000146,1.5287763943949373,0.41343201322730494,29.3093457208095,-21780.600000000064,204.96227385259948,-94.49649664429512,True
confidence_threshold,0.43108233117483813,0.5,18.75,30.0,True,0.0,32080,369837.6000000015,1.190555390335033,0.4235349127182045,11.528603491271866,-69080.10000000018,170.0653565908589,-104.96135417229996,True
confidence_threshold,0.43108233117483813,0.5,22.5,15.0,True,0.0,32080,369747.7500000016,1.1856790909457964,0.3579488778054863,11.525802680798053,-77208.8249999983,205.61478272228513,-96.68042918871674,True
confidence_threshold,0.435759209344115,0.5,18.75,15.0,True,0.0,18447,368636.66250000225,1.3637676327358337,0.4767712907247791,19.983556269312206,-38725.83749999918,157.1371986924389,-104.99222958972213,True
confidence_threshold,0.435759209344115,0.5,18.75,30.0,True,0.5,18447,365756.10000000184,1.3540936965669024,0.4767712907247791,19.82740282972851,-34632.742500000226,159.03263501989767,-107.01781237049296,True
confidence_threshold,0.43108233117483813,0.5,22.5,22.5,True,0.5,32080,358018.8600000013,1.1749943944867476,0.3579488778054863,11.160188902743183,-80292.98249999969,209.34480971871463,-99.32939699956299,True
confidence_and_adx,0.435759209344115,0.5,18.75,30.0,True,0.0,12701,356212.6500000019,1.5197824783200657,0.47468703251712463,28.046031808519164,-20711.849999999948,172.75230552330402,-102.72987558087218,True
confidence_and_adx,0.435759209344115,0.5,22.5,15.0,True,0.5,12701,352714.7175000013,1.4865339401042628,0.41343201322730494,27.77062573813096,-22311.89250000016,205.23113692629974,-97.30925939597299,True
confidence_and_adx,0.43108233117483813,0.5,22.5,22.5,True,0.0,20899,352376.7000000007,1.2770014045937486,0.3646585961050768,16.860935929948834,-44615.84999999998,213.15946726151427,-95.80596475372795,True
confidence_threshold,0.435759209344115,0.5,18.75,22.5,True,0.5,18447,347859.78750000196,1.336768021210999,0.4767712907247791,18.85725524475535,-34848.21750000017,156.99780699260944,-107.01781237049296,True
confidence_no_after_2pm,0.435759209344115,0.5,22.5,22.5,True,0.0,11317,347049.97499999974,1.547409697504265,0.412653530087479,30.666252098612684,-21782.624999999927,210.07190042826556,-95.37923875432531,True
confidence_no_after_2pm,0.435759209344115,0.5,22.5,30.0,True,0.5,11317,330925.29749999964,1.5073656921582177,0.412653530087479,29.241433021118638,-22483.387500000244,210.52836456102781,-98.12579584775091,True
confidence_and_adx,0.435759209344115,0.5,18.75,22.5,True,0.0,12701,330543.41250000213,1.4821652817996291,0.4682308479647272,26.024991142429897,-20858.699999999924,170.85640659155882,-101.51630941803614,True
confidence_no_after_2pm,0.435759209344115,0.5,22.5,22.5,True,0.5,11317,318118.22249999974,1.4877302320680228,0.412653530087479,28.10976605990985,-22576.200000000244,207.78595021413278,-98.12579584775091,True
confidence_threshold,0.43108233117483813,0.5,18.75,22.5,True,0.0,32080,317989.20000000193,1.1637488640502274,0.4177992518703242,9.912381546134723,-74842.23749999871,168.6131052749385,-103.98566265060234,True
confidence_threshold,0.43108233117483813,0.5,22.5,15.0,True,0.5,32080,314527.93500000134,1.1537366649748346,0.3579488778054863,9.804486751870366,-87393.49499999979,205.55739136114258,-99.32939699956299,True
confidence_threshold,0.435759209344115,0.5,18.75,15.0,True,0.5,18447,314401.7812500021,1.3043768482057614,0.4767712907247791,17.043518255000926,-37321.41374999998,153.1935993462195,-107.01781237049296,True
confidence_no_after_2pm,0.43108233117483813,0.5,22.5,30.0,True,0.0,18603,310554.29999999935,1.2716265486238016,0.36107079503305917,16.693775197548746,-39308.40000000032,216.44600267976776,-96.19802271771148,True
confidence_threshold,0.435759209344115,0.5,15.0,30.0,True,0.0,18447,308638.5000000021,1.3217424590462856,0.5352631864259771,16.731094486908553,-38258.39999999985,128.40899331577887,-111.90759449370024,True
confidence_no_after_2pm,0.435759209344115,0.5,22.5,15.0,True,0.0,11317,308130.97499999974,1.486021887241007,0.412653530087479,27.227266501723047,-22882.949999999648,201.73806745182017,-95.37923875432531,True
confidence_and_adx,0.43108233117483813,0.5,22.5,30.0,True,0.5,20899,303710.25750000053,1.2321667980233821,0.3646585961050768,14.532286592659961,-46103.280000000224,211.50317379608975,-98.52051739719833,True
confidence_no_after_2pm,0.435759209344115,0.5,22.5,15.0,True,0.5,11317,298658.7224999997,1.4578954543670137,0.412653530087479,26.390273261465026,-22809.637500000244,203.61903372591007,-98.12579584775091,True
confidence_no_after_2pm,0.435759209344115,0.5,18.75,30.0,True,0.0,11317,297175.8000000003,1.4812837913999315,0.4727401254749492,26.259238314040847,-20722.950000000128,170.96085981308414,-103.49728461280587,True
confidence_and_adx,0.43108233117483813,0.5,22.5,15.0,True,0.0,20899,293461.5750000007,1.2306885457219325,0.3646585961050768,14.041895545241433,-45549.6,205.4288380789923,-95.80596475372795,True
confidence_and_adx,0.43108233117483813,0.5,18.75,30.0,True,0.0,20899,291328.200000001,1.2350061928180744,0.4295420833532705,13.939815302167617,-41278.650000000096,170.54583936727195,-103.98974918211552,True
confidence_and_adx,0.43108233117483813,0.5,22.5,22.5,True,0.5,20899,287146.4700000006,1.219504856544456,0.3646585961050768,13.73972295325138,-46288.905000000224,209.32973363075718,-98.52051739719833,True
confidence_and_adx,0.435759209344115,0.5,18.75,15.0,True,0.0,12701,284316.03750000213,1.416399621351093,0.4848437130934572,22.38532694276058,-21265.42499999996,157.04971378694384,-104.3552040348461,True
confidence_and_adx,0.435759209344115,1.25,22.5,15.0,False,0.5,12701,283397.32500000193,1.0850195388534492,0.47752145500354304,22.312993071411853,-316613.17265624943,596.3260140148392,-502.308612115732,True
confidence_and_adx,0.435759209344115,0.5,18.75,30.0,True,0.5,12701,282683.0325000017,1.405942591569202,0.4848437130934572,22.2567539957485,-21351.705000000133,158.98751623903865,-106.42856373223266,True
confidence_no_after_2pm,0.43108233117483813,0.5,22.5,22.5,True,0.0,18603,277246.87499999953,1.2425168388183863,0.3635972692576466,14.90334220287048,-39679.650000000285,210.00200694855118,-96.56277557226123,True
confidence_no_after_2pm,0.435759209344115,0.5,18.75,22.5,True,0.0,11317,271337.7375000004,1.4391445107459626,0.4655827516126182,23.976118891932526,-20926.837499999747,168.76366483203648,-102.17926451132793,True
confidence_threshold,0.435759209344115,0.5,15.0,22.5,True,0.0,18447,271292.8500000022,1.2807066419808029,0.5226866157098715,14.706610831029554,-49029.14999999921,128.37137523335414,-109.77555088596077,True
confidence_and_adx,0.435759209344115,0.5,18.75,22.5,True,0.5,12701,269848.4137500019,1.387511636053053,0.4848437130934572,21.246233662703876,-21425.13000000012,156.90329753978565,-106.42856373223266,True
confidence_and_adx,0.43108233117483813,0.5,22.5,15.0,True,0.5,20899,257688.9075000006,1.1969864601639888,0.3646585961050768,12.33020276089768,-46755.78000000021,205.46441903949614,-98.52051739719833,True
confidence_and_adx,0.43108233117483813,0.5,18.75,22.5,True,0.0,20899,255856.2375000013,1.2063045529472305,0.42346523757117566,12.242511005311322,-41574.450000000084,169.04444067796612,-102.93717318227084,True
confidence_no_after_2pm,0.43108233117483813,0.5,22.5,30.0,True,0.5,18603,247209.20249999943,1.2104495041094636,0.3635972692576466,13.288674004192842,-40783.20750000031,210.21311354228268,-99.22056740434164,True
confidence_and_adx,0.435759209344115,0.5,18.75,15.0,True,0.5,12701,246734.72625000196,1.3543195830264159,0.4848437130934572,19.42640156286922,-21628.49250000014,153.14985689347193,-106.42856373223266,True
confidence_and_adx,0.435759209344115,0.5,15.0,30.0,True,0.0,12701,242366.4000000022,1.3751373875766848,0.5424769703172978,19.082465947563357,-21015.59999999986,128.94631349782304,-111.20029259896705,True
confidence_no_after_2pm,0.435759209344115,0.5,18.75,30.0,True,0.5,11317,236493.54750000022,1.3770218392590812,0.48246001590527526,20.897194265264666,-21416.047500000306,158.1979945054945,-107.09706376984802,True
confidence_no_after_2pm,0.43108233117483813,0.5,18.75,30.0,True,0.0,18603,233370.14999999982,1.2095308601937946,0.42939310863839164,12.54475890985324,-35251.65000000027,168.6460628442664,-104.93448275862072,True
confidence_no_after_2pm,0.43108233117483813,0.5,22.5,22.5,True,0.5,18603,230555.48999999953,1.196272177773052,0.3635972692576466,12.393457506853707,-40968.832500000295,207.7510034742756,-99.22056740434164,True
confidence_no_after_2pm,0.435759209344115,0.5,18.75,15.0,True,0.0,11317,229247.36250000037,1.3724926528330166,0.48246001590527526,20.256902226738568,-25488.187499999694,154.70488324175827,-105.07790677821407,True
confidence_no_after_2pm,0.43108233117483813,0.5,22.5,15.0,True,0.0,18603,224995.0499999995,1.1968104718070665,0.3635972692576466,12.094557329462962,-40613.400000000314,202.27701803666474,-96.56277557226123,True
confidence_no_after_2pm,0.435759209344115,0.5,18.75,22.5,True,0.5,11317,223574.51625000028,1.3564261106448765,0.48246001590527526,19.755634554210506,-21691.556250000125,155.83187156593408,-107.09706376984802,True
confidence_threshold,0.43108233117483813,0.5,18.75,15.0,True,0.0,32080,220202.28750000193,1.1137138263267092,0.43089152119700747,6.864161081670883,-91971.6374999987,156.01985006872607,-106.0667196143944,True
confidence_and_adx,0.435759209344115,0.5,15.0,22.5,True,0.0,12701,215471.10000000236,1.330886136714081,0.5293283993386347,16.964892528147576,-23005.349999998434,128.9104863900046,-108.94999163459904,True
confidence_threshold,0.435759209344115,1.25,22.5,15.0,False,0.5,18447,214844.22421875218,1.0434534646667006,0.4695072369490974,11.646567150146483,-612760.4718749999,595.6680686049532,-505.2357365592425,True
confidence_threshold,0.43108233117483813,0.5,18.75,30.0,True,0.5,32080,212720.33250000147,1.1078719981015135,0.43089152119700747,6.630933057980096,-91624.45499999961,158.04747341387542,-108.01171564331482,True
confidence_threshold,0.435759209344115,0.5,15.0,15.0,True,0.0,18447,207671.7000000025,1.2135936919049126,0.4993765923998482,11.257749227516804,-66440.99999999802,128.0879504993488,-105.31569540727887,True
confidence_no_after_2pm,0.43108233117483813,0.5,22.5,15.0,True,0.5,18603,204429.57749999955,1.1740311556977017,0.3635972692576466,10.989065070149952,-41435.70750000028,203.88850901833234,-99.22056740434164,True
confidence_no_after_2pm,0.435759209344115,0.5,18.75,15.0,True,0.5,11317,202529.3287500003,1.322875532277396,0.48246001590527526,17.89602622161353,-23972.2312500001,151.97744162087912,-107.09706376984802,True
confidence_no_after_2pm,0.435759209344115,0.5,15.0,30.0,True,0.0,11317,200856.6000000002,1.3452128364425533,0.5416629848899885,17.748219492798462,-22241.400000000023,127.68200652528552,-112.19323177786347,True
confidence_no_after_2pm,0.43108233117483813,0.5,18.75,22.5,True,0.0,18603,197527.5000000001,1.1772346389580273,0.4228350266086115,10.618045476536047,-35547.45000000028,166.79692982456146,-103.80934705663188,True
confidence_and_adx,0.43108233117483813,0.5,18.75,15.0,True,0.0,20899,189622.95000000118,1.1533703917411318,0.43758074549021486,9.073302550361317,-43641.787500000006,155.93171678512851,-105.18739152628883,True
confidence_threshold,0.43108233117483813,0.5,18.75,22.5,True,0.5,32080,186796.13250000164,1.0947256513451062,0.43089152119700747,5.822822085411523,-95850.49874999972,156.172033928959,-108.01171564331482,True
confidence_and_adx,0.43108233117483813,0.5,18.75,30.0,True,0.5,20899,186286.77000000098,1.147845556896327,0.43758074549021486,8.91366907507541,-44582.25750000036,158.15156096227446,-107.19833716181716,True
confidence_and_adx,0.435759209344115,1.25,18.75,15.0,False,0.5,12701,177875.3039062533,1.0562614416689833,0.5092512400598378,14.00482669917749,-399663.9374999978,516.304860708488,-507.2331999288059,True
confidence_no_after_2pm,0.435759209344115,0.5,15.0,22.5,True,0.0,11317,173155.50000000017,1.294835343564638,0.5265529734028452,15.300477158257504,-24585.749999999913,127.61387816747782,-109.63143550494682,True
confidence_and_adx,0.435759209344115,0.5,15.0,15.0,True,0.0,12701,172651.20000000243,1.2635991964288211,0.5066530194472876,13.593512321864612,-32555.249999998457,128.6134265734267,-104.56197318007638,True
confidence_and_adx,0.43108233117483813,0.5,18.75,22.5,True,0.5,20899,168550.7887500011,1.133769484693191,0.43758074549021486,8.065016926647262,-46833.47625000038,156.21214256424278,-107.19833716181716,True
confidence_no_high_vol,0.435759209344115,1.25,18.75,15.0,False,0.5,6985,155262.15703125263,1.0990073964481453,0.48346456692913387,22.22793944613495,-444081.96328124625,510.34930758624523,-434.6417557337853,True
confidence_no_after_2pm,0.43108233117483813,0.5,18.75,30.0,True,0.5,18603,148015.28999999986,1.1308315029532359,0.4373488147073053,7.95652797935816,-36297.49500000023,157.24658001474927,-108.08664230438524,True
confidence_no_high_vol,0.435759209344115,1.25,22.5,15.0,False,0.5,6985,147374.08593750192,1.0914879153448003,0.4618468146027201,21.098652245884313,-457766.0437499973,545.0193999922502,-428.53378516560184,True
confidence_threshold,0.435759209344115,0.5,15.0,30.0,True,0.5,18447,145193.6625000018,1.1515013709476967,0.5540196237870656,7.870855017076045,-68422.5599999998,107.98033268101763,-116.49025616871259,True
confidence_no_after_2pm,0.435759209344115,1.25,22.5,15.0,False,0.5,11317,139647.08906250214,1.045535144411064,0.47327030131660336,12.339585496377321,-272837.59218749887,598.6641285765962,-514.4770984052587,True
confidence_threshold,0.43108233117483813,0.5,18.75,15.0,True,0.5,32080,137902.67625000165,1.0699314308877066,0.43089152119700747,4.2987118531796025,-104415.19874999982,152.63492503436305,-108.01171564331482,True
confidence_no_after_2pm,0.43108233117483813,0.5,18.75,15.0,True,0.0,18603,137198.5125,1.1234856530076733,0.4373488147073053,7.375074584744397,-36703.125000000415,153.42265394542778,-106.14772141014619,True
confidence_and_adx,0.43108233117483813,0.5,15.0,30.0,True,0.0,20899,136896.0000000015,1.1168332335655913,0.5007895114598785,6.550361261304441,-41387.10000000027,125.03510414676104,-112.31991947852755,True
confidence_and_adx,0.43108233117483813,0.5,18.75,15.0,True,0.5,20899,135434.14500000107,1.1074866271517991,0.43758074549021486,6.48041269917226,-52282.67625000032,152.59085839256426,-107.19833716181716,True
confidence_no_after_2pm,0.435759209344115,0.5,15.0,15.0,True,0.0,11317,132477.15000000037,1.2241401494858146,0.5021648846867545,11.706030750198849,-31036.049999999028,127.3136019707901,-104.92562577667316,True
confidence_threshold,0.43108233117483813,0.5,15.0,30.0,True,0.0,32080,131607.00000000204,1.071628517257528,0.4940149625935162,4.102462593516273,-95343.90000000004,124.24039626451295,-113.2073197781885,True
confidence_no_after_2pm,0.43108233117483813,0.5,18.75,22.5,True,0.5,18603,130093.96500000003,1.114990748361846,0.4373488147073053,6.993171262699566,-36445.39500000022,155.04386061946903,-108.08664230438524,True
confidence_threshold,0.435759209344115,0.5,15.0,22.5,True,0.5,18447,126520.83750000189,1.1320173346732731,0.5540196237870656,6.858613189136547,-74086.48499999955,106.1532460861057,-116.49025616871259,True
confidence_and_adx,0.435759209344115,0.5,15.0,30.0,True,0.5,12701,126448.34250000185,1.1958643820494783,0.561609322100622,9.955778482009435,-33487.83749999941,108.23491518295252,-115.94671470905145,True
confidence_no_high_vol,0.435759209344115,0.5,22.5,30.0,True,0.0,6985,123740.55000000095,1.301915608691884,0.3523264137437366,17.715182534001567,-50999.849999998085,216.8191791954489,-90.59492705570267,True
confidence_no_high_vol,0.435759209344115,1.25,22.5,30.0,False,0.5,6985,123707.7257812547,1.074364016211584,0.4618468146027201,17.71048329008657,-529622.8031249947,554.0144306029135,-442.54930229947985,True
confidence_no_high_vol,0.435759209344115,0.5,22.5,22.5,True,0.0,6985,119062.05000000098,1.2905116611364047,0.35318539727988546,17.045390121689476,-55121.474999998085,214.38903526550456,-90.71175298804756,True
confidence_threshold,0.435759209344115,0.5,11.25,30.0,True,0.0,18447,114839.40000000219,1.1311923866891838,0.6022117417466255,6.2253699788584695,-80043.59999999689,89.1340804752904,-119.30640588796496,True
confidence_and_adx,0.435759209344115,0.5,15.0,22.5,True,0.5,12701,113000.69250000193,1.1750344082815924,0.561609322100622,8.896991772301545,-37845.63749999937,106.34964250665924,-115.94671470905145,True
confidence_no_high_vol,0.435759209344115,1.25,18.75,30.0,False,0.5,6985,112766.10468750563,1.068557290193755,0.48346456692913387,16.144037893701594,-529513.9265624936,520.4651879904501,-455.888258080999,True
confidence_and_adx,0.435759209344115,0.5,11.25,30.0,True,0.0,12701,111691.35000000239,1.1904133192583681,0.6113691835288559,8.79390205495649,-44574.14999999778,89.92460399227319,-118.8598176291791,True
confidence_no_high_vol,0.435759209344115,0.5,18.75,30.0,True,0.0,6985,105696.15000000136,1.2670743678862375,0.4379384395132427,15.131875447387454,-58463.699999997654,163.92665903890156,-100.80374426897568,True
confidence_no_high_vol,0.435759209344115,0.5,22.5,15.0,True,0.0,6985,105532.87500000099,1.2575004446903997,0.35318539727988546,15.108500357909948,-63539.999999997846,208.90497567896224,-90.71175298804756,True
confidence_no_after_2pm,0.435759209344115,0.5,15.0,30.0,True,0.5,11317,101823.95250000022,1.1752287168067828,0.5605725899089865,8.997433286206611,-27873.9599999997,107.64748581336694,-116.84932585964202,True
confidence_no_high_vol,0.435759209344115,0.5,18.75,22.5,True,0.0,6985,100627.98750000146,1.2541661729516982,0.4352183249821045,14.406297423049601,-62745.74999999747,163.33623355263154,-100.35846958174868,True
confidence_no_after_2pm,0.43108233117483813,0.5,18.75,15.0,True,0.5,18603,99929.47124999997,1.088328191722353,0.4373488147073053,5.37168581680374,-37075.25250000029,151.3363269727139,-108.08664230438524,True
confidence_and_adx,0.43108233117483813,0.5,15.0,22.5,True,0.0,20899,97598.85000000191,1.0827353703852303,0.48849227235752907,4.670024881573372,-51778.64999999755,125.11016749926546,-110.3611984282907,True
confidence_no_high_vol,0.435759209344115,0.5,22.5,30.0,True,0.5,6985,96446.15250000099,1.2275606071070817,0.35318539727988546,13.807609520401,-66479.5574999984,210.89273408998778,-93.808371513944,True
confidence_threshold,0.435759209344115,0.5,15.0,15.0,True,0.5,18447,94710.26250000202,1.098824799681366,0.5540196237870656,5.1341823873801715,-83181.08249999958,103.04066536203528,-116.49025616871259,True
confidence_no_high_vol,0.435759209344115,0.5,22.5,22.5,True,0.5,6985,94106.90250000099,1.2220412459259788,0.35318539727988546,13.47271331424495,-68540.36999999857,209.94451763275228,-93.808371513944,True
confidence_no_after_2pm,0.43108233117483813,0.5,15.0,30.0,True,0.0,18603,93820.79999999967,1.0889853789979411,0.4994893296780089,5.0433155942589725,-37830.0000000007,123.56438872148087,-113.24806659505913,True
confidence_and_adx,0.435759209344115,0.5,15.0,15.0,True,0.5,12701,91590.74250000193,1.1418710900161897,0.561609322100622,7.21130166916006,-44232.1124999992,103.34810738819577,-115.94671470905145,True
confidence_no_after_2pm,0.435759209344115,0.5,15.0,22.5,True,0.5,11317,87973.4025000002,1.1513933220496584,0.5605725899089865,7.773562118936131,-31738.934999999707,105.46423392181589,-116.84932585964202,True
confidence_no_high_vol,0.435759209344115,0.5,22.5,15.0,True,0.5,6985,87342.31500000099,1.2060804885662808,0.35318539727988546,12.504268432355188,-72749.63249999844,207.20248783948114,-93.808371513944,True
confidence_and_adx,0.435759209344115,0.5,11.25,22.5,True,0.0,12701,85912.80000000258,1.143109504436821,0.5883788678056846,6.764254783088149,-53197.949999997625,91.82950622240082,-114.85155921178473,True
confidence_no_high_vol,0.435759209344115,0.5,18.75,15.0,True,0.0,6985,84645.71250000154,1.2140337725230483,0.44022906227630637,12.11821224051561,-73218.33749999723,156.13789024390243,-101.1453452685418,True
confidence_no_after_2pm,0.435759209344115,0.5,11.25,30.0,True,0.0,11317,79721.10000000052,1.1495409725731545,0.6052840858884864,7.04436688168247,-36856.79999999891,89.46372262773728,-119.36977160770259,True
confidence_threshold,0.435759209344115,0.5,11.25,22.5,True,0.0,18447,78929.2500000023,1.0882184794490262,0.5801485336369058,4.278703854285374,-91670.39999999723,90.9765698000375,-115.5348657024792,True
confidence_no_high_vol,0.435759209344115,1.25,15.0,15.0,False,0.5,6985,78178.40859375265,1.0528773355524972,0.541159627773801,11.192327644059077,-450663.30234374636,411.8160224454365,-461.3061329953189,True
confidence_no_high_vol,0.435759209344115,0.5,18.75,30.0,True,0.5,6985,75532.67250000132,1.1867187589369588,0.44022906227630637,10.813553686471199,-75941.3849999982,156.11678048780487,-103.45944437340117,True
confidence_threshold,0.43108233117483813,0.5,15.0,22.5,True,0.0,32080,75184.35000000245,1.040666759970874,0.4826059850374065,2.3436518079801263,-107753.69999999974,124.2717736726522,-111.39981019522772,True
confidence_no_high_vol,0.435759209344115,0.5,18.75,22.5,True,0.5,6985,72998.5912500014,1.1804544432390678,0.44022906227630637,10.450764674302276,-78082.40999999816,155.29268902439023,-103.45944437340117,True
confidence_no_after_2pm,0.435759209344115,0.5,15.0,15.0,True,0.5,11317,67634.2275000003,1.1163916603712967,0.5605725899089865,5.976338914906804,-37605.464999999735,102.25818489911728,-116.84932585964202,True
confidence_threshold,0.435759209344115,1.25,18.75,15.0,False,0.5,18447,65444.92968750326,1.013914901257686,0.500406570174012,3.547727526833808,-740268.8460937471,516.5931360700358,-510.3327158610022,True
confidence_no_high_vol,0.435759209344115,0.5,18.75,15.0,True,0.5,6985,65007.45375000144,1.1607001405365578,0.44022906227630637,9.306722083035282,-83318.70374999817,152.69394512195123,-103.45944437340117,True
confidence_no_high_vol,0.435759209344115,1.25,22.5,22.5,False,0.5,6985,61654.89609375392,1.0359031354371264,0.4618468146027201,8.826756777917527,-568115.3859374955,551.4294763251702,-456.8386790452901,True
confidence_no_after_2pm,0.43108233117483813,0.5,15.0,22.5,True,0.0,18603,55598.849999999766,1.0523583720296543,0.48642692038918456,2.9887034349298376,-47616.44999999784,123.49311526135487,-111.15778812938348,True
confidence_no_after_2pm,0.435759209344115,0.5,11.25,22.5,True,0.0,11317,55462.05000000047,1.1015802414868343,0.5807192718918441,4.900773173102453,-43469.69999999917,91.51773432744983,-115.09116779089373,True
confidence_no_high_vol,0.435759209344115,1.25,18.75,22.5,False,0.5,6985,55002.914062505006,1.0324805432142867,0.48346456692913387,7.874432936650681,-564779.995312495,517.7418018489044,-469.3489885757331,True
confidence_no_high_vol,0.435759209344115,0.5,15.0,30.0,True,0.0,6985,52975.50000000137,1.1444654243439234,0.5284180386542592,7.584180386542787,-77981.0999999978,113.70243836358709,-111.3236794171216,True
confidence_no_high_vol,0.435759209344115,0.5,15.0,22.5,True,0.0,6985,46332.60000000146,1.1258581123809446,0.5221188260558339,6.633156764495556,-83560.19999999773,113.64579106114617,-110.28568004793247,True
confidence_and_adx,0.435759209344115,0.5,11.25,15.0,True,0.0,12701,45325.53750000273,1.0730234938524195,0.5501928981969924,3.568658963861328,-67980.2999999974,95.3096093302807,-108.68464585886863,True
confidence_no_after_2pm,0.435759209344115,1.25,18.75,15.0,False,0.5,11317,40625.58750000302,1.0139590703775305,0.5039321374922683,3.5897841742513936,-365077.024218748,517.44025307404,-518.4068713539806,True
confidence_no_high_vol,0.435759209344115,1.25,22.5,30.0,False,0.0,6985,35659.593750005006,1.0202762128858187,0.47501789549033646,5.105167322835363,-612104.0624999943,540.7928345388787,-479.5994085764915,True
confidence_no_high_vol,0.435759209344115,1.25,22.5,15.0,False,0.0,6985,34579.687500002095,1.020320254034854,0.47501789549033646,4.950563707945897,-553507.3124999963,523.30159358047,-464.0673575129527,True
confidence_and_adx,0.43108233117483813,0.5,15.0,15.0,True,0.0,20899,30195.75000000176,1.0254459342944922,0.4660988564046127,1.4448418584622116,-69461.5499999975,124.92134277794898,-106.37947557149255,True
confidence_no_high_vol,0.435759209344115,1.25,18.75,15.0,False,0.0,6985,30067.59375000291,1.018144836553564,0.4931997136721546,4.304594667144296,-546973.499999996,489.7404208998549,-468.1039989406772,True
confidence_no_high_vol,0.435759209344115,0.5,15.0,15.0,True,0.0,6985,28661.70000000148,1.077387649436925,0.5035075161059414,4.103321403006654,-94999.79999999775,113.45663918112031,-106.82587251225804,True
confidence_threshold,0.435759209344115,0.5,11.25,15.0,True,0.0,18447,19990.91250000258,1.0216283075873989,0.5419851466363095,1.0836945031713874,-110141.88749999774,94.44736947389491,-109.43569589154615,True
confidence_no_after_2pm,0.435759209344115,0.5,11.25,15.0,True,0.0,11317,17773.050000000374,1.0314576916654,0.5411328090483344,1.5704736237519108,-55063.424999999326,95.15932397126068,-108.81792180277348,True
confidence_no_high_vol,0.435759209344115,1.25,18.75,30.0,False,0.0,6985,15517.406250006054,1.0089182494607674,0.4931997136721546,2.2215327487481824,-616341.1874999932,509.57283200290277,-491.5144067796593,True
confidence_no_high_vol,0.435759209344115,1.25,15.0,30.0,False,0.5,6985,14543.325000005309,1.0091863705923674,0.541159627773801,2.082079455977854,-547667.6414062448,422.667956969246,-493.95992272815744,True
confidence_no_high_vol,0.435759209344115,0.5,15.0,30.0,True,0.5,6985,13205.602500001318,1.0357271726211112,0.5354330708661418,1.8905658554046267,-100754.79749999853,102.36072192513367,-113.90554622496104,True
confidence_no_high_vol,0.435759209344115,0.5,15.0,22.5,True,0.5,6985,9884.152500001386,1.0267411367698598,0.5354330708661418,1.4150540443810145,-103544.34749999859,101.47263368983957,-113.90554622496104,True
confidence_no_high_vol,0.435759209344115,0.5,15.0,15.0,True,0.5,6985,1048.7025000013818,1.0028372181614384,0.5354330708661418,0.15013636363656147,-109264.14749999848,99.11021390374331,-113.90554622496104,True
confidence_no_after_2pm,0.43108233117483813,0.5,15.0,15.0,True,0.0,18603,-6691.499999999884,0.9937369994653779,0.4629898403483309,-0.35970004837928743,-67824.29999999955,123.27018460466743,-106.95941535689262,True
confidence_no_high_vol,0.43108233117483813,0.5,22.5,30.0,True,0.0,16267,-22413.525000000205,0.979189940545373,0.301469232187865,-1.3778524005655748,-142397.09999999893,215.05687194127245,-94.78592141159908,True
confidence_and_adx,0.43108233117483813,0.5,15.0,30.0,True,0.5,20899,-23502.70499999894,0.9799855444987857,0.5162447964017417,-1.1245851476146678,-74962.19249999877,106.66269348410422,-116.15098961424327,True
confidence_threshold,0.43108233117483813,0.5,15.0,15.0,True,0.0,32080,-26795.549999997318,0.9855913931487165,0.46038029925187035,-0.835272755610889,-131263.4999999999,124.1042047531994,-107.45929446434758,True
confidence_no_high_vol,0.435759209344115,0.5,11.25,30.0,True,0.0,6985,-28271.39999999926,0.9126015411910168,0.6194702934860415,-4.047444523979851,-108624.89999999924,68.22410446036513,-121.69943566591391,True
confidence_no_high_vol,0.43108233117483813,0.5,22.5,22.5,True,0.0,16267,-31464.67500000014,0.9707856697982448,0.3020224995389439,-1.9342641544230739,-150010.04999999888,212.8158202727458,-94.85897481063945,True
confidence_no_high_vol,0.435759209344115,1.25,15.0,22.5,False,0.5,6985,-36008.02031249559,0.9778007142742988,0.541159627773801,-5.1550494362914225,-576673.2867187455,419.5838795882936,-506.09519037636363,True
confidence_no_high_vol,0.435759209344115,0.5,11.25,22.5,True,0.0,6985,-37258.94999999913,0.8866109504771719,0.6055833929849678,-5.334137437365659,-116479.7999999992,68.87351063829786,-119.27183303085266,True
confidence_no_high_vol,0.435759209344115,1.25,22.5,22.5,False,0.0,6985,-39087.468749995576,0.978485067140218,0.47501789549033646,-5.595915354330075,-660366.1874999946,535.766274864376,-495.43495193618634,True
confidence_no_after_2pm,0.43108233117483813,0.5,15.0,30.0,True,0.5,18603,-40879.85250000027,0.9612833402945199,0.5151319679621567,-2.197487098855038,-63929.857499999525,105.91595012000418,-117.0590246674058,True
confidence_no_high_vol,0.43108233117483813,0.5,18.75,30.0,True,0.0,16267,-41547.599999999904,0.9603105300096952,0.3808323599926231,-2.554103399520496,-154824.74999999898,162.2710411622276,-103.93334988085779,True
confidence_and_adx,0.43108233117483813,0.5,15.0,22.5,True,0.5,20899,-43151.27999999874,0.963253192626957,0.5162447964017417,-2.064753337480202,-80788.61249999891,104.84152609138943,-116.15098961424327,True
confidence_no_high_vol,0.43108233117483813,0.5,18.75,22.5,True,0.0,16267,-53194.94999999968,0.9492054748137173,0.37800454908710884,-3.270114341919203,-163993.08749999874,161.66248170434216,-103.50440304407982,True
confidence_no_high_vol,0.43108233117483813,0.5,22.5,15.0,True,0.0,16267,-55256.77500000021,0.9486951741680443,0.3020224995389439,-3.3968632814901465,-165839.7749999989,207.973137594138,-94.85897481063945,True
confidence_no_high_vol,0.435759209344115,1.25,18.75,22.5,False,0.0,6985,-55380.468749994645,0.9691037398844817,0.4931997136721546,-7.928485146742254,-661661.1562499944,504.2335722060958,-506.3460805084731,True
confidence_no_high_vol,0.435759209344115,0.5,11.25,15.0,True,0.0,6985,-57317.32499999897,0.8311037591259856,0.5719398711524696,-8.205773085182386,-130146.44999999917,70.59994993742178,-113.53767982602844,True
confidence_and_adx,0.43108233117483813,0.5,11.25,30.0,True,0.0,20899,-59922.599999997816,0.9438014054853735,0.5747164936121345,-2.867247236709786,-94401.89999999889,83.78507201731762,-119.98031956790814,True
confidence_no_after_2pm,0.43108233117483813,0.5,15.0,22.5,True,0.5,18603,-59990.82750000023,0.9431836390855947,0.5151319679621567,-3.2247931785196062,-75840.35250000015,103.92169205885423,-117.0590246674058,True
confidence_no_high_vol,0.435759209344115,1.0,18.75,15.0,False,0.5,6985,-60194.274374997825,0.9554975490344262,0.4548317823908375,-8.61764844309203,-470238.52124999725,406.80250236071765,-355.2011093421738,True
confidence_no_high_vol,0.435759209344115,1.25,15.0,15.0,False,0.0,6985,-60623.15624999703,0.961242980220974,0.5445955619183965,-8.679048854688194,-562062.4687499964,395.25815753154575,-491.72750314366453,True
confidence_and_adx,0.435759209344115,1.25,22.5,15.0,False,0.0,12701,-62510.812499997846,0.9823075147330803,0.48641839225257855,-4.921723683174384,-631656.8437499979,561.7794694885074,-541.6502184577644,True
confidence_no_high_vol,0.435759209344115,1.0,22.5,15.0,False,0.5,6985,-66504.73124999844,0.9522148894435517,0.4211882605583393,-9.521078203292547,-480952.54312499735,450.45586654486743,-344.23593634058824,True
confidence_and_adx,0.435759209344115,1.25,15.0,15.0,False,0.5,12701,-75002.4679687479,0.9744561846581925,0.5641288087552161,-5.9052411596526175,-564940.3898437484,399.3336518667131,-530.3880208803735,True
confidence_no_high_vol,0.43108233117483813,0.5,22.5,30.0,True,0.5,16267,-76537.85250000014,0.9309634044002674,0.3020224995389439,-4.705099434437828,-173841.3374999991,210.07905302259314,-97.64455169984149,True
confidence_and_adx,0.43108233117483813,0.5,15.0,15.0,True,0.5,20899,-76852.82999999882,0.9345535951637299,0.5162447964017417,-3.6773448490357827,-102474.02999999833,101.71783066085835,-116.15098961424327,True
confidence_and_adx,0.435759209344115,0.5,11.25,30.0,True,0.5,12701,-77706.08249999824,0.8638265930078801,0.6223132036847492,-6.118107432485493,-126774.17999999871,62.365204326923156,-118.95781894934309,True
confidence_no_high_vol,0.43108233117483813,0.5,22.5,22.5,True,0.5,16267,-81063.42750000014,0.9268813681146103,0.3020224995389439,-4.983305311366578,-177647.81249999895,209.1579101363729,-97.64455169984149,True
confidence_no_high_vol,0.43108233117483813,0.5,18.75,15.0,True,0.0,16267,-83164.68749999974,0.9205095289996267,0.38279953279645906,-5.1124784840474415,-183596.84999999867,154.6583286494299,-104.2053884462151,True
confidence_no_after_2pm,0.435759209344115,0.5,11.25,30.0,True,0.5,11317,-85421.28749999953,0.8353230970406252,0.615975965361845,-7.548050499248876,-112842.8174999994,62.157398508105025,-119.3558473308789,True
confidence_no_high_vol,0.435759209344115,1.0,22.5,30.0,False,0.5,6985,-85437.81937499624,0.9404154994152427,0.4211882605583393,-12.231613367930743,-537851.8424999951,458.3465446549966,-354.6607355305457,True
confidence_no_after_2pm,0.43108233117483813,0.5,11.25,30.0,True,0.0,18603,-87560.3999999996,0.9093725964725652,0.5690480030102671,-4.706789227543923,-88034.24999999869,82.99619308520691,-120.52870508982038,True
confidence_and_adx,0.435759209344115,0.5,11.25,22.5,True,0.5,12701,-90595.35749999815,0.8418865053178034,0.6065664120935359,-7.132931068419664,-138165.32999999874,62.61440809968855,-114.66414998999377,True
confidence_no_after_2pm,0.43108233117483813,0.5,15.0,15.0,True,0.5,18603,-91136.00250000003,0.9136865379905599,0.5151319679621567,-4.898994920174167,-101390.00249999954,100.67164770948557,-117.0590246674058,True
confidence_no_high_vol,0.435759209344115,1.25,15.0,30.0,False,0.0,6985,-91723.49999999418,0.9453156443913919,0.5445955619183965,-13.131496062991292,-640006.0312499935,416.82509365141954,-527.2952393115355,True
confidence_no_high_vol,0.43108233117483813,0.5,22.5,15.0,True,0.5,16267,-92959.47750000015,0.9161512160884061,0.3020224995389439,-5.714604874900114,-185562.674999999,206.73656879706903,-97.64455169984149,True
confidence_no_high_vol,0.435759209344115,0.5,11.25,30.0,True,0.5,6985,-94033.61249999922,0.7073363421008082,0.6221904080171796,-13.46222083035064,-144481.4549999992,52.29384491486422,-121.75167203486137,True
confidence_no_high_vol,0.435759209344115,1.0,18.75,30.0,False,0.5,6985,-94191.11624999542,0.9333835472146407,0.4548317823908375,-13.484769685038716,-537345.3843749951,415.4046624173749,-371.30560103728874,True
confidence_no_after_2pm,0.435759209344115,0.5,11.25,22.5,True,0.5,11317,-97550.81249999956,0.8127064330988469,0.5996288769108421,-8.619847353538885,-123627.74249999924,62.37748673740054,-114.95132145221798,True
confidence_no_high_vol,0.435759209344115,0.5,11.25,22.5,True,0.5,6985,-98527.38749999914,0.6942798002774705,0.6113099498926271,-14.105567287043542,-148390.5299999992,52.40098946135831,-118.70335635359083,True
confidence_and_adx,0.43108233117483813,0.5,11.25,22.5,True,0.0,20899,-98645.99999999722,0.9092596195372493,0.5534714579644959,-4.720130149767798,-106347.74999999843,85.4566871271723,-116.50664451827232,True
confidence_no_high_vol,0.43108233117483813,0.5,18.75,30.0,True,0.5,16267,-100124.3174999998,0.9061760931837003,0.38279953279645906,-6.155057324644974,-189685.94249999872,155.2958286494299,-106.28998431274897,True
confidence_threshold,0.43108233117483813,0.5,15.0,30.0,True,0.5,32080,-105582.4199999986,0.94265725615492,0.5087593516209477,-3.29122256857851,-160484.33999999776,106.3457631272594,-116.83810013325713,True
confidence_no_high_vol,0.43108233117483813,0.5,18.75,22.5,True,0.5,16267,-105947.99249999967,0.9007188780518379,0.38279953279645906,-6.513062795844327,-194270.11124999862,154.36059900433597,-106.28998431274897,True
confidence_no_high_vol,0.435759209344115,0.5,11.25,15.0,True,0.5,6985,-108556.57499999907,0.6649092056953979,0.5875447387258411,-15.541385110951907,-155223.8549999992,52.48662280701754,-112.44764838597675,True
confidence_and_adx,0.435759209344115,1.0,22.5,15.0,False,0.5,12701,-108588.53999999835,0.9618460178962885,0.45311392803716244,-8.54960554287051,-513700.1381249983,475.6684489574283,-409.7409248128417,True
confidence_and_adx,0.435759209344115,0.5,11.25,15.0,True,0.5,12701,-110888.98874999808,0.8074275718739613,0.5822376190851114,-8.730728978033074,-155109.04874999856,62.872352941176565,-108.52431940256292,True
confidence_no_high_vol,0.435759209344115,1.25,11.25,15.0,False,0.5,6985,-113352.08906249818,0.9142718985213921,0.6319255547602004,-16.227929715461443,-482081.814843748,273.8730920083824,-514.2854598162187,True
confidence_no_after_2pm,0.435759209344115,0.5,11.25,15.0,True,0.5,11317,-116395.31249999962,0.7776301222445968,0.5743571617919944,-10.284997128214158,-139246.64249999897,62.62089230769232,-108.66329925264682,True
confidence_no_high_vol,0.43108233117483813,0.5,18.75,15.0,True,0.5,16267,-120932.8612499997,0.8866769453389932,0.38279953279645906,-7.434244866908446,-204071.99249999883,151.95416432471495,-106.28998431274897,True
confidence_no_high_vol,0.435759209344115,1.0,15.0,15.0,False,0.5,6985,-121861.27312499785,0.9039130835622688,0.5354330708661418,-17.446137884752734,-475027.44187499763,306.51838235294116,-390.82897476887456,True
confidence_no_after_2pm,0.43108233117483813,0.5,11.25,22.5,True,0.0,18603,-122693.39999999953,0.8754290921916954,0.5472773208622265,-6.595355587808393,-123167.24999999619,84.69058049307539,-116.96095475596722,True
confidence_and_adx,0.435759209344115,1.25,22.5,22.5,False,0.5,12701,-128032.192968746,0.9664317377344581,0.47752145500354304,-10.080481298224235,-733690.4156249973,607.7580265869743,-574.7565738726258,True
confidence_threshold,0.43108233117483813,0.5,15.0,22.5,True,0.5,32080,-133793.74499999837,0.9273354366417349,0.5087593516209477,-4.170627961346582,-184886.86499999737,104.61723393174444,-116.83810013325713,True
confidence_no_high_vol,0.43108233117483813,0.5,15.0,30.0,True,0.0,16267,-133848.89999999956,0.8638007088323197,0.466650273559968,-8.228247371980055,-201234.89999999807,111.82902120932688,-113.27143845089901,True
confidence_no_high_vol,0.435759209344115,1.0,22.5,22.5,False,0.5,6985,-135080.08312499686,0.9085358912452758,0.4211882605583393,-19.33859457766598,-569355.8324999965,456.07895458021756,-365.28923262428805,True
confidence_no_high_vol,0.435759209344115,1.0,18.75,22.5,False,0.5,6985,-140401.668749996,0.9033568698116505,0.4548317823908375,-20.100453650679455,-567096.3618749958,413.088798394712,-381.5086085215326,True
confidence_no_high_vol,0.43108233117483813,0.5,15.0,22.5,True,0.0,16267,-149607.89999999927,0.8483207069017336,0.46007253949714144,-9.197018503719141,-213132.44999999774,111.80327365045436,-112.30144597517928,True
confidence_threshold,0.435759209344115,0.5,11.25,30.0,True,0.5,18447,-152298.05999999834,0.8214797859150836,0.6123488914186589,-8.255979834119278,-216107.8274999982,62.04105435552412,-119.2999314781148,True
confidence_no_after_2pm,0.435759209344115,1.25,15.0,15.0,False,0.5,11317,-154769.26406249797,0.942399644428602,0.5627816559158788,-13.675820806088007,-495749.7281249986,397.57898242463494,-543.0375511570327,True
confidence_no_high_vol,0.435759209344115,1.0,22.5,30.0,False,0.0,6985,-155876.32499999594,0.8965964483744228,0.435361488904796,-22.315866141731703,-603836.8499999959,444.4524416310424,-382.21506085192595,True
confidence_no_high_vol,0.435759209344115,1.0,22.5,15.0,False,0.0,6985,-156740.24999999825,0.8927825605373734,0.435361488904796,-22.43954903364327,-557526.6749999977,429.1848487339691,-370.66211333671356,True
confidence_no_high_vol,0.435759209344115,1.25,15.0,22.5,False,0.0,6985,-157086.18749999505,0.9086375280323381,0.5445955619183965,-22.4890748031489,-680766.8437499937,410.695854692429,-540.513429346116,True
confidence_no_high_vol,0.435759209344115,1.0,18.75,15.0,False,0.0,6985,-160349.92499999766,0.8872271976900253,0.4635647816750179,-22.95632426628456,-552812.9249999978,389.6030883261273,-379.4728382706159,True
confidence_and_adx,0.43108233117483813,0.5,11.25,15.0,True,0.0,20899,-165334.87499999694,0.8525611001651408,0.5155749078903297,-7.911138092731563,-165528.0749999917,88.72798607888649,-110.7972458255112,True
confidence_threshold,0.435759209344115,0.5,11.25,22.5,True,0.5,18447,-170253.13499999826,0.8012090087826187,0.5972786903019461,-9.229312896405826,-231882.12749999797,62.27897758213836,-115.28374074572604,True
confidence_no_high_vol,0.435759209344115,1.0,18.75,30.0,False,0.0,6985,-171990.07499999518,0.8844294854866669,0.4635647816750179,-24.622773801001458,-606975.3749999956,406.483299876467,-397.16653322658004,True
confidence_no_high_vol,0.435759209344115,1.0,15.0,30.0,False,0.5,6985,-172769.33999999575,0.8722086560360045,0.5354330708661418,-24.734336435217717,-552032.1149999955,315.2927807486631,-416.62999691833454,True
confidence_threshold,0.43108233117483813,0.5,11.25,30.0,True,0.0,32080,-174349.64999999755,0.8961101933712882,0.5666770573566084,-5.434839463840323,-174616.3499999909,82.72553220749228,-120.74372976473124,True
confidence_no_after_2pm,0.43108233117483813,0.5,11.25,15.0,True,0.0,18603,-183078.71249999944,0.8197635287857693,0.5086813954738483,-9.841354217061735,-183552.56249999208,87.99437810419533,-111.14668043549622,True
confidence_no_after_2pm,0.435759209344115,1.25,22.5,15.0,False,0.0,11317,-184362.3749999978,0.9433111862837044,0.48184147742334543,-16.29074622249693,-571238.6249999981,562.5931138822665,-554.6014026261932,True
confidence_threshold,0.43108233117483813,0.5,15.0,15.0,True,0.5,32080,-184783.69499999826,0.8996423449175305,0.5087593516209477,-5.76009024314209,-223668.46499999674,101.49304117394773,-116.83810013325713,True
confidence_no_after_2pm,0.435759209344115,1.0,22.5,15.0,False,0.5,11317,-187051.12874999834,0.928456673130377,0.44932402580189096,-16.52833160289815,-454893.27374999854,477.37743473451314,-419.5307099446402,True
confidence_no_high_vol,0.43108233117483813,0.5,15.0,15.0,True,0.0,16267,-188343.14999999935,0.8100882070772275,0.44199913936189833,-11.578235077150019,-237007.1999999974,111.73810848400565,-109.28266115702478,True
confidence_and_adx,0.435759209344115,1.0,18.75,15.0,False,0.5,12701,-193006.15687499734,0.9284285901560699,0.49334698055271237,-15.196138640658006,-580140.7499999973,399.56708576045327,-419.0665914918411,True
confidence_and_adx,0.435759209344115,1.25,18.75,15.0,False,0.0,12701,-193361.62499999633,0.9423079811678668,0.5149988189906307,-15.2241260530664,-734825.3437499965,482.8400330606941,-544.0938768262981,True
confidence_threshold,0.435759209344115,0.5,11.25,15.0,True,0.5,18447,-199722.30374999816,0.7678985260620961,0.5728302705046892,-10.82681757196282,-255390.74624999738,62.53178054320059,-109.19995288705567,True
confidence_no_high_vol,0.43108233117483813,0.5,15.0,30.0,True,0.5,16267,-210552.26249999963,0.7874582537682572,0.472551791971476,-12.94352139300422,-247589.63999999937,101.48137114609081,-115.45915646853145,True
confidence_no_high_vol,0.435759209344115,1.0,15.0,22.5,False,0.5,6985,-213210.4162499964,0.8458436643015285,0.5354330708661418,-30.524039549033127,-575835.4293749961,312.7991310160428,-426.21854121725625,True
confidence_no_high_vol,0.435759209344115,1.0,22.5,22.5,False,0.0,6985,-215673.9749999966,0.8612057405977522,0.435361488904796,-30.87673228346408,-643479.8999999969,440.06490463663266,-393.9937499999991,True
confidence_no_high_vol,0.43108233117483813,0.5,15.0,22.5,True,0.5,16267,-218431.7624999995,0.779504301293237,0.472551791971476,-13.427906958873763,-253538.41499999928,100.45632886691821,-115.45915646853145,True
confidence_no_high_vol,0.435759209344115,1.25,11.25,30.0,False,0.5,6985,-218606.84765624627,0.8522781919094631,0.6319255547602004,-31.29661383768737,-608234.207812496,285.7381272655188,-575.5950763929391,True
confidence_no_high_vol,0.435759209344115,1.0,18.75,22.5,False,0.0,6985,-228708.3749999957,0.8505356014493162,0.4635647816750179,-32.7427881173938,-645160.0499999961,401.9388279802348,-408.3763811048828,True
confidence_threshold,0.43108233117483813,0.5,11.25,22.5,True,0.0,32080,-229486.49999999691,0.8656481199817077,0.5469763092269326,-7.153569201994916,-229716.4499999883,84.2659087023424,-117.54871653705864,True
confidence_no_high_vol,0.435759209344115,1.0,15.0,15.0,False,0.0,6985,-232902.52499999758,0.825716119667973,0.5354330708661418,-33.34323908375055,-564146.7749999975,295.0367647058824,-411.8151078582427,True
confidence_no_after_2pm,0.435759209344115,1.25,22.5,22.5,False,0.5,11317,-233992.25156249726,0.9332101281190113,0.47327030131660336,-20.676173152116043,-655130.4585937477,610.421386791682,-587.7217244118011,True
confidence_no_high_vol,0.43108233117483813,0.5,15.0,15.0,True,0.5,16267,-237799.38749999955,0.759953673867129,0.472551791971476,-14.618515245589203,-265550.11499999865,97.93679914140759,-115.45915646853145,True
confidence_and_adx,0.435759209344115,1.25,22.5,30.0,False,0.5,12701,-244239.70078124618,0.93849017523539,0.47752145500354304,-19.229958332512886,-876163.1414062467,614.4275700741961,-598.3639109827074,True
confidence_no_high_vol,0.435759209344115,1.25,11.25,22.5,False,0.5,6985,-248517.0187499968,0.8334992260065729,0.6319255547602004,-35.57867125984206,-618782.1234374963,281.84656773901224,-580.5475568844795,True
confidence_and_adx,0.435759209344115,1.25,18.75,22.5,False,0.5,12701,-256887.31171874463,0.9300610651029392,0.5092512400598378,-20.225754800310575,-833579.814843746,528.159496028525,-589.2865284824716,True
confidence_no_high_vol,0.435759209344115,1.0,15.0,30.0,False,0.0,6985,-257782.79999999548,0.8194827141415414,0.5268432355046528,-36.905196850393054,-626119.7999999949,318.0,-432.07951588502135,True
confidence_no_high_vol,0.435759209344115,1.25,11.25,15.0,False,0.0,6985,-263675.5312499979,0.8119181329269987,0.6319255547602004,-37.74882337151008,-602101.9687499977,257.87118401676486,-545.2815781796958,True
confidence_no_after_2pm,0.435759209344115,1.0,18.75,15.0,False,0.5,11317,-266268.3299999976,0.8925862174015388,0.48899885128567644,-23.528172660598884,-528684.8193749978,399.825533632996,-428.6534382024897,True
confidence_threshold,0.435759209344115,1.25,15.0,15.0,False,0.5,18447,-270305.6648437475,0.9381008780989065,0.5567300916138126,-14.653096158928147,-958568.8781249969,398.8868856499513,-534.0435343608596,True
confidence_no_high_vol,0.435759209344115,1.0,11.25,15.0,False,0.5,6985,-275085.6712499985,0.75562206221289,0.6319255547602004,-39.38234377236915,-500351.2818749987,192.69847360670593,-437.828367852975,True
confidence_no_high_vol,0.43108233117483813,0.5,11.25,30.0,True,0.0,16267,-287563.80000000005,0.6739884518884804,0.5572631708366632,-17.677740210241595,-287993.84999999776,65.58218422504137,-122.47518744793116,True
confidence_threshold,0.435759209344115,1.25,22.5,15.0,False,0.0,18447,-292773.6562499977,0.9441408811030627,0.47828915270775735,-15.871071515693483,-1072183.4999999974,560.865128782727,-544.6058486596007,True
confidence_no_after_2pm,0.435759209344115,1.25,18.75,15.0,False,0.0,11317,-305555.53124999674,0.9010054453612778,0.5097640717504639,-26.999693492091257,-680337.187499997,482.0651326053042,-556.3426966925012,True
confidence_no_high_vol,0.43108233117483813,0.5,11.25,22.5,True,0.0,16267,-306060.4499999997,0.657068325052497,0.544599495911969,-18.814806049056354,-306453.74999999715,66.19503894344737,-120.47547246220303,True
confidence_no_high_vol,0.435759209344115,1.0,15.0,22.5,False,0.0,6985,-310072.949999996,0.787692586418489,0.5354330708661418,-44.39125984251911,-659239.7249999961,307.5982620320856,-450.07409861325,True
confidence_no_after_2pm,0.43108233117483813,0.5,11.25,30.0,True,0.5,18603,-313089.7124999997,0.669831396119287,0.5777562758694834,-16.83006571520721,-313528.76249999757,59.097739114253834,-120.72211489497137,True
confidence_threshold,0.435759209344115,1.0,22.5,15.0,False,0.5,18447,-315125.4206249983,0.9253194903699221,0.4452756545779802,-17.082746279882816,-864198.8737499982,475.34964823776477,-412.3568290090881,True
confidence_and_adx,0.43108233117483813,0.5,11.25,30.0,True,0.5,20899,-321605.09999999864,0.6928113405835786,0.5833771950811043,-15.38854012153685,-321867.07499999605,59.49189222440952,-120.24006546456869,True
confidence_threshold,0.43108233117483813,0.5,11.25,15.0,True,0.0,32080,-328559.2499999964,0.8132027512063751,0.5102556109725686,-10.241871882792905,-328752.44999998575,87.38158409188114,-111.98958359862465,True
confidence_no_high_vol,0.435759209344115,1.25,11.25,30.0,False,0.0,6985,-329338.59374999604,0.7916157635859564,0.6178954903364352,-47.149404974945746,-703747.2187499952,289.875,-592.1465319408003,True
confidence_no_after_2pm,0.43108233117483813,0.5,11.25,22.5,True,0.5,18603,-330656.2124999997,0.6524592271661945,0.5631887330000538,-17.774348895339443,-331095.2624999974,59.24986398778278,-117.08307131429976,True
confidence_no_after_2pm,0.435759209344115,1.25,22.5,30.0,False,0.5,11317,-331199.74921874766,0.9090338691793016,0.47327030131660336,-29.265684299615415,-775145.9343749981,617.9449293140868,-610.7889264594861,True
confidence_and_adx,0.43108233117483813,0.5,11.25,22.5,True,0.5,20899,-340966.7999999983,0.6754197862659657,0.5686874970094263,-16.314981578065854,-341192.02499999513,59.69866848969297,-116.53932493898374,True
confidence_no_high_vol,0.43108233117483813,0.5,11.25,15.0,True,0.0,16267,-351161.9624999997,0.6170622090365908,0.512264092948915,-21.58738319911475,-351434.3624999961,67.9057902316093,-115.61030162632376,True
confidence_no_after_2pm,0.435759209344115,1.25,18.75,22.5,False,0.5,11317,-357449.1726562462,0.894218178007024,0.5039321374922683,-31.585152660267404,-764154.0421874974,529.838333031957,-601.9090106764334,True
confidence_no_high_vol,0.435759209344115,1.0,11.25,30.0,False,0.5,6985,-359289.47812499705,0.7129721745191187,0.6319255547602004,-51.437291070149904,-601098.290624997,202.19050181241505,-486.8760611143513,True
confidence_no_after_2pm,0.43108233117483813,0.5,11.25,15.0,True,0.5,18603,-360848.8687499997,0.6224372963958981,0.538139009837123,-19.39734820996612,-361287.9187499977,59.42297722505247,-111.23513660963687,True
confidence_and_adx,0.43108233117483813,0.5,11.25,15.0,True,0.5,20899,-374311.2374999982,0.6453240949808827,0.5439016220871812,-17.910485549547737,-374499.71249999595,59.91467405647937,-110.71772319555177,True
confidence_no_high_vol,0.435759209344115,1.25,11.25,22.5,False,0.0,6985,-377458.4999999964,0.7629081274764905,0.5998568360773086,-54.038439513242146,-728868.6562499958,289.875,-569.6009838998199,True
confidence_no_high_vol,0.435759209344115,1.0,11.25,22.5,False,0.5,6985,-383217.61499999743,0.6963277069017817,0.6319255547602004,-54.86293700787365,-610937.7318749976,199.0772541912098,-490.8380455075836,True
confidence_and_adx,0.435759209344115,1.25,18.75,30.0,False,0.5,12701,-383369.4093749948,0.9002278311749734,0.5092512400598378,-30.18419095937287,-985154.9414062456,534.7988527655381,-616.4685366697408,True
confidence_and_adx,0.435759209344115,1.0,22.5,15.0,False,0.0,12701,-385315.0499999982,0.8716942924404756,0.46145972758050546,-30.3373789465395,-765735.0749999997,446.64500085309675,-439.04991228070145,True
confidence_threshold,0.435759209344115,1.25,22.5,22.5,False,0.5,18447,-386147.2265624957,0.9315786519714672,0.4695072369490974,-20.932792679703784,-1227384.7781249948,607.0336730386214,-576.7081410944201,True
confidence_and_adx,0.435759209344115,1.0,15.0,15.0,False,0.5,12701,-395308.3743749983,0.8416103893554291,0.561609322100622,-31.124192927722095,-712361.9118749984,294.4748352726763,-448.23947097252125,True
confidence_no_high_vol,0.435759209344115,1.0,11.25,15.0,False,0.0,6985,-395344.4249999985,0.6680107236525676,0.5541875447387259,-56.599058697208086,-596916.8249999988,205.5,-382.4132707129089,True
confidence_and_adx,0.43108233117483813,1.25,22.5,15.0,False,0.5,20899,-395809.3546875018,0.9303794889537504,0.43552323077659216,-18.939152815326178,-668124.2320312499,581.1284582028674,-481.92257194625756,True
confidence_no_high_vol,0.43108233117483813,1.25,18.75,30.0,False,0.5,16267,-413486.27109374985,0.8958919009764323,0.4242945841273744,-25.41871710172434,-964962.7921874947,515.533905819871,-424.1005113788041,True
confidence_no_high_vol,0.43108233117483813,0.5,11.25,30.0,True,0.5,16267,-415011.3675,0.5279267111619954,0.5594147660908588,-25.512471107149445,-415273.3424999994,51.001483516483525,-122.66288091251572,True
confidence_and_adx,0.435759209344115,1.25,11.25,15.0,False,0.5,12701,-419117.1374999987,0.8359570635317815,0.6466419966931738,-32.998751082591816,-750389.3999999999,260.0519013302082,-569.2788331383687,True
confidence_no_after_2pm,0.435759209344115,1.0,15.0,15.0,False,0.5,11317,-422584.2112499984,0.8147137433387669,0.5605725899089865,-37.34065664487041,-633170.1824999984,292.89497950819674,-458.61853232455223,True
confidence_no_high_vol,0.43108233117483813,0.5,11.25,22.5,True,0.5,16267,-424259.6924999999,0.5184251014917196,0.5497018503719187,-26.081004026556826,-424484.9174999993,51.07628326996199,-120.27082832764505,True
confidence_threshold,0.435759209344115,1.0,18.75,15.0,False,0.5,18447,-434644.8562499973,0.8916052876331434,0.4849026942050198,-23.561817978532947,-967252.1774999977,399.6858171464506,-421.99899922384736,True
confidence_and_adx,0.435759209344115,1.0,22.5,22.5,False,0.5,12701,-437732.1543749967,0.8645074068636297,0.45311392803716244,-34.46438503857938,-847361.9324999966,485.30669830582104,-465.1126120249059,True
confidence_and_adx,0.43108233117483813,1.25,18.75,15.0,False,0.5,20899,-439957.82109375007,0.9189935578147429,0.4649504760993349,-21.051620704040868,-735002.8570312487,513.655270241587,-485.7043536068012,True
confidence_and_adx,0.435759209344115,1.25,22.5,22.5,False,0.0,12701,-443586.09374999546,0.8905517496797987,0.48641839225257855,-34.925288855207896,-1029350.0624999963,584.2252954030429,-621.3291382416057,True
confidence_no_after_2pm,0.435759209344115,1.0,22.5,15.0,False,0.0,11317,-446258.69999999815,0.8383303057763705,0.45745338870725455,-39.43259697799754,-693614.0999999985,446.9871933552249,-449.5621172638433,True
confidence_no_high_vol,0.43108233117483813,0.5,11.25,15.0,True,0.5,16267,-446810.44874999986,0.4950199092546401,0.5264031474764861,-27.467292601586024,-446998.9237500006,51.15001751722528,-114.85047361760122,True
confidence_no_high_vol,0.435759209344115,1.0,11.25,30.0,False,0.0,6985,-447874.87499999674,0.6644661709604818,0.6178954903364352,-64.11952397995658,-678185.849999997,205.5,-500.1172255526402,True
confidence_no_high_vol,0.43108233117483813,1.25,22.5,30.0,False,0.5,16267,-450825.2625000013,0.88768542058339,0.4048072785393742,-27.71409986475695,-980200.1507812466,541.0973622579725,-414.57874333492566,True
confidence_and_adx,0.435759209344115,1.25,15.0,15.0,False,0.0,12701,-463220.3437499978,0.8513003888236187,0.5655460199984254,-36.471171069206974,-912682.5937499976,369.19410413476265,-564.5417893711484,True
confidence_no_after_2pm,0.435759209344115,1.25,18.75,30.0,False,0.5,11317,-470388.8601562463,0.8669656063890897,0.5039321374922683,-41.56480163967892,-898579.0617187466,537.5162410408996,-629.8261458518875,True
confidence_threshold,0.435759209344115,1.25,18.75,15.0,False,0.0,18447,-477393.37499999633,0.904262879051859,0.5060443432536456,-25.879187672792124,-1225783.7812499953,483.03255891805037,-547.2456444798065,True
confidence_no_after_2pm,0.435759209344115,1.25,11.25,15.0,False,0.5,11317,-480530.6132812485,0.7958860748703307,0.640629141998763,-42.46095372282836,-699556.1671874991,258.44094827586207,-578.8609511387382,True
confidence_no_after_2pm,0.435759209344115,1.0,22.5,22.5,False,0.5,11317,-485962.60124999785,0.8360341835240462,0.44932402580189096,-42.940938521692836,-760727.5668749968,487.2845143805308,-475.57836278481983,True
confidence_no_high_vol,0.435759209344115,1.0,11.25,22.5,False,0.0,6985,-486370.79999999714,0.6390343648931547,0.5998568360773086,-69.63075161059372,-699583.9499999976,205.5,-482.0807871198558,True
confidence_and_adx,0.435759209344115,1.0,18.75,15.0,False,0.0,12701,-489995.6999999971,0.8278800648985675,0.4982284859459885,-38.57930084245312,-848269.8749999981,372.44491545512017,-446.701259218578,True
confidence_no_high_vol,0.435759209344115,0.5,18.75,15.0,False,0.5,6985,-491107.13718749897,0.47410065011304314,0.44022906227630637,-70.30882422154602,-529555.464374999,143.97896341463414,-238.83438610933476,True
confidence_no_high_vol,0.435759209344115,0.5,22.5,15.0,False,0.5,6985,-494262.3656249992,0.4996608227494208,0.35318539727988546,-70.76053910164627,-537367.6293749992,200.0779286582894,-218.6486533034527,True
confidence_no_high_vol,0.435759209344115,0.5,22.5,30.0,False,0.5,6985,-503728.9096874981,0.5007287573079898,0.35318539727988546,-72.11580668396537,-566358.556874998,204.78290940413459,-223.31304718625455,True
confidence_no_high_vol,0.435759209344115,0.5,18.75,30.0,False,0.5,6985,-508105.55812499777,0.47319573624238814,0.44022906227630637,-72.74238484251937,-564028.9518749977,148.42271341463416,-246.67657336956464,True
confidence_no_after_2pm,0.435759209344115,1.25,15.0,15.0,False,0.0,11317,-518474.43749999785,0.8182032389667179,0.564460546081117,-45.81377021295377,-824236.8749999978,365.289757161866,-578.6052761716368,True
confidence_no_high_vol,0.435759209344115,0.5,15.0,15.0,False,0.5,6985,-521940.6365624989,0.3847143907764329,0.5354330708661418,-74.72306894237637,-531470.114062499,87.2591911764706,-261.4144873844373,True
confidence_and_adx,0.435759209344115,1.25,15.0,22.5,False,0.5,12701,-521976.5273437463,0.8491659815895628,0.5641288087552161,-41.09727795793609,-1005100.635937498,410.1361640788555,-625.1087685998457,True
confidence_no_after_2pm,0.43108233117483813,1.25,22.5,15.0,False,0.5,18603,-523149.124218749,0.8995400322578195,0.43299467827769716,-28.121761233067193,-678762.843749999,581.550480679702,-493.6991132057023,True
confidence_no_high_vol,0.435759209344115,0.5,22.5,22.5,False,0.5,6985,-528550.0415624984,0.487050722892901,0.35318539727988546,-75.669297288833,-582434.3203124987,203.43081171463317,-228.0685821298137,True
confidence_no_after_2pm,0.435759209344115,1.25,22.5,22.5,False,0.0,11317,-530430.749999997,0.8575716938540882,0.48184147742334543,-46.87026155341495,-932671.0312499963,585.6893453145057,-635.0946026602995,True
confidence_and_adx,0.435759209344115,1.0,22.5,30.0,False,0.5,12701,-530698.1606249971,0.841865809013658,0.45311392803716244,-41.78396666601032,-961340.113124996,490.92974348392704,-483.1556052944136,True
confidence_no_high_vol,0.435759209344115,0.5,18.75,22.5,False,0.5,6985,-531210.834374998,0.46011424246869914,0.44022906227630637,-76.05022682533973,-578816.884687499,147.2263719512195,-251.64499440537034,True
confidence_no_high_vol,0.43108233117483813,1.25,18.75,15.0,False,0.5,16267,-531820.760156251,0.8679319947392707,0.4242945841273744,-32.6932292467112,-921076.7882812481,506.3821767014996,-429.99151561665786,True
confidence_and_adx,0.435759209344115,1.25,22.5,30.0,False,0.0,12701,-532044.843749996,0.8739914102749737,0.48641839225257855,-41.889996358554136,-1148051.5312499974,597.3204010197474,-647.2926998696911,True
confidence_threshold,0.435759209344115,1.25,22.5,30.0,False,0.5,18447,-537579.4640624954,0.90812006971733,0.4695072369490974,-29.141836833224666,-1410531.328124994,613.4755352658468,-597.8838212752908,True
confidence_no_high_vol,0.435759209344115,0.5,22.5,30.0,False,0.0,6985,-538948.162499998,0.48298523873216503,0.3507516105941303,-77.15793307086585,-599437.9499999974,205.5,-229.86177783902932,True
confidence_no_high_vol,0.435759209344115,0.5,22.5,15.0,False,0.0,6985,-539380.1249999992,0.4709864898711737,0.35318539727988546,-77.21977451682164,-575730.8999999987,194.65585731657885,-225.6742197875164,True
confidence_and_adx,0.435759209344115,1.0,18.75,22.5,False,0.5,12701,-540816.2493749957,0.8258714189532891,0.49334698055271237,-42.580603840248465,-927273.4518749956,409.3565247965209,-482.6486765734259,True
confidence_no_high_vol,0.435759209344115,0.5,18.75,15.0,False,0.0,6985,-541184.9624999989,0.4407581456292773,0.44022906227630637,-77.47816213314229,-570929.6624999983,138.7079268292683,-247.49663363171325,True
confidence_no_after_2pm,0.435759209344115,1.0,18.75,15.0,False,0.0,11317,-543213.2249999974,0.7925309702147311,0.4935937085800124,-47.999754793673006,-780892.9499999974,371.47737647690656,-456.8636974350022,True
confidence_no_high_vol,0.435759209344115,0.5,18.75,30.0,False,0.0,6985,-547005.0374999975,0.4540426750799224,0.43636363636363634,-78.31138690050072,-599138.4749999966,149.25,-254.4879445008884,True
confidence_no_after_2pm,0.43108233117483813,1.25,18.75,15.0,False,0.5,18603,-547164.5062499982,0.8900295936628689,0.46169972585066926,-29.412702588292117,-721031.3929687481,515.5893432915649,-496.8605328321599,True
confidence_no_high_vol,0.435759209344115,0.5,15.0,30.0,False,0.5,6985,-547394.669999998,0.3850549507731929,0.5354330708661418,-78.36716821760886,-570940.0312499981,91.64639037433155,-274.31499845916727,True
confidence_no_high_vol,0.43108233117483813,1.25,15.0,30.0,False,0.5,16267,-560709.1710937499,0.8541023444238863,0.4781459396323846,-34.46911975740763,-1018166.397656247,422.0183366747557,-452.7232646660384,True
confidence_threshold,0.43108233117483813,0.5,11.25,30.0,True,0.5,32080,-562734.0674999985,0.6591275571512197,0.5745324189526184,-17.541585645261797,-562996.0425,59.038033747490694,-120.95128342735727,True
confidence_no_after_2pm,0.435759209344115,1.0,22.5,30.0,False,0.5,11317,-563728.5993749981,0.8166024876664114,0.44932402580189096,-49.81254743969233,-856325.7468749974,493.6241161504423,-493.2296582156607,True
confidence_no_after_2pm,0.435759209344115,1.25,15.0,22.5,False,0.5,11317,-566828.3859374977,0.8213100709682368,0.5627816559158788,-50.086452764645905,-903416.1843749984,409.0603766780499,-641.0941643088112,True
confidence_no_high_vol,0.435759209344115,0.5,15.0,22.5,False,0.5,6985,-567615.2081249983,0.3732922575837857,0.5354330708661418,-81.26201977451657,-583309.865624999,90.3995655080214,-279.1092706086281,True
confidence_no_high_vol,0.435759209344115,0.5,22.5,22.5,False,0.0,6985,-568846.9874999983,0.46617518346864856,0.35318539727988546,-81.43836614173205,-619476.5624999983,201.3616234292663,-235.85792662682562,True
confidence_threshold,0.435759209344115,1.25,18.75,22.5,False,0.5,18447,-572127.4124999943,0.8950328043707029,0.500406570174012,-31.014658887623693,-1379585.5570312433,528.4809834051024,-591.4209386189773,True
confidence_no_high_vol,0.435759209344115,0.5,18.75,22.5,False,0.0,6985,-575364.1874999979,0.4376344355991065,0.4294917680744452,-82.37139405869691,-618003.2249999979,149.25,-256.7413268506896,True
confidence_no_high_vol,0.435759209344115,0.5,15.0,15.0,False,0.0,6985,-577461.2624999988,0.35335428186078705,0.48575518969219755,-82.67161954187527,-578169.5999999985,93.0,-248.61087486080143,True
confidence_no_after_2pm,0.435759209344115,1.0,18.75,22.5,False,0.5,11317,-584728.1381249969,0.7951145888657181,0.48899885128567644,-51.668122128213916,-847946.4337499972,410.046892505421,-493.5029640757387,True
confidence_no_high_vol,0.435759209344115,0.5,15.0,30.0,False,0.0,6985,-589901.3999999977,0.36715459693132485,0.5268432355046528,-84.45259842519653,-608366.2499999979,93.0,-282.0397579425107,True
confidence_threshold,0.43108233117483813,0.5,11.25,22.5,True,0.5,32080,-590302.4924999982,0.6435262106701659,0.5610037406483791,-18.400950514339094,-590527.7174999996,59.21246457742963,-117.58497603493569,True
confidence_and_adx,0.435759209344115,1.25,18.75,22.5,False,0.0,12701,-592916.4374999942,0.8481463200518122,0.5149988189906307,-46.68265786158524,-1145123.9062499958,506.2846993961168,-633.8514052353887,True
confidence_no_after_2pm,0.435759209344115,1.25,22.5,30.0,False,0.0,11317,-598491.0937499974,0.8454648349684396,0.48184147742334543,-52.884253225236144,-1026857.7187499977,600.468767192371,-660.4446250426325,True
confidence_no_high_vol,0.435759209344115,0.5,11.25,15.0,False,0.5,6985,-598552.8356249994,0.19203149187284174,0.5541875447387259,-85.69117188618459,-598827.8756249995,36.75,-237.89726577552966,True
confidence_no_high_vol,0.43108233117483813,1.25,22.5,15.0,False,0.5,16267,-610023.4875000019,0.8520716302719756,0.4048072785393742,-37.50067544722456,-962041.523437499,533.5994977932801,-425.92193559892075,True
confidence_no_high_vol,0.435759209344115,0.5,15.0,22.5,False,0.0,6985,-616046.4749999981,0.35255059399921235,0.5163922691481747,-88.19562992125957,-625367.624999999,93.0,-281.6748001776193,True
confidence_no_high_vol,0.43108233117483813,1.25,15.0,15.0,False,0.5,16267,-619296.2742187502,0.8377543418681084,0.4781459396323846,-38.07071213000247,-944045.0320312486,411.12523272772563,-449.64404928436795,True
confidence_no_high_vol,0.43108233117483813,1.25,18.75,22.5,False,0.5,16267,-635111.3179687494,0.8478873689853422,0.4242945841273744,-39.04292850364231,-1072116.6351562464,512.9178162806071,-445.8377027162306,True
confidence_threshold,0.43108233117483813,0.5,11.25,15.0,True,0.5,32080,-639838.8674999978,0.6152668796036342,0.5368765586034913,-19.945101854738088,-640027.3424999986,59.410851767984745,-111.93861260685195,True
confidence_no_high_vol,0.435759209344115,0.5,11.25,30.0,False,0.5,6985,-640654.7390624986,0.19844789455163697,0.6178954903364352,-91.71864553507496,-640966.5290624984,36.75,-299.46337169820106,True
confidence_and_adx,0.435759209344115,1.0,18.75,30.0,False,0.5,12701,-642001.9274999958,0.8019358987440778,0.49334698055271237,-50.54735276749829,-1048533.5531249952,414.83923904803703,-503.71167045454484,True
confidence_no_high_vol,0.43108233117483813,1.25,18.75,30.0,False,0.0,16267,-642199.0312499998,0.846883912216122,0.4324091719431979,-39.47863965390052,-1139033.4374999949,504.9755384560705,-454.26155840463554,True
confidence_no_high_vol,0.435759209344115,0.5,11.25,22.5,False,0.5,6985,-652618.8074999987,0.19090286436214368,0.5998568360773086,-93.43146850393683,-652893.8474999991,36.75,-288.5872298747759,True
confidence_no_high_vol,0.435759209344115,0.5,11.25,15.0,False,0.0,6985,-658682.2124999992,0.17761504012535764,0.5541875447387259,-94.29952934860404,-658956.2625000001,36.75,-257.20663535645446,True
confidence_no_high_vol,0.43108233117483813,1.25,22.5,30.0,False,0.0,16267,-659666.4375000013,0.8442978476503229,0.4157496772607119,-40.55243360791795,-1144163.2499999963,528.9152234585242,-445.78283814709596,True
confidence_and_adx,0.435759209344115,1.0,11.25,15.0,False,0.5,12701,-670600.1099999989,0.689884706114748,0.6466419966931738,-52.799000866073456,-861015.1143749998,181.64152106416657,-481.82306651069496,True
confidence_no_after_2pm,0.435759209344115,1.25,18.75,22.5,False,0.0,11317,-670933.3124999958,0.8132862669165924,0.5097640717504639,-59.2854389414152,-1055091.3749999972,506.5776131045242,-647.6891785328039,True
confidence_and_adx,0.435759209344115,1.25,15.0,30.0,False,0.5,12701,-674361.3257812462,0.8158606578421588,0.5641288087552161,-53.09513627125787,-1177544.4773437483,417.00941948709,-661.530674928874,True
confidence_no_after_2pm,0.435759209344115,1.0,18.75,30.0,False,0.5,11317,-675079.888124997,0.7734105894081204,0.48899885128567644,-59.651841311743134,-955240.8131249957,416.3767962820744,-515.1840011672139,True
confidence_no_after_2pm,0.435759209344115,1.0,11.25,15.0,False,0.5,11317,-683193.2906249987,0.6568162655806309,0.640629141998763,-60.36876297826268,-796215.3337499992,180.35275862068966,-489.48876091099055,True
confidence_no_high_vol,0.435759209344115,0.5,11.25,30.0,False,0.0,6985,-684947.4374999984,0.18802802140658748,0.6178954903364352,-98.0597619899783,-685258.2374999993,36.75,-316.0586127763201,True
confidence_no_high_vol,0.43108233117483813,1.25,22.5,22.5,False,0.5,16267,-686212.467187501,0.8379841848144655,0.4048072785393742,-42.18432822201395,-1096127.0882812473,538.9906566771069,-437.45775061002377,True
confidence_and_adx,0.435759209344115,1.0,22.5,22.5,False,0.0,12701,-690175.2749999964,0.7981293094342583,0.46145972758050546,-54.34023108416632,-1083889.6499999983,465.5728715236308,-499.83887061403453,True
confidence_and_adx,0.435759209344115,1.25,18.75,30.0,False,0.0,12701,-690192.3749999943,0.8311533338449318,0.5149988189906307,-54.3415774348472,-1271643.4687499967,519.4152174743923,-663.5856026785705,True
confidence_threshold,0.435759209344115,1.0,15.0,15.0,False,0.5,18447,-703245.3318749979,0.8104668371402117,0.5540196237870656,-38.122476927142515,-1140241.5281249974,294.2429060665362,-451.00374764494927,True
confidence_no_high_vol,0.435759209344115,0.5,11.25,22.5,False,0.0,6985,-704195.3999999986,0.17942957981089963,0.5998568360773086,-100.81537580529687,-704469.4499999993,36.75,-307.04039355992796,True
confidence_and_adx,0.435759209344115,1.0,15.0,15.0,False,0.0,12701,-705882.6749999981,0.7324749525232299,0.561609322100622,-55.57693685536557,-990555.6749999995,270.9496705453526,-473.8805091594824,True
confidence_no_after_2pm,0.435759209344115,1.25,15.0,30.0,False,0.5,11317,-710572.8304687473,0.7889699564155681,0.5627816559158788,-62.788091408389796,-1065179.261718748,417.11280837847386,-680.510167144553,True
confidence_no_after_2pm,0.435759209344115,1.0,15.0,15.0,False,0.0,11317,-713548.3499999982,0.7042173652353192,0.5605725899089865,-63.05101617036301,-895959.8999999987,267.7899590163934,-485.10111602654297,True
confidence_threshold,0.435759209344115,1.0,22.5,15.0,False,0.0,18447,-721219.7249999981,0.8380445457948272,0.45416598904971,-39.09685721255479,-1232180.8499999985,445.4497970876104,-442.26816218095126,True
confidence_no_after_2pm,0.435759209344115,1.0,22.5,22.5,False,0.0,11317,-723113.3999999976,0.7695565385630637,0.45745338870725455,-63.896209242731956,-982760.0249999979,466.4492370098511,-511.06206840390837,True
confidence_and_adx,0.43108233117483813,1.25,15.0,15.0,False,0.5,20899,-723443.2171875006,0.857535454327435,0.5192592947030958,-34.61616427520458,-951185.5054687494,401.27301159924434,-505.43027162959095,True
confidence_threshold,0.435759209344115,1.25,18.75,30.0,False,0.5,18447,-743093.9367187439,0.869221646700772,0.500406570174012,-40.28264415453699,-1579322.4867187412,535.0441689348391,-616.5458615620925,True
confidence_no_after_2pm,0.435759209344115,1.0,15.0,22.5,False,0.5,11317,-752231.5087499982,0.7181447204477628,0.5605725899089865,-66.46916221171672,-959303.347499998,302.1162909836066,-536.6694668711036,True
confidence_no_after_2pm,0.435759209344115,1.25,18.75,30.0,False,0.0,11317,-752793.4687499959,0.7999386944840142,0.5097640717504639,-66.51881848104586,-1162272.9374999967,521.7577515600624,-678.2289000540728,True
confidence_and_adx,0.435759209344115,1.0,15.0,22.5,False,0.5,12701,-752887.621874997,0.741745791414264,0.561609322100622,-59.27782236634887,-1064490.1087499978,303.1556147483527,-523.5805714574348,True
confidence_no_high_vol,0.43108233117483813,1.0,18.75,30.0,False,0.5,16267,-760237.8168749998,0.7784126825549381,0.3968156390237905,-46.734973681379465,-1032842.9324999979,413.7311552091402,-349.66086666836526,True
confidence_and_adx,0.435759209344115,1.0,22.5,30.0,False,0.0,12701,-760942.2749999966,0.7859145719572046,0.46145972758050546,-59.91199708684329,-1178850.8249999993,476.6155690155264,-519.6470942982452,True
confidence_no_high_vol,0.43108233117483813,1.25,15.0,22.5,False,0.5,16267,-761485.5210937494,0.8105238392236651,0.4781459396323846,-46.811675237828084,-1112335.6593749966,418.79831706817305,-473.4242939392153,True
confidence_no_after_2pm,0.435759209344115,1.0,22.5,30.0,False,0.0,11317,-777561.674999998,0.7612529541164195,0.45745338870725455,-68.70740258018891,-1058109.374999998,478.9031195673168,-530.4304763843644,True
confidence_threshold,0.435759209344115,1.25,11.25,15.0,False,0.5,18447,-784470.1804687486,0.7955294474729496,0.6363094270071015,-42.525623704057494,-1238200.3781249984,260.020640760777,-571.8575736650394,True
confidence_no_high_vol,0.43108233117483813,1.0,22.5,30.0,False,0.5,16267,-790109.0100000009,0.772669818537363,0.3652794000122948,-48.57127989180555,-1049024.7787499984,451.9508595590711,-336.61995326876524,True
confidence_no_after_2pm,0.43108233117483813,1.25,15.0,15.0,False,0.5,18603,-792565.2328124993,0.8294876842524413,0.5177121969574799,-42.604162383083334,-905120.3179687497,400.32971199771566,-518.0718556690258,True
confidence_threshold,0.435759209344115,1.0,22.5,22.5,False,0.5,18447,-795918.5812499964,0.833461636243777,0.4452756545779802,-43.14623414376302,-1356929.6006249948,484.93693823046016,-467.0370948768686,True
confidence_no_high_vol,0.43108233117483813,1.25,15.0,30.0,False,0.0,16267,-807859.2187499998,0.8012238581334367,0.48121964713837834,-49.662458889162096,-1203788.1562499986,415.981947815534,-481.5933056345539,True
confidence_and_adx,0.435759209344115,1.0,18.75,22.5,False,0.0,12701,-809639.5499999954,0.7538455216982254,0.4982284859459885,-63.7461262892682,-1176508.724999997,391.8319650758534,-516.1073630943034,True
confidence_threshold,0.43108233117483813,1.25,22.5,15.0,False,0.5,32080,-821283.3914062509,0.9066730015047055,0.4304862842892768,-25.601103223386872,-1256052.7921874989,577.7537150954923,-481.6673342569787,True
confidence_and_adx,0.435759209344115,1.25,11.25,15.0,False,0.0,12701,-823176.4687499986,0.6966976305897588,0.6466419966931738,-64.81194148098564,-1110301.0312499995,230.22880266041642,-604.7338736631013,True
confidence_no_high_vol,0.43108233117483813,1.25,18.75,15.0,False,0.0,16267,-828171.9375000012,0.8053118939367573,0.4324091719431979,-50.91116601094247,-1132552.5937500005,487.01556280210406,-460.7212613722519,True
confidence_no_after_2pm,0.435759209344115,1.0,18.75,22.5,False,0.0,11317,-835515.4499999967,0.7236794471984637,0.4935937085800124,-73.82835115313216,-1080696.299999997,391.7297932330827,-527.6074114465183,True
confidence_threshold,0.435759209344115,1.25,15.0,15.0,False,0.0,18447,-839793.4687499972,0.8187596216583078,0.5583563723098607,-45.52466356318085,-1462706.999999998,368.3296875,-568.7479133423343,True
confidence_no_after_2pm,0.435759209344115,0.5,22.5,15.0,False,0.5,11317,-840447.5643749991,0.517125795087771,0.412653530087479,-74.26416580144907,-843764.3165625,192.7329362955032,-261.8490111140363,True
confidence_threshold,0.435759209344115,1.25,22.5,22.5,False,0.0,18447,-852038.0624999952,0.8579327116030799,0.47828915270775735,-46.18843511139997,-1661194.312499997,583.1789676130568,-623.1739498908971,True
confidence_no_high_vol,0.43108233117483813,1.0,18.75,15.0,False,0.5,16267,-854905.4081250009,0.7539846093699192,0.3968156390237905,-52.55458339736896,-998063.0306249994,405.902776045701,-354.1589714125562,True
confidence_no_after_2pm,0.435759209344115,1.25,11.25,15.0,False,0.0,11317,-855782.9062499984,0.6579034402130366,0.640629141998763,-75.61923709905437,-1035839.7187499999,227.00689655172414,-615.0929201499872,True
confidence_and_adx,0.43108233117483813,1.25,22.5,30.0,False,0.5,20899,-857036.1820312513,0.8637277230343369,0.43552323077659216,-41.00847801479742,-1278231.157031247,596.8039278798615,-533.1139725009537,True
confidence_no_after_2pm,0.435759209344115,1.0,15.0,30.0,False,0.5,11317,-867227.064374998,0.6930040978313117,0.5605725899089865,-76.63047312671185,-1088251.396874997,308.58362232030265,-568.043749120249,True
confidence_and_adx,0.43108233117483813,1.0,22.5,15.0,False,0.5,20899,-868381.0837500014,0.821592905685818,0.407722857552993,-41.55132225226094,-936650.5856250003,469.31490772796616,-393.231007634513,True
confidence_threshold,0.435759209344115,1.0,18.75,15.0,False,0.0,18447,-868915.499999997,0.7947672353519313,0.4900525830758389,-47.103350138233694,-1356094.0499999973,372.2222870575222,-450.0696263420854,True
confidence_and_adx,0.435759209344115,1.0,15.0,30.0,False,0.5,12701,-874795.460624997,0.7156618009671663,0.561609322100622,-68.8761090170063,-1201723.916249997,308.67888686387215,-552.5506394800641,True
confidence_and_adx,0.435759209344115,1.25,11.25,22.5,False,0.5,12701,-874883.2101562473,0.7167636583576766,0.6466419966931738,-68.88301788491042,-1194652.3218749983,269.57229772920977,-688.2532289229607,True
confidence_and_adx,0.435759209344115,1.25,15.0,22.5,False,0.0,12701,-875311.2187499959,0.7622749863889297,0.5655460199984254,-68.91671669553547,-1329941.812499998,390.74498816650424,-667.2766344237035,True
confidence_threshold,0.43108233117483813,1.25,18.75,15.0,False,0.5,32080,-876776.61796875,0.8959900296235581,0.4584164588528678,-27.330941956631857,-1348686.6890624978,513.5971464134537,-485.19260119287446,True
confidence_no_high_vol,0.43108233117483813,1.25,22.5,15.0,False,0.0,16267,-877142.812500002,0.7986102711971026,0.4157496772607119,-53.92160893219413,-1157657.437500001,514.3141773251514,-458.27542021780323,True
confidence_no_high_vol,0.43108233117483813,1.0,15.0,30.0,False,0.5,16267,-878016.1368749997,0.7339784085737082,0.472551791971476,-53.975295805926095,-1075294.9612499964,315.14615584753477,-384.67886210664335,True
confidence_no_after_2pm,0.435759209344115,0.5,18.75,15.0,False,0.5,11317,-880056.1649999989,0.45862990879618054,0.48246001590527526,-77.76408633029945,-883157.4393749994,136.54816277472528,-277.54979234249595,True
confidence_and_adx,0.43108233117483813,1.25,22.5,22.5,False,0.5,20899,-881227.303125001,0.8592763875993185,0.43552323077659216,-42.16600330757458,-1171595.3390624975,591.176301396671,-530.822581879927,True
confidence_and_adx,0.435759209344115,1.0,18.75,30.0,False,0.0,12701,-887460.2999999954,0.7416931457589504,0.4982284859459885,-69.87326194787775,-1277724.3749999977,402.68995733249056,-539.0996940216532,True
confidence_and_adx,0.435759209344115,0.5,22.5,15.0,False,0.5,12701,-892560.2699999991,0.5322664979208628,0.41343201322730494,-70.27480277143525,-911138.5228124978,193.4310488478385,-256.14318221476503,True
confidence_no_after_2pm,0.435759209344115,1.25,15.0,22.5,False,0.0,11317,-896747.8124999976,0.7344125266373666,0.564460546081117,-79.23900437395048,-1207310.9999999988,388.18424682999375,-685.0210552343269,True
confidence_no_high_vol,0.43108233117483813,1.25,18.75,22.5,False,0.0,16267,-898385.9062499995,0.7964814946136035,0.4324091719431979,-55.22751006639206,-1268207.812499999,499.8415464174012,-478.0971887523015,True
confidence_no_after_2pm,0.435759209344115,1.25,11.25,22.5,False,0.5,11317,-899980.8374999978,0.6837977682142579,0.640629141998763,-79.52468299902782,-1109822.0296874978,268.4466594827586,-699.8325839070562,True
confidence_no_after_2pm,0.435759209344115,1.0,18.75,30.0,False,0.0,11317,-901003.5749999967,0.7148060036073423,0.4935937085800124,-79.61505478483667,-1166227.1999999967,404.2717508055854,-551.2590429244455,True
confidence_and_adx,0.43108233117483813,1.0,18.75,15.0,False,0.5,20899,-903699.856875,0.8054531832804552,0.44743767644384896,-43.241296563232694,-987838.6256249989,400.1126936958614,-402.2474589214583,True
confidence_no_after_2pm,0.43108233117483813,1.0,22.5,15.0,False,0.5,18603,-909638.4993749991,0.7956479903679873,0.40643982153416114,-48.89740898645375,-920304.2381249979,468.41592563814305,-403.12726979940226,True
confidence_and_adx,0.43108233117483813,1.25,22.5,15.0,False,0.0,20899,-912406.5000000019,0.8484626874205201,0.4449016699363606,-43.65790229197578,-1104504.4687500005,549.4295278554525,-519.0071761055082,True
confidence_threshold,0.435759209344115,1.0,22.5,30.0,False,0.5,18447,-917064.3712499961,0.814546047623234,0.4452756545779802,-49.713469466579724,-1503450.7949999932,490.3708772370343,-483.23763870565773,True
confidence_no_high_vol,0.43108233117483813,1.0,22.5,15.0,False,0.5,16267,-917467.5900000016,0.742534679272914,0.3652794000122948,-56.400540357779654,-1035425.9887499993,445.30347652305625,-345.1293799031478,True
confidence_no_high_vol,0.43108233117483813,1.0,15.0,15.0,False,0.5,16267,-924885.8193750002,0.7179910679607655,0.472551791971476,-56.85656970400198,-1016411.2256249974,306.3285091713282,-382.24161647727277,True
confidence_no_high_vol,0.43108233117483813,1.25,22.5,22.5,False,0.0,16267,-926886.937500001,0.7929297362466358,0.4157496772607119,-56.97958674002589,-1280836.5937499998,524.8127079328699,-470.98014322916674,True
confidence_no_after_2pm,0.43108233117483813,1.0,18.75,15.0,False,0.5,18603,-928850.8049999985,0.7814016113800278,0.44525076600548297,-49.93016207063369,-951493.914374998,400.85346930459974,-411.73644295058125,True
confidence_threshold,0.435759209344115,1.25,15.0,22.5,False,0.5,18447,-930453.8624999959,0.8189852869963253,0.5567300916138126,-50.439305171572386,-1607667.6210937467,409.90821598101263,-628.6182268099542,True
confidence_and_adx,0.435759209344115,0.5,18.75,15.0,False,0.5,12701,-934769.0784374985,0.47473719102977263,0.4848437130934572,-73.59806932032899,-942916.8712499975,137.19593922539786,-271.98864010201726,True
confidence_no_high_vol,0.43108233117483813,1.0,18.75,22.5,False,0.5,16267,-937537.8543749996,0.7391182652318055,0.3968156390237905,-57.63434280291386,-1119926.2068749962,411.4933550542215,-366.258404122503,True
confidence_no_high_vol,0.43108233117483813,1.0,18.75,30.0,False,0.0,16267,-943208.0249999998,0.7383439363543686,0.4059752873916518,-57.98291172312042,-1173675.899999996,403.0216081162932,-373.04798975473454,True
confidence_threshold,0.435759209344115,1.0,18.75,22.5,False,0.5,18447,-944702.7299999956,0.7949722260704276,0.4849026942050198,-51.21172711009896,-1479366.845624995,409.5001687395193,-484.91704266207074,True
confidence_no_high_vol,0.43108233117483813,1.25,15.0,15.0,False,0.0,16267,-949053.4687500002,0.7648475394994271,0.48121964713837834,-58.342255409725226,-1175230.7812499995,394.3348955671947,-478.24470094205475,True
confidence_no_high_vol,0.43108233117483813,1.25,11.25,15.0,False,0.5,16267,-956309.353125,0.7256586383390967,0.5675293539066822,-58.78830473504642,-1065765.8625000003,273.99566216691943,-495.4992617270789,True
confidence_no_high_vol,0.43108233117483813,1.0,22.5,30.0,False,0.0,16267,-957181.9500000011,0.7376184486107665,0.3791725579393865,-58.84194688633436,-1180888.1999999958,436.2632295719844,-361.2291860580256,True
confidence_no_after_2pm,0.435759209344115,0.5,15.0,15.0,False,0.5,11317,-958214.1056249993,0.34752026745228565,0.5605725899089865,-84.67032832243521,-959641.4821874996,80.44748975409836,-295.3092661622761,True
confidence_and_adx,0.43108233117483813,1.25,18.75,30.0,False,0.5,20899,-960848.8781249999,0.842882741896723,0.4649504760993349,-45.97583033279104,-1390609.0664062463,530.4765065413709,-546.9047658904936,True
confidence_and_adx,0.43108233117483813,1.25,18.75,22.5,False,0.5,20899,-963831.2765624997,0.8409738815918892,0.4649504760993349,-46.118535650629205,-1265406.2109374967,524.545133046465,-542.017200355482,True
confidence_threshold,0.435759209344115,1.25,22.5,30.0,False,0.0,18447,-964479.3749999951,0.844975229787924,0.47828915270775735,-52.28380630996884,-1810996.874999997,595.8261326929616,-646.4519268235655,True
confidence_no_after_2pm,0.435759209344115,0.5,22.5,15.0,False,0.0,11317,-970051.3499999992,0.4642056615578207,0.412653530087479,-85.71629848899877,-973094.9249999999,179.96587259100642,-272.37730931247165,True
confidence_no_after_2pm,0.43108233117483813,1.25,22.5,30.0,False,0.5,18603,-974552.667187499,0.8317326434690597,0.43299467827769716,-52.3868551947266,-1225640.6249999984,598.0309276070763,-549.0796159520761,True
confidence_no_high_vol,0.43108233117483813,1.0,22.5,22.5,False,0.5,16267,-978418.7737500006,0.7321464674417628,0.3652794000122948,-60.14746257761115,-1142741.3418749967,450.0831172164255,-353.78330811138017,True
confidence_no_after_2pm,0.435759209344115,1.0,11.25,15.0,False,0.0,11317,-983395.1249999987,0.5346492310689903,0.4858177962357515,-86.89538967924351,-1065242.174999999,205.5,-363.16104571232154,True
confidence_no_after_2pm,0.43108233117483813,1.25,22.5,22.5,False,0.5,18603,-983793.2039062487,0.8289075609434848,0.43299467827769716,-52.883578127519684,-1145788.0078124986,591.7163326350092,-545.1335099811574,True
confidence_no_after_2pm,0.435759209344115,0.5,22.5,22.5,False,0.5,11317,-989903.300624999,0.4831210155977921,0.412653530087479,-87.47046926084643,-993281.8406250003,198.12667291220558,-288.12319288776877,True
confidence_no_high_vol,0.43108233117483813,1.25,11.25,30.0,False,0.5,16267,-990414.7429687502,0.7270899665666785,0.5675293539066822,-60.884904590197955,-1196870.662499998,285.8182459786612,-515.8619459621535,True
confidence_and_adx,0.435759209344115,1.0,11.25,15.0,False,0.0,12701,-993847.574999999,0.566887268817726,0.49838595386190065,-78.24955318478852,-1149001.7249999994,205.5,-360.1730615288023,True
confidence_and_adx,0.435759209344115,1.25,15.0,30.0,False,0.0,12701,-994797.6562499959,0.7449245056536483,0.5655460199984254,-78.32435684198063,-1474417.2187499981,404.45705137129335,-706.7801116799558,True
confidence_and_adx,0.43108233117483813,1.25,18.75,15.0,False,0.0,20899,-1000350.2812500001,0.8261028249873664,0.471218718598976,-47.86594005694053,-1202976.1874999998,482.5536879315597,-520.5446565921636,True
confidence_no_after_2pm,0.43108233117483813,1.25,22.5,15.0,False,0.0,18603,-1004023.4062499988,0.8180377363312051,0.4418104606783852,-53.9710480164489,-1096723.6874999995,549.182720677698,-531.370973372496,True
confidence_no_after_2pm,0.435759209344115,1.25,15.0,30.0,False,0.0,11317,-1005019.5937499972,0.7198405181427696,0.564460546081117,-88.80618483255255,-1338198.0937499986,404.24120910300564,-727.7972078514906,True
confidence_no_after_2pm,0.435759209344115,1.0,15.0,22.5,False,0.0,11317,-1016167.049999998,0.6411873151401075,0.5605725899089865,-89.79120349916037,-1202419.1999999983,286.2325819672131,-569.4805047255173,True
confidence_no_after_2pm,0.435759209344115,0.5,18.75,15.0,False,0.0,11317,-1018528.6124999986,0.3990022700082149,0.48246001590527526,-89.9998773968365,-1021519.3499999986,123.84632554945055,-289.3511268567524,True
confidence_no_after_2pm,0.435759209344115,1.0,11.25,22.5,False,0.5,11317,-1018753.4699999981,0.5727321940921456,0.640629141998763,-90.01974639922224,-1124428.0237499985,188.3573275862069,-586.2660671256449,True
confidence_no_after_2pm,0.435759209344115,0.5,22.5,30.0,False,0.5,11317,-1028786.299687499,0.4778148820727155,0.412653530087479,-90.90627371984615,-1032615.4303125,201.5781584582441,-296.3978185177522,True
confidence_and_adx,0.435759209344115,0.5,22.5,15.0,False,0.0,12701,-1030923.5249999991,0.4801863314764375,0.41343201322730494,-81.16868947326975,-1037062.987499999,181.36209769567702,-266.2088456375838,True
confidence_and_adx,0.435759209344115,1.0,11.25,22.5,False,0.5,12701,-1035212.9681249978,0.6002402193795849,0.6466419966931738,-81.50641430792834,-1216425.4518749986,189.25783818336782,-577.0025831383685,True
confidence_and_adx,0.435759209344115,1.0,15.0,22.5,False,0.0,12701,-1035555.3749999966,0.6650941811608577,0.561609322100622,-81.53337335642836,-1324363.0499999984,288.31122949670544,-555.3303475215512,True
confidence_and_adx,0.435759209344115,0.5,15.0,15.0,False,0.5,12701,-1035920.1871874991,0.3587168970724227,0.561609322100622,-81.56209646386104,-1036928.133749999,81.23741763633815,-290.1197354862606,True
confidence_no_high_vol,0.43108233117483813,1.0,15.0,22.5,False,0.5,16267,-1038637.2168749995,0.6981696774640045,0.472551791971476,-63.84934019026246,-1151922.864374995,312.5396448549499,-401.0640404283216,True
confidence_no_after_2pm,0.435759209344115,0.5,18.75,22.5,False,0.5,11317,-1039286.0690624985,0.42679735065285246,0.48246001590527526,-91.83406106410696,-1042660.8046874991,141.72810782967034,-309.5648860871604,True
confidence_no_after_2pm,0.43108233117483813,1.25,18.75,22.5,False,0.5,18603,-1045423.5304687478,0.8123081107909053,0.46169972585066926,-56.19650220226565,-1211830.8914062476,526.7747530453197,-556.2104937462551,True
confidence_no_high_vol,0.43108233117483813,1.25,15.0,22.5,False,0.0,16267,-1047929.3437499992,0.7536686587603637,0.48121964713837834,-64.42056579270911,-1323193.8749999988,409.58304324220745,-504.10539237468896,True
confidence_and_adx,0.435759209344115,1.25,11.25,30.0,False,0.5,12701,-1052845.3218749976,0.6830667528999255,0.6466419966931738,-82.8946793067473,-1389098.7140624984,276.28550202422986,-740.1912098930476,True
confidence_and_adx,0.435759209344115,0.5,22.5,22.5,False,0.5,12701,-1057132.0771874983,0.49674098925783605,0.41343201322730494,-83.23219251928968,-1077848.7074999986,198.7127213864026,-281.95605062919435,True
confidence_no_after_2pm,0.43108233117483813,1.25,18.75,30.0,False,0.5,18603,-1062063.2414062477,0.8118401284562441,0.46169972585066926,-57.09096604882265,-1314742.3195312473,533.5207089918792,-563.6581396981724,True
confidence_no_after_2pm,0.435759209344115,1.25,11.25,30.0,False,0.5,11317,-1064499.0351562477,0.6527458786590488,0.640629141998763,-94.06194531733213,-1287766.1859374973,275.9967672413793,-753.7436925636213,True
confidence_threshold,0.435759209344115,1.25,18.75,22.5,False,0.0,18447,-1065821.624999994,0.8160601806501591,0.5060443432536456,-57.77750447227159,-1834312.1249999972,506.5433717193358,-635.9091308165051,True
confidence_no_after_2pm,0.43108233117483813,1.25,18.75,15.0,False,0.0,18603,-1067482.6874999981,0.7975347476104344,0.4678815244852981,-57.38228713110779,-1172115.8437499995,483.1044885971967,-532.6218967825031,True
confidence_no_high_vol,0.43108233117483813,1.0,15.0,30.0,False,0.0,16267,-1075736.1749999996,0.6907793063115529,0.4645601524558923,-66.12996711132966,-1225550.4749999968,318.0,-399.41012342135474,True
confidence_threshold,0.435759209344115,1.0,18.75,30.0,False,0.5,18447,-1081475.9493749952,0.7743598215556172,0.4849026942050198,-58.6261153236296,-1638828.8193749937,414.91859383733936,-504.4119944485366,True
confidence_and_adx,0.435759209344115,0.5,18.75,15.0,False,0.0,12701,-1083263.8499999985,0.41567984676093145,0.4848437130934572,-85.28965042122655,-1085265.9749999978,125.14187845079572,-283.3390703805592,True
confidence_no_after_2pm,0.435759209344115,0.5,18.75,30.0,False,0.5,11317,-1084461.9440624986,0.42187074411710124,0.48246001590527526,-95.82592065587157,-1088287.2703124976,144.93595467032966,-320.2684405945874,True
confidence_no_after_2pm,0.435759209344115,0.5,11.25,15.0,False,0.5,11317,-1088518.6453124993,0.15655987451272954,0.4858177962357515,-96.18438148913133,-1088720.185312499,36.75,-221.7855551318954,True
confidence_no_high_vol,0.43108233117483813,1.0,18.75,15.0,False,0.0,16267,-1091986.350000001,0.7010285219685898,0.4059752873916518,-67.12893280875399,-1170735.6749999982,387.718098879467,-377.9857885749768,True
confidence_no_after_2pm,0.435759209344115,1.0,15.0,30.0,False,0.0,11317,-1102784.4749999978,0.6333346076032825,0.5292922152513917,-97.44494786604204,-1306758.3749999965,318.0,-564.5962971653835,True
confidence_and_adx,0.435759209344115,0.5,22.5,30.0,False,0.5,12701,-1103615.0803124986,0.48983137531170956,0.41343201322730494,-86.89198333300517,-1134729.9196874981,201.79409874309655,-290.36723393456356,True
confidence_no_after_2pm,0.435759209344115,0.5,15.0,15.0,False,0.0,11317,-1103696.174999999,0.29879405596773084,0.4468498718741716,-97.52550808518151,-1104991.2374999993,93.0,-251.4372484025558,True
confidence_no_after_2pm,0.435759209344115,0.5,22.5,22.5,False,0.0,11317,-1108478.6999999988,0.4455657178368202,0.412653530087479,-97.94810462136599,-1111903.4999999993,190.75334582441113,-300.7818301489392,True
confidence_and_adx,0.435759209344115,0.5,18.75,22.5,False,0.5,12701,-1108674.124687498,0.4412479671115781,0.4848437130934572,-87.29030192012424,-1116463.831874998,142.17650312601495,-303.254933660018,True
confidence_threshold,0.435759209344115,1.0,11.25,15.0,False,0.5,18447,-1114576.944374999,0.656672055555646,0.6363094270071015,-60.420498963246004,-1365985.2825,181.61651260862158,-483.8860589320314,True
confidence_no_after_2pm,0.435759209344115,0.5,15.0,22.5,False,0.5,11317,-1123037.754374999,0.3245481423811883,0.5605725899089865,-99.23458110585837,-1124728.7484374999,85.05814549180327,-334.3347334355518,True
confidence_no_after_2pm,0.43108233117483813,1.0,15.0,15.0,False,0.5,18603,-1125171.3862499993,0.7156054135677675,0.5151319679621567,-60.48332990646666,-1133531.8631249985,295.4401283522905,-438.6224097838137,True
confidence_and_adx,0.43108233117483813,1.0,15.0,15.0,False,0.5,20899,-1130488.1737500003,0.7388562271486648,0.5162447964017417,-54.09293142016366,-1160539.8993749993,296.4593104087497,-428.18869176557865,True
confidence_and_adx,0.435759209344115,1.0,15.0,30.0,False,0.0,12701,-1131144.5249999966,0.6545223262419516,0.5305881426659318,-89.05948547358449,-1439508.449999999,318.0,-549.1691588393151,True
confidence_no_high_vol,0.43108233117483813,1.0,22.5,15.0,False,0.0,16267,-1131163.0500000017,0.6977953985842751,0.3791725579393865,-69.53728714575531,-1192713.1499999976,423.455593385214,-370.63443410238654,True
confidence_threshold,0.435759209344115,1.25,15.0,30.0,False,0.5,18447,-1133663.641406245,0.7905284750533081,0.5567300916138126,-61.45517652768716,-1833737.0062499954,416.587561161149,-661.8586149604066,True
confidence_no_after_2pm,0.435759209344115,0.5,22.5,30.0,False,0.0,11317,-1135702.837499999,0.4484790711423983,0.39710170539895734,-100.35370129009446,-1139614.7625000004,205.5,-301.8056335189798,True
confidence_no_high_vol,0.43108233117483813,1.0,18.75,22.5,False,0.0,16267,-1148157.5249999994,0.6963206792935102,0.4059752873916518,-70.58200805311363,-1278487.199999995,398.6469866747426,-391.2679524992238,True
confidence_no_after_2pm,0.435759209344115,1.0,11.25,30.0,False,0.5,11317,-1150368.0281249983,0.5505934749329683,0.640629141998763,-101.64955625386571,-1266492.9487499993,194.39741379310345,-629.394954050897,True
confidence_no_high_vol,0.43108233117483813,1.25,11.25,22.5,False,0.5,16267,-1151759.9929687495,0.6933209262853927,0.5675293539066822,-70.80346670982661,-1261617.2906249985,282.04367113030764,-533.8432359408315,True
confidence_threshold,0.435759209344115,1.0,15.0,15.0,False,0.0,18447,-1158835.5749999979,0.7046198498275867,0.5540196237870656,-62.81973085054469,-1544171.6249999967,270.4858121330724,-476.86891637291814,True
confidence_and_adx,0.435759209344115,0.5,18.75,30.0,False,0.5,12701,-1159266.9637499978,0.4350460592245908,0.4848437130934572,-91.27367638374913,-1176881.941874999,144.9659386164339,-313.61259571297535,True
confidence_no_after_2pm,0.435759209344115,0.5,18.75,22.5,False,0.0,11317,-1164679.7249999982,0.38884605480653994,0.438720508968808,-102.91417557656607,-1168031.999999998,149.25,-300.01668372166216,True
confidence_threshold,0.435759209344115,1.0,22.5,22.5,False,0.0,18447,-1168631.2499999963,0.7689588935660978,0.45416598904971,-63.35074808911998,-1704345.074999996,464.2490331821437,-502.34478597676,True
confidence_no_high_vol,0.43108233117483813,1.0,22.5,22.5,False,0.0,16267,-1170958.3500000008,0.6950338387747769,0.3791725579393865,-71.9836693920207,-1290913.2749999964,432.6646157587549,-380.1993959798,True
confidence_and_adx,0.435759209344115,0.5,11.25,15.0,False,0.5,12701,-1173566.0549999995,0.1654306401653221,0.49838595386190065,-92.39950043303672,-1173841.0949999997,36.75,-220.71787082090717,True
confidence_and_adx,0.435759209344115,1.0,11.25,30.0,False,0.5,12701,-1177582.6574999979,0.5758087969545624,0.6466419966931738,-92.71574344539783,-1371982.5656250003,194.6284016193839,-618.552967914438,True
confidence_no_after_2pm,0.435759209344115,0.5,15.0,30.0,False,0.5,11317,-1180535.5321874989,0.3217880814619445,0.5605725899089865,-104.31523656335591,-1182677.1168749998,88.29181116015133,-350.0218745601245,True
confidence_and_adx,0.435759209344115,0.5,22.5,22.5,False,0.0,12701,-1183353.6374999983,0.45994048650080455,0.41343201322730494,-93.17011554208317,-1196009.7749999994,191.92544277280518,-294.11464932885883,True
confidence_no_high_vol,0.43108233117483813,1.0,15.0,15.0,False,0.0,16267,-1188691.5750000002,0.6558228376397875,0.472551791971476,-73.07380432778018,-1210638.974999998,294.65701834265644,-402.5314772727273,True
confidence_and_adx,0.435759209344115,0.5,15.0,15.0,False,0.0,12701,-1191207.337499999,0.31083068653550056,0.4548460751121959,-93.78846842768277,-1192021.05,93.0,-249.63436416811078,True
confidence_no_high_vol,0.43108233117483813,1.0,11.25,15.0,False,0.5,16267,-1194496.2825000002,0.5984068200961464,0.5675293539066822,-73.43064378803714,-1200062.0249999994,192.79652973353552,-422.79940938166305,True
confidence_threshold,0.435759209344115,1.25,18.75,30.0,False,0.0,18447,-1194977.8124999932,0.8023107950065456,0.5060443432536456,-64.77897828915235,-1998258.0937499958,519.5235036154259,-663.3812246213777,True
confidence_and_adx,0.43108233117483813,1.25,11.25,15.0,False,0.5,20899,-1195732.2890625,0.7344375143493289,0.6028518110914398,-57.21480879766975,-1236409.5351562498,262.4738297682356,-542.4867554593374,True
confidence_no_after_2pm,0.435759209344115,0.5,18.75,30.0,False,0.0,11317,-1197423.7874999985,0.39371447462050396,0.4603693558363524,-105.80752739241835,-1201263.187499998,149.25,-323.402044784673,True
none,0.0,0.5,22.5,30.0,True,0.0,66692,-1198085.2499999956,0.7584366474969144,0.2599262280333473,-17.96445225814184,-1431185.1749999851,216.99620421113354,-100.49061797183663,True
confidence_and_adx,0.435759209344115,0.5,15.0,22.5,False,0.5,12701,-1214709.8109374987,0.3344552931974975,0.561609322100622,-95.63891118317446,-1216043.2500000012,85.57780737417636,-327.7902857287174,True
confidence_and_adx,0.435759209344115,0.5,22.5,30.0,False,0.0,12701,-1218737.1374999983,0.4605899810386252,0.3987087630895205,-95.95599854342164,-1243373.7375000005,205.5,-295.8477330758149,True
confidence_no_high_vol,0.43108233117483813,1.0,11.25,30.0,False,0.5,16267,-1221780.5943750003,0.6044731112327535,0.5675293539066822,-75.10792367215838,-1235438.135625001,202.25459678292896,-439.0895567697229,True
confidence_threshold,0.435759209344115,1.0,15.0,22.5,False,0.5,18447,-1231363.8899999969,0.7155597583599822,0.5540196237870656,-66.75144413725792,-1661767.6631249972,303.10310665362033,-526.2036757019566,True
confidence_no_after_2pm,0.43108233117483813,1.25,11.25,15.0,False,0.5,18603,-1236206.3296874985,0.7016045932378422,0.5976992958125034,-66.45198783462337,-1243416.2953124987,261.4120016975447,-553.5604458260954,True
confidence_and_adx,0.43108233117483813,1.0,22.5,30.0,False,0.5,20899,-1237362.5456250012,0.768740509775518,0.407722857552993,-59.20678241183794,-1423633.1362499995,482.71034253608724,-432.26186575981586,True
confidence_no_after_2pm,0.435759209344115,0.5,11.25,15.0,False,0.0,11317,-1238619.5624999993,0.14024818382162796,0.4858177962357515,-109.44769483962175,-1238820.1124999993,36.75,-247.58052285616077,True
confidence_no_after_2pm,0.435759209344115,1.25,11.25,22.5,False,0.0,11317,-1242582.9374999977,0.5938633622424899,0.5538570292480339,-109.79790911902427,-1423368.374999999,289.875,-605.9654263220434,True
confidence_and_adx,0.435759209344115,0.5,18.75,22.5,False,0.0,12701,-1243085.7749999976,0.40345561085607606,0.4435083851665223,-97.87306314463409,-1245592.8749999988,149.25,-294.82329159592496,True
confidence_and_adx,0.435759209344115,1.25,11.25,22.5,False,0.0,12701,-1244045.3437499972,0.6252040611267566,0.5636564050074797,-97.94861379025252,-1531753.9687499984,289.875,-598.9282693522189,True
confidence_no_high_vol,0.43108233117483813,1.25,11.25,30.0,False,0.0,16267,-1246823.6250000005,0.6773802507436084,0.5551730497325874,-76.64742269625626,-1390914.2812499993,289.875,-534.0913142620233,True
confidence_no_after_2pm,0.435759209344115,0.5,15.0,22.5,False,0.0,11317,-1255005.524999999,0.29530514844282585,0.4996907307590351,-110.89560174958018,-1256642.4374999984,93.0,-314.5391248675378,True
confidence_no_after_2pm,0.435759209344115,0.5,11.25,22.5,False,0.5,11317,-1256298.734999999,0.15494524666261988,0.5538570292480339,-111.0098731996111,-1256500.2749999994,36.75,-294.44399584076035,True
none,0.0,0.5,22.5,22.5,True,0.0,66692,-1256630.4749999954,0.7466205023482613,0.26144065255203025,-18.842297052120127,-1447387.4249999844,212.36804456297318,-100.68782889394177,True
confidence_and_adx,0.43108233117483813,1.0,22.5,22.5,False,0.5,20899,-1256715.4425000008,0.7641703582251094,0.407722857552993,-60.13280264605966,-1338093.5437499986,477.90126789696035,-430.51479611003396,True
confidence_threshold,0.435759209344115,1.0,22.5,30.0,False,0.0,18447,-1258584.299999996,0.7596897748375279,0.45416598904971,-68.22704504797507,-1824191.399999999,474.90417164000957,-520.1441503624983,True
confidence_no_high_vol,0.43108233117483813,1.0,15.0,22.5,False,0.0,16267,-1267792.2749999994,0.6505833282707159,0.472551791971476,-77.9364526341673,-1322601.9749999978,307.07928970989985,-422.88004370629363,True
confidence_no_after_2pm,0.43108233117483813,1.0,22.5,30.0,False,0.5,18603,-1270761.3337499993,0.7416445036299435,0.40643982153416114,-68.30948415578129,-1349505.3000000003,482.46168678084905,-445.44956959789886,True
confidence_and_adx,0.435759209344115,0.5,15.0,30.0,False,0.5,12701,-1275663.7303124985,0.3306374716767836,0.561609322100622,-100.43805450850316,-1277447.7600000019,88.33944343193608,-342.27531974003205,True
confidence_no_after_2pm,0.43108233117483813,1.0,22.5,22.5,False,0.5,18603,-1278153.7631249987,0.7383703584274203,0.40643982153416114,-68.70686250201574,-1291537.8225000005,477.07995817352196,-442.43391839114275,True
confidence_and_adx,0.43108233117483813,1.25,15.0,22.5,False,0.5,20899,-1279554.1265625004,0.7773943268572948,0.5192592947030958,-61.22561493671948,-1497307.6289062493,411.7693486799668,-572.1185526463124,True
confidence_and_adx,0.43108233117483813,1.25,22.5,30.0,False,0.0,20899,-1279920.4687500014,0.8082192198392836,0.4449016699363606,-61.243144109766085,-1650296.1562499995,580.1195956119593,-575.2842400439617,True
confidence_and_adx,0.43108233117483813,1.0,22.5,15.0,False,0.0,20899,-1281658.8000000014,0.7501986493278254,0.41781903440356,-61.32632183358062,-1289659.725,440.79858566193303,-421.6908071011754,True
confidence_and_adx,0.435759209344115,0.5,18.75,30.0,False,0.0,12701,-1281996.1499999978,0.4062874624416071,0.4627982048657586,-100.93663097393889,-1291458.8999999976,149.25,-316.4718818701447,True
none,0.0,0.5,18.75,30.0,True,0.0,66692,-1288784.6999999962,0.7349341992252293,0.32195765609068555,-19.324427217657234,-1414182.599999988,166.41889437406854,-107.52645406696439,True
confidence_no_after_2pm,0.435759209344115,1.0,11.25,22.5,False,0.0,11317,-1292835.149999998,0.49907762154278107,0.5538570292480339,-114.2383272952194,-1375265.0999999966,205.5,-511.17234105763487,True
confidence_no_after_2pm,0.43108233117483813,1.0,22.5,15.0,False,0.0,18603,-1294337.9249999989,0.7243122446473858,0.4154168682470569,-69.57683841315911,-1304496.0750000011,440.0367138975155,-431.718772413793,True
confidence_no_after_2pm,0.435759209344115,0.5,15.0,30.0,False,0.0,11317,-1298314.2374999989,0.3002450860262848,0.5292922152513917,-114.72247393302102,-1300438.274999998,93.0,-348.29814858269174,True
confidence_threshold,0.43108233117483813,1.25,15.0,15.0,False,0.5,32080,-1300700.4937500004,0.8352692930547642,0.5120947630922693,-40.54552661315463,-1663463.6507812478,401.4621115150201,-504.46716468941673,True
confidence_no_high_vol,0.43108233117483813,1.25,11.25,15.0,False,0.0,16267,-1310249.34375,0.6452245463715307,0.5675293539066822,-80.54646485215467,-1320010.2187499998,258.1163243338388,-524.9721748400852,True
confidence_and_adx,0.43108233117483813,1.25,15.0,15.0,False,0.0,20899,-1317439.6875000005,0.7552348082905277,0.5212211110579453,-63.038407938178885,-1440816.8437499993,373.177611195263,-537.9235864731162,True
confidence_and_adx,0.43108233117483813,1.25,15.0,30.0,False,0.5,20899,-1319334.107812501,0.7747374886027047,0.5192592947030958,-63.12905439554529,-1652527.9992187507,418.1293514444342,-582.9475295797254,True
confidence_and_adx,0.43108233117483813,1.0,18.75,30.0,False,0.5,20899,-1320412.7025,0.7457139840771827,0.44743767644384896,-63.18066426623283,-1509701.6531249972,414.09639196342636,-449.65604985711815,True
confidence_no_after_2pm,0.43108233117483813,1.25,15.0,22.5,False,0.5,18603,-1320960.7874999996,0.7498463996978637,0.5177121969574799,-71.00794428318011,-1416898.598437501,411.13466475443875,-588.5642826292911,True
confidence_no_after_2pm,0.435759209344115,0.5,11.25,30.0,False,0.5,11317,-1322106.0140624992,0.15719559736267807,0.5929133162498895,-116.82477812693286,-1322307.5540624994,36.75,-340.50325896733216,True
confidence_and_adx,0.43108233117483813,1.0,18.75,22.5,False,0.5,20899,-1322798.6212499996,0.7430913172896364,0.44743767644384896,-63.29482852050336,-1410966.521249997,409.1655690567854,-445.86992184793905,True
confidence_no_after_2pm,0.43108233117483813,1.0,18.75,22.5,False,0.5,18603,-1327458.0243749982,0.7190317953035203,0.44525076600548297,-71.35720176181252,-1344955.2262499984,410.132376403477,-457.8085753997092,True
confidence_and_adx,0.435759209344115,1.0,11.25,22.5,False,0.0,12701,-1330542.6749999975,0.5250974342190702,0.5636564050074797,-104.75889103220199,-1486187.8499999985,205.5,-505.542615481775,True
confidence_and_adx,0.435759209344115,0.5,11.25,15.0,False,0.0,12701,-1335189.7874999994,0.14837666471387218,0.49838595386190065,-105.12477659239426,-1335463.8374999987,36.75,-246.08653076440115,True
confidence_threshold,0.435759209344115,1.0,18.75,22.5,False,0.0,18447,-1339658.0999999952,0.7254870036586611,0.4900525830758389,-72.62200357781727,-1843148.0999999964,391.6447151548673,-518.776052407781,True
confidence_no_after_2pm,0.43108233117483813,1.0,18.75,30.0,False,0.5,18603,-1340769.7931249985,0.7197533466839997,0.44525076600548297,-72.07277283905813,-1420786.655624999,415.72851457805143,-463.5900270712208,True
confidence_no_after_2pm,0.43108233117483813,1.25,15.0,15.0,False,0.0,18603,-1343115.187499999,0.7275157741655792,0.5195398591625007,-72.19884897597157,-1377812.1562499995,371.0329248577341,-551.4822562374133,True
confidence_no_after_2pm,0.43108233117483813,1.0,18.75,15.0,False,0.0,18603,-1345105.3499999985,0.7000018567203998,0.45073375262054505,-72.30582970488622,-1357035.8999999985,374.31209302325584,-438.80527011156767,True
confidence_no_high_vol,0.43108233117483813,1.0,11.25,22.5,False,0.5,16267,-1350856.7943749996,0.5765596362133628,0.5675293539066822,-83.04277336786129,-1358648.7581249995,199.2349369042461,-453.47458875266517,True
confidence_and_adx,0.43108233117483813,1.0,18.75,15.0,False,0.0,20899,-1352013.825,0.724013270008499,0.45361022058471695,-64.69275204555241,-1362678.4499999988,374.13739715189877,-429.0074743847973,True
confidence_and_adx,0.43108233117483813,1.25,22.5,22.5,False,0.0,20899,-1353142.5000000012,0.7963560660891547,0.4449016699363606,-64.74675821809662,-1578898.3125000005,569.1016011507849,-572.7652088182053,True
confidence_and_adx,0.435759209344115,0.5,11.25,22.5,False,0.5,12701,-1355872.484062499,0.16250699101568725,0.5636564050074797,-106.75320715396417,-1356147.5240625,36.75,-292.12662108670133,True
confidence_and_adx,0.435759209344115,0.5,15.0,22.5,False,0.0,12701,-1356043.6874999984,0.3053342025340848,0.5046059365404298,-106.76668667821419,-1357322.9999999972,93.0,-310.24804315003155,True
none,0.0,0.5,18.75,22.5,True,0.0,66692,-1358502.8999999957,0.7206893356033837,0.31811911473640014,-20.369802974869486,-1437761.8874999867,165.2181066176471,-106.95716783216776,True
confidence_no_after_2pm,0.43108233117483813,1.25,22.5,30.0,False,0.0,18603,-1370040.7499999988,0.7772028284255713,0.4418104606783852,-73.64622641509428,-1576171.4999999998,581.4859205803625,-592.1873585564327,True
confidence_no_after_2pm,0.435759209344115,1.25,11.25,30.0,False,0.0,11317,-1370140.4062499974,0.5867097847073844,0.5929133162498895,-121.06922384465825,-1569828.5624999995,289.875,-719.6009672780546,True
none,0.0,0.5,22.5,15.0,True,0.0,66692,-1372262.2499999956,0.7233051987288109,0.26144065255203025,-20.576114826365913,-1497394.724999985,205.73626118375776,-100.68782889394177,True
confidence_threshold,0.435759209344115,1.25,11.25,15.0,False,0.0,18447,-1374171.2812499986,0.6628514624651703,0.6363094270071015,-74.49294092535364,-1757175.0937499995,230.16628152155394,-607.5217012595019,True
confidence_threshold,0.435759209344115,0.5,22.5,15.0,False,0.5,18447,-1375064.7103124992,0.5129973629108578,0.4061907085162899,-74.54137313994141,-1377054.6646875031,193.30862137995462,-257.76211523758434,True
confidence_no_after_2pm,0.43108233117483813,1.25,15.0,30.0,False,0.5,18603,-1378238.7656249995,0.745052332507759,0.5177121969574799,-74.08690886550554,-1546335.1617187513,418.20460816633783,-602.5375999637761,True
confidence_and_adx,0.435759209344115,1.25,11.25,30.0,False,0.0,12701,-1385771.7187499974,0.614300580369201,0.5994803558774899,-109.10729224076825,-1696055.9062499986,289.875,-706.2866067918218,True
confidence_no_after_2pm,0.435759209344115,0.5,11.25,22.5,False,0.0,11317,-1393339.574999999,0.1418677223863573,0.5538570292480339,-123.11916364760971,-1393540.1249999981,36.75,-321.58617052881743,True
confidence_threshold,0.435759209344115,1.0,15.0,30.0,False,0.5,18447,-1393931.713124996,0.6934070883550769,0.5540196237870656,-75.56414122214973,-1841419.483124998,308.4727250489237,-552.6343701379599,True
confidence_no_after_2pm,0.435759209344115,1.0,11.25,30.0,False,0.0,11317,-1394881.1249999981,0.4971201591831457,0.5929133162498895,-123.25537907572662,-1492142.849999999,205.5,-602.0807738224437,True
none,0.0,0.5,22.5,30.0,True,0.5,66692,-1402906.8974999958,0.7235734836688177,0.26144065255203025,-21.03560993072626,-1539362.8124999946,210.61288282863043,-103.03624172689614,True
confidence_and_adx,0.435759209344115,0.5,15.0,30.0,False,0.0,12701,-1403838.2624999983,0.30864656830994147,0.5305881426659318,-110.52974273679224,-1405604.699999998,93.0,-340.58457941965753,True
confidence_and_adx,0.43108233117483813,1.25,18.75,30.0,False,0.0,20899,-1413276.6562499998,0.7823172720116905,0.471218718598976,-67.62412824776304,-1784253.5624999986,515.7486418562145,-587.4915646774048,True
confidence_no_after_2pm,0.43108233117483813,1.25,22.5,22.5,False,0.0,18603,-1426770.4687499984,0.7662670113103724,0.4418104606783852,-76.69571944041274,-1534471.4999999984,569.1087305329114,-587.8539218990753,True
confidence_no_high_vol,0.43108233117483813,1.0,11.25,30.0,False,0.0,16267,-1426907.7000000002,0.5653353309096545,0.5551730497325874,-87.717938157005,-1439889.1500000006,205.5,-453.6730514096186,True
confidence_and_adx,0.435759209344115,0.5,11.25,30.0,False,0.5,12701,-1427057.3287499992,0.16393410172157907,0.5994803558774899,-112.35787172269893,-1427369.1187500027,36.75,-335.53603867701963,True
none,0.0,0.5,22.5,22.5,True,0.5,66692,-1432179.5099999956,0.7178056552322286,0.26144065255203025,-21.4745323277154,-1547463.937499995,208.9340222814866,-103.03624172689614,True
confidence_threshold,0.435759209344115,0.5,18.75,15.0,False,0.5,18447,-1434824.4281249987,0.4567509758976314,0.4767712907247791,-77.78090898926648,-1436999.015625002,137.1650440591245,-273.6418349176335,True
confidence_threshold,0.435759209344115,1.0,18.75,30.0,False,0.0,18447,-1442983.0499999947,0.7159698506426754,0.4900525830758389,-78.22318263132188,-1974004.5749999955,402.36768252212397,-540.0645157861162,True
confidence_and_adx,0.435759209344115,1.0,11.25,30.0,False,0.0,12701,-1443923.7749999978,0.5200680040375252,0.5994803558774899,-113.68583379261459,-1617602.9999999981,205.5,-591.4292854334574,True
confidence_no_after_2pm,0.435759209344115,0.5,11.25,30.0,False,0.0,11317,-1444362.562499999,0.14583030943201078,0.5929133162498895,-127.6276895378633,-1444563.1124999986,36.75,-367.04038691122184,True
confidence_threshold,0.435759209344115,1.25,15.0,22.5,False,0.0,18447,-1449455.6249999958,0.7349993053974269,0.5583563723098607,-78.57405675719606,-2081193.6562499977,390.3081462378641,-671.3673169571616,True
confidence_no_high_vol,0.43108233117483813,1.25,11.25,22.5,False,0.0,16267,-1453272.3749999993,0.6364024360724262,0.5394356673018995,-89.33868414581664,-1485476.1562499988,289.875,-533.4924586225306,True
confidence_no_high_vol,0.43108233117483813,0.5,18.75,30.0,False,0.5,16267,-1453740.9084374998,0.388388426064866,0.38279953279645906,-89.36748684068972,-1455257.7271875006,148.25137506022162,-236.74324909736055,True
confidence_threshold,0.435759209344115,1.25,11.25,22.5,False,0.5,18447,-1457781.3656249968,0.6846804668339086,0.6363094270071015,-79.02538979915417,-1892450.4468749976,269.67168730831486,-689.102344798032,True
confidence_no_high_vol,0.43108233117483813,0.5,22.5,30.0,False,0.5,16267,-1468676.5050000006,0.40631309656979964,0.3020224995389439,-90.28563994590279,-1469127.3787499997,204.5892148381844,-217.88121521049857,True
confidence_and_adx,0.43108233117483813,1.25,18.75,22.5,False,0.0,20899,-1469462.9062499995,0.7715843684394394,0.471218718598976,-70.3125942030719,-1697335.1249999988,504.04369542038995,-582.1450745407656,True
confidence_no_high_vol,0.43108233117483813,1.0,11.25,15.0,False,0.0,16267,-1477648.2750000001,0.529894324883487,0.49824798672158355,-90.83717188172375,-1482368.2500000002,205.5,-385.1048486890468,True
confidence_no_after_2pm,0.43108233117483813,1.0,11.25,15.0,False,0.5,18603,-1480084.2637499988,0.5785462698034797,0.5976992958125034,-79.56159026769869,-1483130.218124998,182.7296013580358,-469.24835666087637,True
confidence_no_after_2pm,0.43108233117483813,1.25,18.75,30.0,False,0.0,18603,-1482604.9687499977,0.7527166535825304,0.4678815244852981,-79.69709018706648,-1684422.6562499993,518.4933902516085,-605.6744557531061,True
none,0.0,0.5,22.5,15.0,True,0.5,66692,-1489995.3974999958,0.7064137058457792,0.26144065255203025,-22.341441214838298,-1572467.5874999948,205.61813059187887,-103.03624172689614,True
none,0.0,0.5,18.75,15.0,True,0.0,66692,-1494169.949999996,0.6923279709768557,0.32662088406405565,-22.404035716427696,-1502070.2999999863,154.3498347335078,-108.13806586653001,True
confidence_no_high_vol,0.43108233117483813,0.5,18.75,15.0,False,0.5,16267,-1501074.7040625005,0.3742836499164304,0.38279953279645906,-92.27729169868448,-1501356.8278125029,144.1938684358439,-238.941227371763,True
confidence_and_adx,0.435759209344115,0.5,11.25,22.5,False,0.0,12701,-1503537.3374999987,0.14892374889325877,0.5636564050074797,-118.379445516101,-1503811.3874999986,36.75,-318.7713077408875,True
confidence_threshold,0.43108233117483813,1.0,22.5,15.0,False,0.5,32080,-1503938.7131250007,0.8003981771208637,0.4021197007481297,-46.880882578709496,-1623714.6037499986,467.50043154069766,-392.84120333680926,True
confidence_and_adx,0.43108233117483813,1.0,11.25,15.0,False,0.5,20899,-1508319.4312500001,0.6052792897560368,0.6028518110914398,-72.17184703813581,-1511623.1737499996,183.57906381458847,-460.38940436746987,True
confidence_threshold,0.43108233117483813,1.25,22.5,30.0,False,0.5,32080,-1509937.9148437497,0.8442405334929116,0.4304862842892768,-47.06789011358322,-2139001.6335937493,592.6211684807205,-530.5985906711821,True
confidence_no_high_vol,0.43108233117483813,0.5,15.0,30.0,False,0.5,16267,-1512630.0684375,0.31757529210779534,0.472551791971476,-92.98764790296305,-1512836.442187499,91.5730779237674,-258.3394310533217,True
confidence_no_after_2pm,0.43108233117483813,1.25,18.75,22.5,False,0.0,18603,-1517859.1874999974,0.7433856882279248,0.4678815244852981,-81.59217263344608,-1623618.9374999993,505.17973776424634,-597.5294095363166,True
none,0.0,0.5,18.75,30.0,True,0.5,66692,-1527393.3449999962,0.6906071131014817,0.32662088406405565,-22.90219734001074,-1527785.6175000027,156.51426456410962,-109.92771092654026,True
confidence_no_high_vol,0.43108233117483813,0.5,22.5,15.0,False,0.5,16267,-1532355.7950000009,0.39137967326589446,0.3020224995389439,-94.20027017888982,-1532806.6687500025,200.56939497252188,-221.75032873877055,True
confidence_no_high_vol,0.43108233117483813,0.5,15.0,15.0,False,0.5,16267,-1536064.9096875,0.3037181802630916,0.472551791971476,-94.42828485200098,-1536209.4084375014,87.16425458566411,-257.1208082386364,True
confidence_no_high_vol,0.43108233117483813,0.5,18.75,22.5,False,0.5,16267,-1542390.9271874998,0.3725858243151845,0.38279953279645906,-94.81717140145693,-1542822.3046875,147.09150674482095,-244.85355972983064,True
confidence_no_high_vol,0.43108233117483813,0.5,18.75,30.0,False,0.0,16267,-1545226.0125,0.3730712188711678,0.37874223888854736,-94.99145586156021,-1546696.7624999988,149.25,-243.89028918464277,True
confidence_no_after_2pm,0.43108233117483813,1.0,15.0,22.5,False,0.5,18603,-1547887.8299999998,0.6531219878335687,0.5151319679621567,-83.20635542654409,-1558673.9250000017,304.1273870395492,-494.7162505543237,True
confidence_threshold,0.43108233117483813,1.0,18.75,15.0,False,0.5,32080,-1548333.294375,0.7852663130477063,0.4403678304239402,-48.26475356530549,-1694422.8299999977,400.8033047090678,-401.6310132011363,True
confidence_no_high_vol,0.43108233117483813,0.5,22.5,30.0,False,0.0,16267,-1552212.9750000006,0.3920038361957572,0.2993791110837893,-95.42097344316718,-1552671.825000001,205.5,-224.00613977362468,True
none,0.0,0.5,15.0,30.0,True,0.0,66692,-1556571.8999999964,0.6647495491127414,0.39334552869909434,-23.339709410423986,-1556652.2999999856,117.65486982045519,-114.76412240156209,True
confidence_threshold,0.43108233117483813,1.25,22.5,22.5,False,0.5,32080,-1556828.1750000003,0.838994763660641,0.4304862842892768,-48.52955657730674,-2027565.264843747,587.4437042337979,-529.2515451816503,True
confidence_and_adx,0.435759209344115,0.5,11.25,30.0,False,0.0,12701,-1560227.887499999,0.15206959464677017,0.5994803558774899,-122.8429168963073,-1560538.6874999988,36.75,-361.7146427167287,True
none,0.0,0.5,18.75,22.5,True,0.5,66692,-1562252.444999996,0.6835459604396674,0.32662088406405565,-23.42488521861687,-1562644.7175000028,154.91397534774825,-109.92771092654026,True
confidence_no_high_vol,0.43108233117483813,0.5,22.5,22.5,False,0.5,16267,-1562831.3868750003,0.3900977145534082,0.3020224995389439,-96.07373128880558,-1563282.260625001,203.45974964380216,-225.68514504800072,True
confidence_no_after_2pm,0.43108233117483813,1.0,15.0,15.0,False,0.0,18603,-1565611.3499999992,0.6255076321940881,0.5151319679621567,-84.15907918077725,-1573137.8249999997,272.88025670458103,-463.4836862527715,True
confidence_threshold,0.435759209344115,0.5,15.0,15.0,False,0.5,18447,-1569124.665937499,0.34570349383271365,0.5540196237870656,-85.06123846357126,-1570132.6125000017,81.1214530332681,-291.5018738224747,True
confidence_and_adx,0.43108233117483813,1.0,15.0,22.5,False,0.5,20899,-1575376.9012500003,0.6761816140802699,0.5162447964017417,-75.38049194937558,-1596059.2649999966,304.90541292056724,-481.20686461424333,True
confidence_and_adx,0.43108233117483813,1.0,22.5,30.0,False,0.0,20899,-1575669.9750000013,0.7212687630575665,0.41781903440356,-75.39451528781288,-1722347.8499999973,466.9420808520384,-464.6180837511301,True
confidence_threshold,0.435759209344115,0.5,22.5,15.0,False,0.0,18447,-1578111.8624999989,0.46235374020875747,0.4061907085162899,-85.54842860627738,-1579978.3874999986,181.11724275990926,-267.9590435000912,True
confidence_threshold,0.435759209344115,1.0,11.25,15.0,False,0.0,18447,-1586337.8249999988,0.5395085153659898,0.49026942050197864,-85.9943527402829,-1781789.7749999997,205.5,-366.35965383388265,True
confidence_no_after_2pm,0.43108233117483813,1.0,22.5,30.0,False,0.0,18603,-1587151.799999999,0.6947876284911692,0.4154168682470569,-85.31698113207543,-1629929.9999999974,467.5211859472049,-478.175220689655,True
confidence_no_high_vol,0.43108233117483813,1.0,11.25,22.5,False,0.0,16267,-1592066.6999999995,0.5311009312440161,0.5394356673018995,-97.87094731665331,-1599406.35,205.5,-453.19396689802454,True
confidence_no_high_vol,0.43108233117483813,0.5,15.0,22.5,False,0.5,16267,-1592940.6084374997,0.30343298556913795,0.472551791971476,-97.92467009513123,-1593146.9821875002,90.26982242747496,-266.5320202141608,True
confidence_no_after_2pm,0.43108233117483813,1.0,15.0,30.0,False,0.5,18603,-1593710.2124999997,0.6507040227959041,0.5151319679621567,-85.66952709240444,-1615707.8962500026,309.81167171032035,-505.83541712860307,True
confidence_and_adx,0.43108233117483813,1.0,15.0,15.0,False,0.0,20899,-1605685.3500000006,0.6487835100023954,0.5162447964017417,-76.83072635054312,-1612210.3499999996,274.9186208174993,-452.2039910979229,True
confidence_threshold,0.435759209344115,1.25,15.0,30.0,False,0.0,18447,-1606106.9062499949,0.721330095442753,0.5583563723098607,-87.06602191413211,-2267277.1874999977,403.62792779126215,-707.4351985393389,True
confidence_and_adx,0.43108233117483813,1.0,15.0,30.0,False,0.5,20899,-1607200.886250001,0.6754467328835589,0.5162447964017417,-76.90324351643623,-1719210.3993749993,310.0231254055056,-489.81606194362024,True
confidence_threshold,0.43108233117483813,1.25,22.5,15.0,False,0.0,32080,-1607233.218750001,0.827541957641935,0.4391832917705736,-50.10078612063594,-1922106.749999999,547.4006405706579,-518.0123864015341,True
confidence_no_high_vol,0.43108233117483813,0.5,15.0,30.0,False,0.0,16267,-1611490.0875,0.3036787393755195,0.4645601524558923,-99.06498355566484,-1611704.4374999972,93.0,-265.7050617106774,True
confidence_threshold,0.435759209344115,0.5,22.5,22.5,False,0.5,18447,-1615461.2906249985,0.4794372310948452,0.4061907085162899,-87.57311707188153,-1624229.4731250023,198.5635259575604,-283.30270135338674,True
confidence_no_high_vol,0.43108233117483813,0.5,18.75,15.0,False,0.0,16267,-1619615.1750000005,0.34851233873678167,0.38279953279645906,-99.56446640437699,-1619905.274999998,139.13773687168782,-247.61213769920326,True
none,0.0,0.5,18.75,15.0,True,0.5,66692,-1630085.969999996,0.6698054199319091,0.32662088406405565,-24.44200158939597,-1630406.5237500004,151.7999173667539,-109.92771092654026,True
confidence_no_after_2pm,0.43108233117483813,1.0,22.5,22.5,False,0.0,18603,-1632535.5749999986,0.6838718036214549,0.4154168682470569,-87.75657555233019,-1645632.4499999995,456.9903241459627,-474.8649931034481,True
confidence_and_adx,0.43108233117483813,1.0,22.5,22.5,False,0.0,20899,-1634247.6000000008,0.7097060168931894,0.41781903440356,-78.19740657447728,-1664211.6749999977,457.55634448007316,-462.6966055724501,True
none,0.0,0.5,15.0,22.5,True,0.0,66692,-1638032.8499999964,0.6485182331211435,0.385278594134229,-24.56115950938638,-1638113.249999986,117.62330414477529,-113.68126966703248,True
confidence_no_high_vol,0.43108233117483813,0.5,22.5,15.0,False,0.0,16267,-1639203.5250000008,0.3696284853937903,0.3020224995389439,-100.76864357287765,-1639662.374999999,195.63878994504375,-229.02738242029247,True
confidence_threshold,0.435759209344115,1.0,15.0,22.5,False,0.0,18447,-1646565.2999999966,0.6414299784618267,0.5540196237870656,-89.25924540575684,-2040653.324999996,288.2062133072407,-558.1661358940072,True
confidence_no_high_vol,0.43108233117483813,0.5,18.75,22.5,False,0.0,16267,-1647700.7624999997,0.3545773576767862,0.3728407204770394,-101.29100402655682,-1647998.0624999967,149.25,-250.23544525583222,True
confidence_threshold,0.435759209344115,0.5,18.75,15.0,False,0.0,18447,-1651959.7499999986,0.3997324620157792,0.4767712907247791,-89.55167506911685,-1653961.8749999986,125.08008811824901,-285.12630801906323,True
confidence_threshold,0.435759209344115,1.0,11.25,22.5,False,0.5,18447,-1653225.8924999977,0.573434561903444,0.6363094270071015,-89.62031183932335,-1890837.9918749991,189.3373498466519,-577.6818758384258,True
confidence_no_high_vol,0.43108233117483813,0.5,22.5,22.5,False,0.0,16267,-1659101.1750000005,0.37361093173684456,0.3020224995389439,-101.99183469601036,-1659560.025,201.4194992876043,-233.2812378897305,True
confidence_threshold,0.43108233117483813,1.25,18.75,30.0,False,0.5,32080,-1663241.624999999,0.8240906993013948,0.4584164588528678,-51.84668407107229,-2300806.4812499965,529.8427476986435,-544.2102608873172,True
confidence_no_high_vol,0.43108233117483813,0.5,15.0,15.0,False,0.0,16267,-1667967.7875,0.2796305398562384,0.4279830331345669,-102.53690216389009,-1668089.1374999976,93.0,-248.8375913487373,True
confidence_threshold,0.43108233117483813,1.25,18.75,22.5,False,0.5,32080,-1670206.2984374994,0.8219084834889291,0.4584164588528678,-52.063787357777414,-2156800.811718745,524.1502369887291,-539.7927756183809,True
confidence_no_high_vol,0.43108233117483813,0.5,11.25,15.0,False,0.5,16267,-1670870.1412499999,0.15129495550343722,0.49824798672158355,-102.71532189401856,-1671053.8912500015,36.75,-241.206676212938,True
confidence_threshold,0.435759209344115,0.5,22.5,30.0,False,0.5,18447,-1676034.185624998,0.4739688140294277,0.4061907085162899,-90.85673473328985,-1697490.0703125037,201.54193080208194,-290.8698076615846,True
confidence_no_after_2pm,0.43108233117483813,1.0,18.75,30.0,False,0.0,18603,-1677203.1749999982,0.668682942072719,0.45073375262054505,-90.15767214965318,-1719663.2999999993,403.7002862254025,-495.4227906635348,True
confidence_and_adx,0.43108233117483813,1.0,18.75,30.0,False,0.0,20899,-1682354.9249999998,0.6935992225363701,0.45361022058471695,-80.49930259821043,-1824617.249999998,401.7242246835443,-480.8390029774937,True
confidence_no_after_2pm,0.43108233117483813,0.5,22.5,15.0,False,0.5,18603,-1682617.2496874994,0.4384764851651505,0.3635972692576466,-90.44870449322687,-1684412.4149999998,194.24958419574216,-253.1059580359405,True
confidence_no_high_vol,0.43108233117483813,0.5,11.25,30.0,False,0.5,16267,-1684512.2971875002,0.16459482014528454,0.5551730497325874,-103.55396183607918,-1684769.5471874995,36.75,-278.66245815194856,True
confidence_threshold,0.435759209344115,0.5,18.75,22.5,False,0.5,18447,-1689853.364999998,0.42524235062856586,0.4767712907247791,-91.60586355504948,-1692373.132500002,142.15591245025584,-304.6119576253624,True
confidence_no_after_2pm,0.43108233117483813,0.5,18.75,15.0,False,0.5,18603,-1692223.4024999994,0.398764779820196,0.4373488147073053,-90.96508103531686,-1693715.9024999992,137.94918418141592,-268.9001590713671,True
confidence_threshold,0.435759209344115,1.25,11.25,30.0,False,0.5,18447,-1697694.5695312466,0.6563374886954453,0.6363094270071015,-92.03093020714732,-2149585.6476562466,276.223424987221,-736.3251053854892,True
confidence_no_after_2pm,0.43108233117483813,1.0,18.75,22.5,False,0.0,18603,-1705406.549999998,0.6587636202457667,0.45073375262054505,-91.67373810675686,-1720391.3249999988,392.6441592128802,-489.1101805637109,True
confidence_no_high_vol,0.43108233117483813,0.5,15.0,22.5,False,0.0,16267,-1707518.1374999997,0.2872625077331327,0.45490871088707197,-104.96822631708365,-1707732.487499999,93.0,-270.1836176271568,True
confidence_and_adx,0.43108233117483813,1.0,18.75,22.5,False,0.0,20899,-1727303.9249999996,0.6826811642815521,0.45361022058471695,-82.65007536245751,-1756627.7999999975,391.99677215189877,-476.69965189596286,True
confidence_threshold,0.43108233117483813,1.25,18.75,15.0,False,0.0,32080,-1727695.40625,0.8064921587156609,0.46430798004987534,-53.855841840710724,-2061290.5312499993,483.42404959718027,-519.5401003782368,True
confidence_no_high_vol,0.43108233117483813,0.5,11.25,22.5,False,0.5,16267,-1749050.3971874998,0.15567285705619316,0.5394356673018995,-107.52138668393064,-1749270.8971874986,36.75,-276.4991520538574,True
confidence_threshold,0.435759209344115,0.5,18.75,30.0,False,0.5,18447,-1758239.9746874976,0.4202461148844279,0.4767712907247791,-95.3130576618148,-1762770.8840625035,144.9113310119386,-314.20794974487126,True
confidence_threshold,0.435759209344115,1.0,15.0,30.0,False,0.0,18447,-1771886.324999996,0.633783718867611,0.5227408250664065,-96.05281753130569,-2189085.224999996,318.0,-549.563871535665,True
confidence_threshold,0.435759209344115,0.5,11.25,15.0,False,0.5,18447,-1774790.4721874995,0.15773239750086662,0.49026942050197864,-96.210249481623,-1775065.5121875023,36.75,-224.09416911491007,True
confidence_and_adx,0.43108233117483813,1.25,11.25,22.5,False,0.5,20899,-1784186.6390625,0.6576764862313503,0.6028518110914398,-85.37186655162927,-1799728.6828125012,272.0694573974125,-627.9505702183735,True
confidence_no_high_vol,0.43108233117483813,0.5,11.25,30.0,False,0.0,16267,-1787075.85,0.15662799259883986,0.5551730497325874,-109.8589690785025,-1787333.0999999968,36.75,-292.8365257048093,True
none,0.0,0.5,15.0,15.0,True,0.0,66692,-1789098.449999996,0.6175458123747312,0.3690847477958376,-26.82628276255017,-1789071.7499999832,117.36109689213899,-111.18895821448939,True
confidence_no_after_2pm,0.43108233117483813,0.5,15.0,15.0,False,0.5,18603,-1790383.6931249998,0.3043020105519144,0.5151319679621567,-96.24166495323334,-1791406.6931250002,81.72006417614526,-285.31120489190687,True
confidence_no_after_2pm,0.43108233117483813,1.25,11.25,22.5,False,0.5,18603,-1791494.1351562485,0.6273073006711885,0.5976992958125034,-96.30135651003862,-1801970.9507812497,271.1934006542855,-642.289358235068,True
confidence_and_adx,0.43108233117483813,1.25,15.0,30.0,False,0.0,20899,-1793552.8125000014,0.7118525211125247,0.5212211110579453,-85.82003026460603,-2062135.2187500007,406.7634002340953,-622.0694114781132,True
confidence_threshold,0.435759209344115,0.5,15.0,15.0,False,0.0,18447,-1796919.7874999987,0.29942292943442655,0.44766086626551743,-97.40986542527233,-1797733.4999999993,93.0,-251.73361345568742,True
confidence_threshold,0.435759209344115,0.5,22.5,22.5,False,0.0,18447,-1801817.6249999984,0.44348480641978405,0.4061907085162899,-97.67537404456,-1804437.0374999999,191.62705191512077,-295.5704879496073,True
confidence_no_after_2pm,0.43108233117483813,1.25,11.25,15.0,False,0.0,18603,-1808493.8437499981,0.5888528807130354,0.5976992958125034,-97.2151719480728,-1814656.6874999986,232.94900339508948,-587.7410225146978,True
confidence_no_high_vol,0.43108233117483813,0.5,11.25,15.0,False,0.0,16267,-1812446.1375,0.14114488942536743,0.49824798672158355,-111.41858594086186,-1812629.8874999986,36.75,-258.55242434452344,True
confidence_and_adx,0.43108233117483813,0.5,22.5,15.0,False,0.5,20899,-1813524.5418750006,0.45016756527798507,0.3646585961050768,-86.77566112613046,-1813975.4156250055,194.82977135546517,-248.40504815295986,True
confidence_and_adx,0.43108233117483813,1.25,15.0,22.5,False,0.0,20899,-1813970.0625000002,0.7029592918200938,0.5212211110579453,-86.7969789224365,-1949585.1562499998,394.0912713439824,-610.3144394613232,True
confidence_and_adx,0.43108233117483813,1.25,11.25,15.0,False,0.0,20899,-1817206.1250000002,0.6197427787343508,0.6028518110914398,-86.95182185750515,-1823747.9062499998,235.07265953647115,-575.7694653614458,True
confidence_no_after_2pm,0.43108233117483813,1.25,15.0,30.0,False,0.0,18603,-1818080.9999999993,0.6837251189463975,0.5195398591625007,-97.73052733430089,-1933335.9375000007,406.6569548629074,-643.1439325072723,True
confidence_no_after_2pm,0.43108233117483813,1.25,15.0,22.5,False,0.0,18603,-1818728.6249999995,0.6759726900560679,0.5195398591625007,-97.76534026769873,-1856342.0625000005,392.5668100103466,-627.9801794305214,True
confidence_and_adx,0.43108233117483813,0.5,18.75,15.0,False,0.5,20899,-1831183.9284375,0.40877040752548427,0.43758074549021486,-87.62064828161634,-1831466.052187506,138.44317249863315,-263.50576322422154,True
confidence_threshold,0.435759209344115,0.5,15.0,22.5,False,0.5,18447,-1833183.9449999984,0.3229289572000412,0.5540196237870656,-99.37572206862896,-1834517.3840625018,85.55155332681018,-329.1018378509783,True
confidence_threshold,0.435759209344115,1.0,11.25,30.0,False,0.5,18447,-1845156.4556249972,0.5531358513575932,0.6363094270071015,-100.02474416571785,-2096987.7243749984,194.5787399897768,-615.4600843083912,True
confidence_threshold,0.435759209344115,0.5,22.5,30.0,False,0.0,18447,-1846794.149999998,0.4450802344318081,0.3907410419038326,-100.11352252398754,-1857767.0625000019,205.5,-296.1151481448526,True
confidence_no_after_2pm,0.43108233117483813,0.5,22.5,30.0,False,0.5,18603,-1863178.6668749996,0.423197152956376,0.3635972692576466,-100.15474207789065,-1864973.8321874982,202.0999685836783,-272.8425419693386,True
confidence_no_after_2pm,0.43108233117483813,0.5,22.5,22.5,False,0.5,18603,-1866874.8815624993,0.4190585179650644,0.3635972692576466,-100.35343125100786,-1868670.0468749995,199.09204058249557,-271.43622299708585,True
confidence_no_high_vol,0.43108233117483813,0.5,11.25,22.5,False,0.0,16267,-1869655.3499999996,0.14710819115925533,0.5394356673018995,-114.93547365832666,-1869875.8499999987,36.75,-292.5969834490122,True
confidence_and_adx,0.43108233117483813,1.25,11.25,30.0,False,0.5,20899,-1870990.2703125016,0.6521496028384857,0.6028518110914398,-89.52534907471657,-1988947.6289062507,278.41343186959284,-648.0386865587351,True
confidence_no_after_2pm,0.43108233117483813,0.5,22.5,15.0,False,0.0,18603,-1874966.9624999997,0.3976538735050124,0.3635972692576466,-100.78841920657956,-1876768.4249999984,182.99916839148432,-262.9253600388546,True
confidence_threshold,0.435759209344115,0.5,18.75,22.5,False,0.0,18447,-1887331.0499999975,0.3887679431694705,0.4360058546105058,-102.31100178890863,-1889838.1500000001,149.25,-296.784775086505,True
confidence_threshold,0.43108233117483813,1.0,15.0,15.0,False,0.5,32080,-1887472.3950000003,0.7196336342449653,0.5087593516209477,-58.836421290523695,-1947379.4493749996,296.8379235340972,-427.1948819722064,True
confidence_no_after_2pm,0.43108233117483813,1.25,11.25,30.0,False,0.5,18603,-1887944.2687499984,0.6208437453366401,0.5976992958125034,-101.48601132881785,-1902749.9976562506,278.02735323545284,-665.3300921131746,True
none,0.0,0.5,15.0,30.0,True,0.5,66692,-1888714.5749999967,0.5956067293479969,0.40264199604150425,-28.319957041324248,-1888784.2200000049,103.59271031169705,-117.23410790933501,True
confidence_no_after_2pm,0.43108233117483813,0.5,18.75,22.5,False,0.5,18603,-1891527.012187499,0.38029659248038145,0.4373488147073053,-101.67860088090626,-1893019.512187499,142.6724626659292,-291.61270358627104,True
confidence_no_after_2pm,0.43108233117483813,0.5,18.75,30.0,False,0.5,18603,-1898182.896562499,0.3841352494978857,0.4373488147073053,-102.03638641952905,-1900528.7578124998,145.5210868362832,-294.4628316673831,True
confidence_no_after_2pm,0.43108233117483813,0.5,18.75,15.0,False,0.0,18603,-1900350.6749999993,0.3515847398447736,0.4373488147073053,-102.15291485244312,-1901843.1749999956,126.64836836283186,-280.0001719690455,True
confidence_threshold,0.435759209344115,0.5,15.0,30.0,False,0.5,18447,-1914467.856562498,0.32020513528172645,0.5540196237870656,-103.78207061107486,-1916251.8862500018,88.23636252446184,-342.31718506897994,True
confidence_no_after_2pm,0.43108233117483813,1.0,11.25,22.5,False,0.5,18603,-1924314.5081249985,0.5240488477558098,0.5976992958125034,-103.44108520803088,-1929730.2112499992,190.55472052342836,-540.2314865880544,True
none,0.0,0.5,15.0,22.5,True,0.5,66692,-1929445.0499999966,0.5868859145576203,0.40264199604150425,-28.93068209080544,-1929514.6950000026,102.07591609875992,-117.23410790933501,True
confidence_no_after_2pm,0.43108233117483813,1.0,11.25,15.0,False,0.0,18603,-1937914.2749999985,0.4794593196486189,0.4669139386120518,-104.17213755845823,-1940369.9249999982,205.5,-375.4045855601491,True
confidence_threshold,0.435759209344115,0.5,18.75,30.0,False,0.0,18447,-1938993.524999997,0.39239380101414983,0.45481650132812923,-105.11159131566093,-1942075.6875000012,149.25,-317.31142736402484,True
confidence_and_adx,0.43108233117483813,0.5,15.0,15.0,False,0.5,20899,-1944578.0868750003,0.3132955055793439,0.5162447964017417,-93.04646571008183,-1944722.5856250045,82.22965520437482,-280.0943458827893,True
confidence_no_after_2pm,0.43108233117483813,1.0,15.0,30.0,False,0.0,18603,-1945583.9999999995,0.5984436260244353,0.49013599956996184,-104.58442186744071,-1959575.3250000014,318.0,-510.8179230363732,True
confidence_no_after_2pm,0.43108233117483813,1.0,15.0,22.5,False,0.0,18603,-1946102.0999999996,0.5883542385951339,0.5151319679621567,-104.61227221415899,-1956349.5000000005,290.2547740790984,-524.1256762749446,True
confidence_no_after_2pm,0.43108233117483813,0.5,11.25,15.0,False,0.5,18603,-1967840.1318749993,0.13957299219838468,0.4669139386120518,-105.78079513384934,-1968244.3818750018,36.75,-230.61920256882112,True
confidence_and_adx,0.43108233117483813,1.0,11.25,22.5,False,0.5,20899,-1979082.9112500001,0.5490515195254921,0.6028518110914398,-94.69749324130342,-1984967.1468750006,191.25556591793,-528.7604561746989,True
none,0.0,0.5,11.25,30.0,True,0.0,66692,-1979612.3999999966,0.5358043693582157,0.4760091165357164,-29.682906495531647,-1979647.1999999883,71.9774333774334,-122.04120879120873,True
confidence_and_adx,0.43108233117483813,1.0,15.0,30.0,False,0.0,20899,-1986575.850000001,0.6219860592677918,0.4918417149145892,-95.05602421168481,-2046896.1749999984,318.0,-494.84913841807924,True
confidence_threshold,0.435759209344115,1.25,11.25,22.5,False,0.0,18447,-1997976.4687499967,0.5976693886664258,0.5550496015612295,-108.30901874288485,-2382449.999999998,289.875,-605.0202965095025,True
confidence_and_adx,0.43108233117483813,0.5,22.5,30.0,False,0.5,20899,-1998015.2728125006,0.435570444086329,0.3646585961050768,-95.60339120591897,-1998466.1465625002,202.3184539430521,-266.59769621272034,True
confidence_no_after_2pm,0.43108233117483813,1.0,11.25,30.0,False,0.5,18603,-2001474.6149999988,0.5212976454898276,0.5976992958125034,-107.58880906305428,-2010353.4487500016,196.02188258836227,-558.6640736905397,True
confidence_no_after_2pm,0.43108233117483813,0.5,15.0,22.5,False,0.5,18603,-2001741.915,0.29179239635739207,0.5151319679621567,-107.60317771327206,-2002764.9149999996,86.0636935197746,-313.3581252771619,True
confidence_and_adx,0.43108233117483813,1.0,15.0,22.5,False,0.0,20899,-2002909.6500000001,0.6111803806164462,0.5162447964017417,-95.8375831379492,-2012403.0749999995,291.8108258411345,-509.52093471810093,True
none,0.0,0.5,15.0,15.0,True,0.5,66692,-2004977.8499999966,0.5707135630346255,0.40264199604150425,-30.06324371738734,-2004950.2275000012,99.26309071612111,-117.23410790933501,True
confidence_and_adx,0.43108233117483813,1.0,11.25,15.0,False,0.0,20899,-2005498.5,0.5047168623104439,0.4758600889994737,-95.96145748600412,-2007753.9750000006,205.5,-369.65455541354754,True
confidence_and_adx,0.43108233117483813,0.5,22.5,22.5,False,0.5,20899,-2007691.7212500004,0.4310991810471121,0.3646585961050768,-96.06640132302984,-2008142.595,199.6299534181866,-265.7833707071849,True
confidence_no_after_2pm,0.43108233117483813,0.5,15.0,15.0,False,0.0,18603,-2010603.6749999998,0.266029369887311,0.42122238348653446,-108.07953959038863,-2011626.6749999975,93.0,-254.421071329061,True
confidence_threshold,0.435759209344115,0.5,11.25,15.0,False,0.0,18447,-2010670.9124999994,0.14185301835144767,0.49026942050197864,-108.99717637014146,-2010944.9624999987,36.75,-249.17982691694132,True
confidence_and_adx,0.43108233117483813,0.5,22.5,15.0,False,0.0,20899,-2020163.4000000008,0.4099375321162803,0.3646585961050768,-96.66316091679032,-2020622.25,184.1595427109303,-257.8432953004971,True
confidence_no_after_2pm,0.43108233117483813,0.5,22.5,30.0,False,0.0,18603,-2021373.8999999994,0.39946592954569526,0.3517174649250121,-108.6584905660377,-2023175.3624999989,205.5,-279.1011940298507,True
confidence_no_after_2pm,0.43108233117483813,0.5,15.0,30.0,False,0.5,18603,-2024653.1062499997,0.2961737641638257,0.5151319679621567,-108.83476354620221,-2025676.1062499993,88.90583585516018,-318.9177085643015,True
confidence_and_adx,0.43108233117483813,0.5,18.75,30.0,False,0.5,20899,-2039540.3512500003,0.3949717991759821,0.43758074549021486,-97.59033213311643,-2040493.9237500005,145.59251981957354,-286.7946184277693,True
confidence_and_adx,0.43108233117483813,0.5,18.75,22.5,False,0.5,20899,-2040733.3106249997,0.3906663305659761,0.43758074549021486,-97.64741426025167,-2041015.4343750011,143.07157258064515,-284.93473216564576,True
confidence_threshold,0.435759209344115,0.5,15.0,22.5,False,0.0,18447,-2040784.649999998,0.2949273305520967,0.49758768363419525,-110.62962270287841,-2042063.9625000001,93.0,-312.3038034095811,True
confidence_no_after_2pm,0.43108233117483813,0.5,22.5,22.5,False,0.0,18603,-2044065.7874999994,0.38935369444603063,0.3635972692576466,-109.8782877761651,-2045867.25,192.68408116499114,-282.7418626995523,True
confidence_threshold,0.435759209344115,0.5,11.25,22.5,False,0.5,18447,-2044114.9462499986,0.15546336573171632,0.5550496015612295,-110.81015591966165,-2044389.9862500003,36.75,-294.88282118055537,True
confidence_and_adx,0.43108233117483813,1.0,11.25,30.0,False,0.5,20899,-2048525.816250001,0.5469964772589624,0.6028518110914398,-98.02027925977325,-2057999.745000004,196.33074549567425,-544.8309492469881,True
confidence_threshold,0.43108233117483813,1.0,22.5,30.0,False,0.5,32080,-2054862.3318750001,0.7509219594749669,0.4021197007481297,-64.05431209086659,-2330598.106875003,480.23342572674414,-430.1289636991658,True
confidence_and_adx,0.43108233117483813,0.5,18.75,15.0,False,0.0,20899,-2055340.9125,0.3622054632912901,0.43758074549021486,-98.34637602277621,-2055631.0124999986,127.63634499726626,-274.1683926748341,True
none,0.0,0.5,11.25,22.5,True,0.0,66692,-2064158.9999999963,0.521220276540794,0.46164457506147666,-30.950623762970014,-2064085.4999999867,72.98728725477461,-120.08499805024783,True
confidence_threshold,0.43108233117483813,1.25,11.25,15.0,False,0.5,32080,-2065372.8984374995,0.7079965416429274,0.5929551122194514,-64.38194820565772,-2137189.9359375006,263.2603400010514,-541.6687920001149,True
confidence_no_after_2pm,0.43108233117483813,0.5,18.75,30.0,False,0.0,18603,-2066399.587499999,0.3607700916906024,0.4200397785303446,-111.07883607482658,-2068644.187499996,149.25,-299.62360621929736,True
confidence_no_after_2pm,0.43108233117483813,0.5,18.75,22.5,False,0.0,18603,-2080501.274999999,0.3495451637551875,0.40267698758264797,-111.83686905337844,-2081993.7749999969,149.25,-287.8449446544276,True
confidence_threshold,0.435759209344115,1.0,11.25,22.5,False,0.0,18447,-2085381.9749999973,0.5022356535101277,0.5550496015612295,-113.04721499430786,-2283479.7749999957,205.5,-510.4162372076021,True
confidence_threshold,0.43108233117483813,1.0,22.5,22.5,False,0.5,32080,-2092374.54,0.7457682284384883,0.4021197007481297,-65.22364526184539,-2241803.9831250003,475.79926874999995,-429.10245604144944,True
confidence_threshold,0.435759209344115,0.5,15.0,30.0,False,0.0,18447,-2103445.1624999978,0.29890867257041137,0.5227408250664065,-114.02640876565283,-2105211.6,93.0,-340.7819357678325,True
confidence_threshold,0.43108233117483813,1.0,22.5,15.0,False,0.0,32080,-2132698.5750000007,0.7314679598595137,0.4123441396508728,-66.48062889650875,-2159156.8500000034,439.1718438161476,-421.28494191597713,True
confidence_and_adx,0.43108233117483813,0.5,11.25,15.0,False,0.5,20899,-2133493.715625,0.14625161142325463,0.4758600889994737,-102.0859235190679,-2133677.465625002,36.75,-228.13332715218183,True
confidence_threshold,0.435759209344115,0.5,11.25,30.0,False,0.5,18447,-2140080.2278124983,0.1573978837472244,0.5896893803870548,-116.01237208285892,-2140392.017812504,36.75,-335.5590867766546,True
confidence_threshold,0.43108233117483813,1.25,15.0,22.5,False,0.5,32080,-2149417.5023437506,0.7589023037725422,0.5120947630922693,-67.00179246707452,-2498634.4007812487,411.84035293211286,-569.5841311214222,True
confidence_threshold,0.43108233117483813,1.25,22.5,30.0,False,0.0,32080,-2163052.59375,0.7897094556595915,0.4391832917705736,-67.42682648846633,-2714395.968749999,576.5467164099653,-571.7313813156578,True
confidence_and_adx,0.43108233117483813,0.5,15.0,22.5,False,0.5,20899,-2167022.450625,0.3009065344340721,0.5162447964017417,-103.69024597468778,-2167228.824374999,86.45270646028362,-306.6034323071217,True
confidence_and_adx,0.43108233117483813,0.5,22.5,30.0,False,0.0,20899,-2167168.9875000007,0.4119587478355784,0.35350973730800517,-103.69725764390644,-2167627.837500009,205.5,-272.77055639849016,True
confidence_threshold,0.43108233117483813,1.0,18.75,30.0,False,0.5,32080,-2177505.299999999,0.7288550620774759,0.4403678304239402,-67.87734725685782,-2456117.9437500015,414.3324510246337,-447.32244391605855,True
confidence_and_adx,0.43108233117483813,0.5,15.0,15.0,False,0.0,20899,-2182176.675,0.27524098756296156,0.42638403751375664,-104.41536317527154,-2182298.0250000004,93.0,-251.15946571571573,True
confidence_and_adx,0.43108233117483813,0.5,15.0,30.0,False,0.5,20899,-2182934.443125,0.3055234312551816,0.5162447964017417,-104.45162175821811,-2183140.8168749986,89.0115627027528,-310.9080309718101,True
confidence_threshold,0.43108233117483813,1.0,18.75,22.5,False,0.5,32080,-2183077.0387499994,0.7260669023320572,0.4403678304239402,-68.05102988622193,-2341441.1081250003,409.59179483435975,-443.90242992118306,True
confidence_threshold,0.435759209344115,1.25,11.25,30.0,False,0.0,18447,-2186673.281249996,0.590505524375295,0.5896893803870548,-118.53815152870362,-2597077.968749999,289.875,-705.5005326000788,True
confidence_no_after_2pm,0.43108233117483813,0.5,11.25,22.5,False,0.5,18603,-2189955.2540624994,0.14130371362401598,0.527119281836263,-117.72054260401545,-2190359.5040625,36.75,-289.9085772493463,True
confidence_and_adx,0.43108233117483813,0.5,22.5,22.5,False,0.0,20899,-2196457.8000000003,0.4020155797195996,0.3646585961050768,-105.09870328723864,-2196916.6500000097,193.75990683637318,-276.63067103479443,True
confidence_no_after_2pm,0.43108233117483813,0.5,11.25,15.0,False,0.0,18603,-2196755.1374999993,0.12687395059861986,0.4669139386120518,-118.08606877922912,-2197159.3874999983,36.75,-253.70229278007454,True
confidence_threshold,0.43108233117483813,1.25,15.0,30.0,False,0.5,32080,-2198101.5750000007,0.7574487501383182,0.5120947630922693,-68.51937577930177,-2682849.002343743,417.84268127396825,-578.9944507391228,True
confidence_no_after_2pm,0.43108233117483813,0.5,15.0,30.0,False,0.0,18603,-2200590.0,0.27815522324609226,0.49013599956996184,-118.29221093372037,-2201613.0000000014,93.0,-321.40896151818663,True
confidence_no_after_2pm,0.43108233117483813,0.5,15.0,22.5,False,0.0,18603,-2200849.05,0.26822067223545376,0.466268881363221,-118.3061361070795,-2201872.0500000017,93.0,-302.90372142209685,True
confidence_threshold,0.43108233117483813,1.25,15.0,15.0,False,0.0,32080,-2203917.375,0.7366546383509752,0.5140274314214464,-68.70066630299252,-2410090.0312500005,373.8633622650091,-536.8136124919821,True
confidence_and_adx,0.43108233117483813,0.5,18.75,30.0,False,0.0,20899,-2220511.4625,0.37139068551243515,0.4205942868079812,-106.24965129910521,-2221384.9125000066,149.25,-291.7184707655463,True
none,0.0,0.5,11.25,15.0,True,0.0,66692,-2222687.5124999965,0.4942055221799664,0.4336652072212559,-33.327648181191094,-2222614.012499992,75.09025828089348,-116.36298060373358,True
confidence_no_after_2pm,0.43108233117483813,0.5,11.25,30.0,False,0.5,18603,-2228535.307499999,0.146539702777232,0.5596946729022201,-119.79440453152714,-2228939.557499997,36.75,-318.7860221584665,True
confidence_threshold,0.43108233117483813,1.0,18.75,15.0,False,0.0,32080,-2229068.3249999997,0.7068549792809933,0.44663341645885285,-69.48467347256857,-2269301.4749999996,375.1332914572865,-428.3448695921586,True
confidence_threshold,0.435759209344115,1.0,11.25,30.0,False,0.0,18447,-2236339.424999997,0.4998982030246795,0.5896893803870548,-121.23052122296292,-2455499.174999997,205.5,-590.8004260800631,True
confidence_and_adx,0.43108233117483813,0.5,18.75,22.5,False,0.0,20899,-2242985.9625,0.36028701232225624,0.40499545432795825,-107.32503768122876,-2243276.0625000065,149.25,-281.9652563329312,True
confidence_threshold,0.435759209344115,0.5,11.25,22.5,False,0.0,18447,-2260192.987499999,0.1427220335415597,0.5550496015612295,-122.52360749715395,-2260467.037500001,36.75,-321.20811860380104,True
confidence_threshold,0.43108233117483813,1.25,22.5,22.5,False,0.0,32080,-2279448.1875,0.7778188559064351,0.4391832917705736,-71.05511806421447,-2655140.3437499967,566.396843281993,-570.2525325162582,True
confidence_no_after_2pm,0.43108233117483813,1.25,11.25,22.5,False,0.0,18603,-2308863.937499998,0.5517968486370233,0.527119281836263,-124.11245162070624,-2318628.9375,289.875,-585.5835156871659,True
confidence_threshold,0.435759209344115,0.5,11.25,30.0,False,0.0,18447,-2335671.7124999985,0.1461434947326562,0.5896893803870548,-126.61526061148146,-2335982.5124999983,36.75,-361.40021304003153,True
confidence_no_after_2pm,0.43108233117483813,1.0,11.25,22.5,False,0.0,18603,-2338210.3499999987,0.4628931921944546,0.527119281836263,-125.689961296565,-2343063.974999997,205.5,-494.86681254973274,True
confidence_and_adx,0.43108233117483813,1.25,11.25,22.5,False,0.0,20899,-2342280.0,0.5804900976177503,0.5350016747212786,-112.07617589358343,-2352654.375000001,289.875,-574.5392441860465,True
confidence_no_after_2pm,0.43108233117483813,1.25,11.25,30.0,False,0.0,18603,-2343308.7187499986,0.5629368078030543,0.5596946729022201,-125.96402293984833,-2357753.6250000005,289.875,-654.5583223965325,True
confidence_threshold,0.43108233117483813,1.25,18.75,30.0,False,0.0,32080,-2358390.9374999986,0.7650257941667702,0.46430798004987534,-73.5159269794264,-2904460.499999999,515.5029770896274,-584.0446774076229,True
confidence_and_adx,0.43108233117483813,1.25,11.25,30.0,False,0.0,20899,-2362674.6562500014,0.5919497871098726,0.5657686970668453,-113.05204345901724,-2411782.2187500005,289.875,-638.0337913223143,True
confidence_no_after_2pm,0.43108233117483813,1.0,11.25,30.0,False,0.0,18603,-2365766.174999999,0.47490804808308995,0.5596946729022201,-127.17121835187866,-2374363.7249999973,205.5,-550.0466579172261,True
confidence_and_adx,0.43108233117483813,0.5,11.25,22.5,False,0.5,20899,-2368875.455625,0.14781823132030955,0.5350016747212786,-113.34874662065171,-2369095.9556249976,36.75,-286.04416604496816,True
confidence_and_adx,0.43108233117483813,0.5,15.0,30.0,False,0.0,20899,-2372621.9250000007,0.28719459369464606,0.4918417149145892,-113.52801210584242,-2372836.2750000036,93.0,-313.42456920903965,True
confidence_and_adx,0.43108233117483813,0.5,15.0,22.5,False,0.0,20899,-2380788.825,0.2773066460075205,0.4700224891143117,-113.9187915689746,-2381003.1750000026,93.0,-297.42938109425785,True
confidence_and_adx,0.43108233117483813,0.5,11.25,15.0,False,0.0,20899,-2382083.25,0.1330192912844187,0.4758600889994737,-113.98072874300206,-2382267.0,36.75,-250.82727770677377,True
confidence_no_after_2pm,0.43108233117483813,0.5,11.25,22.5,False,0.0,18603,-2396903.1749999993,0.13069812520514493,0.527119281836263,-128.8449806482825,-2397307.4250000017,36.75,-313.43340627486634,True
confidence_and_adx,0.43108233117483813,0.5,11.25,30.0,False,0.5,20899,-2403596.9081250005,0.15310509637388947,0.5657686970668453,-115.01013962988662,-2403854.158124999,36.75,-312.7414774793389,True
confidence_no_after_2pm,0.43108233117483813,0.5,11.25,30.0,False,0.0,18603,-2410681.0874999994,0.13698420304350242,0.5596946729022201,-129.58560917593934,-2411085.337499999,36.75,-341.02332895861304,True
confidence_and_adx,0.43108233117483813,1.0,11.25,22.5,False,0.0,20899,-2425557.6,0.48646461482235626,0.5350016747212786,-116.06094071486675,-2430793.1249999967,205.5,-486.0313953488372,True
confidence_and_adx,0.43108233117483813,1.0,11.25,30.0,False,0.0,20899,-2441873.325000001,0.49876415708702565,0.5657686970668453,-116.84163476721379,-2451058.274999997,205.5,-536.8270330578514,True
confidence_threshold,0.43108233117483813,1.25,18.75,22.5,False,0.0,32080,-2442846.749999999,0.7545823659965748,0.46430798004987534,-76.14858946384037,-2819618.5312499977,504.2624181772407,-579.2164951265638,True
confidence_threshold,0.43108233117483813,1.0,11.25,15.0,False,0.5,32080,-2499210.3187499996,0.5836883722188133,0.5929551122194514,-77.90555856452617,-2502514.061250001,184.20827200084113,-459.73503360009187,True
none,0.0,0.5,11.25,30.0,True,0.5,66692,-2507277.907499997,0.40809651498065486,0.4809722305523901,-37.594882557128244,-2507305.575000022,53.891555475886165,-122.37346042178243,True
none,0.0,0.5,11.25,22.5,True,0.5,66692,-2549551.207499997,0.39927130728696403,0.47079109938223473,-38.22874119084744,-2549472.060000017,53.96988343206576,-120.24983304527676,True
confidence_threshold,0.43108233117483813,1.0,15.0,22.5,False,0.5,32080,-2566446.0018750005,0.659962257038576,0.5087593516209477,-80.00143397365962,-2619803.028750003,305.19494822621164,-478.93475168951073,True
confidence_threshold,0.43108233117483813,1.0,22.5,30.0,False,0.0,32080,-2577354.075,0.7042701185707885,0.4123441396508728,-80.34146119077307,-2790913.575000002,464.0063804052011,-462.29739417568436,True
confidence_and_adx,0.43108233117483813,0.5,11.25,22.5,False,0.0,20899,-2592112.8,0.13682975661906135,0.5350016747212786,-124.03047035743336,-2592333.3000000063,36.75,-309.01569767441856,True
confidence_and_adx,0.43108233117483813,0.5,11.25,30.0,False,0.0,20899,-2600270.662500001,0.1431829506970455,0.5657686970668453,-124.42081738360692,-2600527.912500007,36.75,-334.4135165289257,True
confidence_threshold,0.43108233117483813,1.0,15.0,30.0,False,0.5,32080,-2605393.2600000002,0.6601083892807343,0.5087593516209477,-81.2155006234414,-2761781.0700000054,310.02829177133754,-486.4118922520464,True
confidence_threshold,0.43108233117483813,1.0,15.0,15.0,False,0.0,32080,-2610045.9,0.6328714459099601,0.5087593516209477,-81.36053304239401,-2617574.999999997,275.67584706819434,-451.129602132115,True
none,0.0,0.5,11.25,15.0,True,0.5,66692,-2628815.4637499973,0.38235847682633756,0.45164337551730344,-39.41725339995798,-2628736.3162500216,54.02875402543078,-116.38225817587698,True
confidence_threshold,0.43108233117483813,1.0,22.5,22.5,False,0.0,32080,-2670470.55,0.6928356074273618,0.4123441396508728,-83.24409445137157,-2744195.475000001,455.3579641669187,-461.1683481858688,True
confidence_threshold,0.43108233117483813,1.0,18.75,30.0,False,0.0,32080,-2733624.749999999,0.6780481321811033,0.44663341645885285,-85.21274158354112,-2940887.2499999967,401.8119974874372,-478.30030700766116,True
confidence_threshold,0.43108233117483813,1.0,18.75,22.5,False,0.0,32080,-2801189.3999999994,0.6674912942263063,0.44663341645885285,-87.31887157107231,-2873585.4749999964,392.4636934673367,-474.5611311401532,True
confidence_threshold,0.43108233117483813,0.5,22.5,15.0,False,0.5,32080,-2869249.3565625,0.4383244374144193,0.3579488778054863,-89.44044128935474,-2869700.2303125006,194.99482387006879,-248.01548376280525,True
confidence_threshold,0.43108233117483813,0.5,18.75,15.0,False,0.5,32080,-2891446.6471875003,0.3986993091876065,0.43089152119700747,-90.13237678265276,-2891728.7709374977,138.69686844389784,-263.38683571712215,True
confidence_threshold,0.43108233117483813,1.25,15.0,30.0,False,0.0,32080,-2926799.6250000005,0.6960750094511716,0.5140274314214464,-91.23440227556111,-3311017.5937499986,406.50132466646454,-617.7040711193073,True
confidence_threshold,0.43108233117483813,1.25,15.0,22.5,False,0.0,32080,-2964779.343750001,0.6869548949667055,0.5140274314214464,-92.41830872038656,-3191998.7812500005,394.54180374469377,-607.4902942591405,True
confidence_threshold,0.43108233117483813,1.25,11.25,22.5,False,0.5,32080,-2964792.3468750003,0.636315737518667,0.5929551122194514,-92.418714054707,-3000793.340624988,272.7007042831984,-624.2996740503905,True
confidence_threshold,0.43108233117483813,1.25,11.25,15.0,False,0.0,32080,-3005376.5625,0.5996488157804457,0.5929551122194514,-93.68380805798004,-3011918.3437500014,236.64568000210284,-574.8851805406647,True
confidence_threshold,0.43108233117483813,0.5,15.0,15.0,False,0.5,32080,-3061016.1975000002,0.305289632748783,0.5087593516209477,-95.41821064526185,-3061160.6962500005,82.41896176704859,-279.59744098610315,True
confidence_threshold,0.43108233117483813,1.25,11.25,30.0,False,0.5,32080,-3082290.3890625015,0.6323469066225614,0.5929551122194514,-96.08137123012786,-3236117.632031242,278.69844702844074,-642.0349401468449,True
confidence_threshold,0.43108233117483813,0.5,22.5,30.0,False,0.5,32080,-3144711.1659375,0.42467406394880636,0.3579488778054863,-98.02715604543329,-3145162.0396874845,202.14694548462944,-265.3767316083653,True
confidence_threshold,0.43108233117483813,0.5,22.5,22.5,False,0.5,32080,-3163467.27,0.420198405237427,0.3579488778054863,-98.61182263092269,-3163918.1437499914,199.6562799355569,-264.89878780890416,True
confidence_threshold,0.43108233117483813,0.5,22.5,15.0,False,0.0,32080,-3183629.2875000006,0.39955584968611385,0.3579488778054863,-99.24031444825438,-3184088.137500008,184.4896477401376,-257.42214460843815,True
confidence_threshold,0.43108233117483813,1.0,15.0,30.0,False,0.0,32080,-3188351.7000000007,0.6079856104785248,0.48472568578553615,-99.3875218204489,-3273410.849999995,318.0,-492.0297459165154,True
confidence_threshold,0.43108233117483813,0.5,18.75,30.0,False,0.5,32080,-3206032.6499999994,0.3856765807392211,0.43089152119700747,-99.93867362842892,-3206986.222499987,145.61021033784272,-285.85214369830754,True
confidence_threshold,0.43108233117483813,0.5,18.75,22.5,False,0.5,32080,-3208818.5193749997,0.3815044490520785,0.43089152119700747,-100.02551494311096,-3209100.643124993,143.18775320118644,-284.17061027961876,True
confidence_threshold,0.43108233117483813,1.0,15.0,22.5,False,0.0,32080,-3218735.4750000006,0.5971964010914397,0.5087593516209477,-100.33464697630924,-3233057.924999997,292.3898964524233,-507.0645964210927,True
confidence_threshold,0.43108233117483813,1.0,11.25,22.5,False,0.5,32080,-3218745.8775000004,0.5312334413462434,0.5929551122194514,-100.3349712437656,-3224630.113125004,191.76056342655872,-525.8397392403125,True
confidence_threshold,0.43108233117483813,0.5,18.75,15.0,False,0.0,32080,-3231814.1625,0.3540434789963852,0.43089152119700747,-100.74233673628429,-3232104.26250001,128.1437368877957,-274.03982239688884,True
confidence_threshold,0.43108233117483813,1.0,11.25,15.0,False,0.0,32080,-3251213.25,0.4888373672008642,0.47163341645885287,-101.34704644638404,-3253468.7249999917,205.5,-375.2465044247788,True
confidence_threshold,0.43108233117483813,1.0,11.25,30.0,False,0.5,32080,-3312744.3112500007,0.5302194706886049,0.5929551122194514,-103.26509698410227,-3326495.2687500124,196.5587576227526,-540.0279521174758,True
confidence_threshold,0.43108233117483813,0.5,11.25,15.0,False,0.5,32080,-3366885.159375,0.1417384347498031,0.47163341645885287,-104.95277928226308,-3367068.9093749956,36.75,-231.44027488938053,True
confidence_threshold,0.43108233117483813,0.5,15.0,22.5,False,0.5,32080,-3400503.0009375,0.2936016553502029,0.5087593516209477,-106.0007169868298,-3400709.3746874966,86.59747411310582,-305.4673758447554,True
confidence_threshold,0.43108233117483813,0.5,22.5,30.0,False,0.0,32080,-3405957.0375,0.4013797062432018,0.3464152119700748,-106.17073059538653,-3406415.887500008,205.5,-271.36350157390183,True
confidence_threshold,0.43108233117483813,0.5,15.0,30.0,False,0.5,32080,-3419976.63,0.29814621571690575,0.5087593516209477,-106.6077503117207,-3420183.0037499876,89.01414588566877,-309.2059461260232,True
confidence_threshold,0.43108233117483813,0.5,15.0,15.0,False,0.0,32080,-3422302.95,0.2688313240312854,0.4217581047381546,-106.68026652119701,-3422424.300000007,93.0,-252.32307008086255,True
confidence_threshold,0.43108233117483813,0.5,22.5,22.5,False,0.0,32080,-3452515.275,0.3919556511233255,0.3579488778054863,-107.62204722568578,-3452974.1250000093,193.81255987111382,-275.6743651988154,True
confidence_threshold,0.43108233117483813,0.5,18.75,30.0,False,0.0,32080,-3484092.3749999995,0.3627603278066741,0.41424563591022445,-108.60637079177056,-3484965.825000014,149.25,-290.962462082912,True
confidence_threshold,0.43108233117483813,0.5,18.75,22.5,False,0.0,32080,-3517874.6999999997,0.35216658412389373,0.3994077306733167,-109.65943578553615,-3518164.8000000133,149.25,-281.8401904811335,True
confidence_threshold,0.43108233117483813,0.5,15.0,30.0,False,0.0,32080,-3711455.85,0.2803917247767198,0.48472568578553615,-115.69376091022444,-3711670.200000008,93.0,-312.0148729582577,True
confidence_threshold,0.43108233117483813,0.5,15.0,22.5,False,0.0,32080,-3726647.7375000003,0.27094353770806157,0.464214463840399,-116.16732348815462,-3726862.087500008,93.0,-297.39374781824534,True
confidence_threshold,0.43108233117483813,0.5,11.25,22.5,False,0.5,32080,-3726652.93875,0.143263253376215,0.5285847880299251,-116.1674856218828,-3726873.4387499955,36.75,-287.6296163955564,True
confidence_threshold,0.43108233117483813,0.5,11.25,15.0,False,0.0,32080,-3742886.625,0.12934138338946236,0.47163341645885287,-116.67352322319202,-3743070.375000004,36.75,-253.62325221238933,True
confidence_threshold,0.43108233117483813,0.5,11.25,30.0,False,0.5,32080,-3773652.1556250006,0.14830953292789192,0.5573877805486285,-117.63254849205114,-3773909.405624987,36.75,-312.048658752377,True
confidence_threshold,0.43108233117483813,1.25,11.25,22.5,False,0.0,32080,-3812707.4062500005,0.5631695742648466,0.5285847880299251,-118.84998149158355,-3825787.2187500037,289.875,-577.1419547212855,True
confidence_threshold,0.43108233117483813,1.25,11.25,30.0,False,0.0,32080,-3834893.7187500005,0.5747582024310665,0.5573877805486285,-119.54157477400251,-3894793.968750002,289.875,-635.1256140397211,True
confidence_threshold,0.43108233117483813,1.0,11.25,22.5,False,0.0,32080,-3897077.9250000003,0.4720652349320133,0.5285847880299251,-121.47998519326684,-3902313.449999995,205.5,-488.1135637770284,True
confidence_threshold,0.43108233117483813,1.0,11.25,30.0,False,0.0,32080,-3914826.9750000006,0.4841698720288465,0.5573877805486285,-122.03325981920202,-3927793.8749999963,205.5,-534.5004912317769,True
confidence_threshold,0.43108233117483813,0.5,11.25,22.5,False,0.0,32080,-4065818.9625,0.13290067180983856,0.5285847880299251,-126.73999259663341,-4066039.4625000064,36.75,-310.0567818885142,True
confidence_threshold,0.43108233117483813,0.5,11.25,30.0,False,0.0,32080,-4074693.4875000007,0.13887398865921097,0.5573877805486285,-127.01662990960102,-4074950.7375000073,36.75,-333.2502456158885,True
none,0.0,1.25,18.75,15.0,False,0.5,66692,-6186231.834374997,0.660381255691096,0.3631769927427578,-92.75822938845734,-6186643.3828124795,496.6348682444987,-428.88618064385105,True
none,0.0,1.25,15.0,15.0,False,0.5,66692,-6425733.0375,0.6307717627550239,0.4080849277274636,-96.34938279703712,-6426003.960937475,403.34410936466605,-440.8538432964016,True
none,0.0,1.25,18.75,30.0,False,0.5,66692,-6431051.6226562485,0.6575558268859544,0.3631769927427578,-96.42913126996115,-6433629.060937471,509.8386738264317,-442.18064423739145,True
none,0.0,1.25,22.5,15.0,False,0.5,66692,-6458825.238281246,0.6552415936194264,0.3433695195825586,-96.84557725486185,-6459436.84921871,536.049190672762,-427.8030623101822,True
none,0.0,1.25,22.5,30.0,False,0.5,66692,-6553254.018749998,0.6567901196782766,0.3433695195825586,-98.2614709222995,-6555643.235156219,547.631409559225,-436.01601428699877,True
none,0.0,1.0,18.75,15.0,False,0.5,66692,-6709654.267499997,0.573050562870788,0.3395759611347688,-100.60658351076587,-6709930.706249974,397.6545541628031,-356.80183802077414,True
none,0.0,1.25,15.0,30.0,False,0.5,66692,-6865893.4710937515,0.6232375575670555,0.4080849277274636,-102.94928133949726,-6867076.106249976,417.30998651413694,-461.6324365199742,True
none,0.0,1.0,15.0,15.0,False,0.5,66692,-6901255.229999999,0.5390632540674413,0.40264199604150425,-103.47950623762968,-6901419.168749961,300.5617249469333,-375.8186508195486,True
none,0.0,1.0,18.75,30.0,False,0.5,66692,-6905510.098124999,0.5728649167777415,0.3395759611347688,-103.54330501596891,-6906806.448749978,408.95174584382045,-367.0573342320354,True
none,0.0,1.0,22.5,15.0,False,0.5,66692,-6927728.990624996,0.5716468900250394,0.31086187248845437,-103.87646180388946,-6928117.929374982,445.93915905966634,-351.89163699412524,True
none,0.0,1.0,22.5,30.0,False,0.5,66692,-7003272.014999999,0.5745451139911125,0.31086187248845437,-105.0091767378396,-7004417.788124995,456.1738807459484,-358.1520650701697,True
none,0.0,1.25,18.75,22.5,False,0.5,66692,-7053882.862499999,0.6343570071782605,0.3631769927427578,-105.76805107809031,-7054294.410937463,505.25737363754604,-454.2328108444586,True
none,0.0,1.25,11.25,15.0,False,0.5,66692,-7188987.810937498,0.5509521085439409,0.49350746716247823,-107.79385549897286,-7189684.734374966,267.99177519141375,-473.9453834575475,True
none,0.0,1.25,22.5,22.5,False,0.5,66692,-7238329.668749998,0.6323464240127615,0.3433695195825586,-108.5337022244047,-7238881.842187438,543.6496955854259,-449.57772418835066,True
none,0.0,1.0,15.0,30.0,False,0.5,66692,-7253383.576875001,0.5358857441454324,0.40264199604150425,-108.75942507159782,-7253660.083124969,311.8854597251704,-392.2900631761591,True
none,0.0,1.25,15.0,22.5,False,0.5,66692,-7391590.553906251,0.6028301520361667,0.4080849277274636,-110.83174224654007,-7391861.477343718,412.2230776186343,-471.44223919280074,True
none,0.0,1.0,18.75,22.5,False,0.5,66692,-7403775.089999999,0.5533580821019282,0.3395759611347688,-111.01444086247224,-7404051.528749991,405.0319799807922,-376.35450881201047,True
none,0.0,1.0,11.25,15.0,False,0.5,66692,-7511859.048749998,0.451660562300842,0.49350746716247823,-112.63508439917828,-7512178.987499975,187.99342015313098,-405.556306766038,True
none,0.0,1.0,22.5,22.5,False,0.5,66692,-7551332.534999999,0.5541197063570958,0.31086187248845437,-113.22696177952376,-7551721.473750002,452.65540688910875,-368.4896525375327,True
none,0.0,1.25,18.75,30.0,False,0.0,66692,-7624277.156249999,0.6159183315965845,0.3708390811491633,-114.32071547187067,-7626575.812499998,494.3550650473073,-473.0854772402288,True
none,0.0,1.25,18.75,15.0,False,0.0,66692,-7653485.999999997,0.6022149749934715,0.3708390811491633,-114.7586817009536,-7653895.3125,468.4930745087338,-458.5380533543851,True
none,0.0,1.25,22.5,30.0,False,0.0,66692,-7672183.124999998,0.6197539460160912,0.35310082168775864,-115.0390320428237,-7674323.906249998,531.008013875324,-467.6747292434462,True
none,0.0,1.0,15.0,22.5,False,0.5,66692,-7673941.243125001,0.5185203185127816,0.40264199604150425,-115.06539379723206,-7674105.181874978,307.76092056753436,-400.0663983314089,True
none,0.0,0.5,18.75,15.0,False,0.5,66692,-7756499.133749999,0.2829427613165766,0.32662088406405565,-116.30329175538294,-7756505.3531249715,140.5053367304779,-240.86768540270322,True
none,0.0,1.25,22.5,15.0,False,0.0,66692,-7813825.406249996,0.6051243808295077,0.35310082168775864,-117.16285920725119,-7814392.59375,508.4819777379083,-458.66229747583617,True
none,0.0,1.25,11.25,30.0,False,0.5,66692,-7843510.319531251,0.541340598526923,0.49350746716247823,-117.6079637667374,-7844207.2429687325,281.2699275362319,-506.25973073599727,True
none,0.0,0.5,15.0,15.0,False,0.5,66692,-7852299.614999999,0.2237353989966411,0.40264199604150425,-117.73975311881485,-7852249.584374976,84.28086247346666,-253.9093254097743,True
none,0.0,0.5,18.75,30.0,False,0.5,66692,-7854427.0490625,0.2887401696773823,0.32662088406405565,-117.77165250798446,-7854433.268437494,146.37797823991187,-245.8967812479125,True
none,0.0,1.0,18.75,30.0,False,0.0,66692,-7860090.5249999985,0.5378901341861644,0.34758291849097345,-117.85657237749653,-7861163.84999997,394.6787271903715,-390.91581669003244,True
none,0.0,0.5,22.5,15.0,False,0.5,66692,-7865536.495312498,0.30364500388288473,0.26144065255203025,-117.93823090194473,-7865598.964687483,196.70569511355816,-229.31819464253084,True
none,0.0,1.0,18.75,15.0,False,0.0,66692,-7883457.599999996,0.5228165255521436,0.34758291849097345,-118.20694536076284,-7883732.249999976,372.6048304646047,-379.69272540277166,True
none,0.0,1.0,22.5,30.0,False,0.0,66692,-7898415.299999997,0.543640068433577,0.3225124452707971,-118.43122563425894,-7899362.324999947,437.44524268910703,-383.05170141424867,True
none,0.0,0.5,22.5,30.0,False,0.5,66692,-7903308.007499998,0.3091007661745267,0.26144065255203025,-118.50458836891978,-7903370.4768750025,202.79041207845836,-232.23894819920417,True
none,0.0,1.25,15.0,15.0,False,0.0,66692,-7995545.999999998,0.5652914093140812,0.4116085887362802,-119.88763269957414,-7995814.687499999,378.7600098812429,-468.7160630781581,True
none,0.0,1.0,22.5,15.0,False,0.0,66692,-8011729.124999997,0.5286210617012267,0.3225124452707971,-120.13028736580095,-8012116.2749999575,417.71524594355867,-376.1672830489344,True
none,0.0,0.5,15.0,30.0,False,0.5,66692,-8028363.788437501,0.23126441744958595,0.40264199604150425,-120.3797125357989,-8028313.757812507,89.94272986258518,-262.1450315880795,True
none,0.0,1.0,11.25,30.0,False,0.5,66692,-8035477.055625002,0.44858712871846396,0.49350746716247823,-120.48637101338994,-8035796.99437497,198.6159420289855,-431.4077845887978,True
none,0.0,0.5,18.75,22.5,False,0.5,66692,-8103559.545,0.2795379394647595,0.32662088406405565,-121.50722043123614,-8103565.764374947,144.3403585938576,-250.45593480705426,True
none,0.0,1.25,15.0,30.0,False,0.0,66692,-8122118.343750001,0.5787206539667473,0.4116085887362802,-121.78549666751636,-8123023.124999998,406.45264858292956,-491.3139318569863,True
none,0.0,1.0,15.0,15.0,False,0.0,66692,-8157105.599999999,0.4824112326768004,0.40264199604150425,-122.31010615965931,-8157267.749999975,283.1234498938666,-395.58773061572833,True
none,0.0,0.5,11.25,15.0,False,0.5,66692,-8157601.524374999,0.10978876937059973,0.4104840160738919,-122.31754219958914,-8157495.243750001,36.75,-233.0773609821701,True
none,0.0,0.5,22.5,22.5,False,0.5,66692,-8177338.267499998,0.29968872312266626,0.26144065255203025,-122.61348088976186,-8177400.736874961,200.6986192360633,-237.06186845257432,True
none,0.0,0.5,15.0,22.5,False,0.5,66692,-8238642.6215625005,0.22265931520881072,0.40264199604150425,-123.53269689861604,-8238592.590937461,87.88046028376718,-266.03319916570445,True
none,0.0,1.25,11.25,22.5,False,0.5,66692,-8255519.981250001,0.524061529751435,0.49350746716247823,-123.7857611295208,-8256160.654687464,276.19030711648895,-513.5075508266972,True
none,0.0,1.0,15.0,30.0,False,0.0,66692,-8258363.475000001,0.4991350338730581,0.3880525400347868,-123.82839733401309,-8258525.624999968,318.0,-404.0038095413114,True
none,0.0,0.5,18.75,30.0,False,0.0,66692,-8331717.262499999,0.2744762629843764,0.316664667426378,-124.92828618874826,-8331722.587499985,149.25,-251.9853424725166,True
none,0.0,0.5,18.75,15.0,False,0.0,66692,-8343400.799999999,0.2559532352286625,0.32662088406405565,-125.10347268038144,-8343406.124999996,131.7606734609558,-249.69479502994938,True
none,0.0,0.5,22.5,30.0,False,0.0,66692,-8350879.6499999985,0.2947297628536245,0.25463323936903975,-125.21561281712947,-8350941.224999977,205.5,-238.1951448400724,True
none,0.0,1.0,11.25,22.5,False,0.5,66692,-8365084.785000001,0.43358153215698575,0.49350746716247823,-125.42860890361665,-8365359.72374999,194.55224569319114,-437.20604066135775,True
none,0.0,1.25,18.75,22.5,False,0.0,66692,-8399574.84375,0.5883375992400697,0.3708390811491633,-125.94576326620884,-8399984.156249998,485.3817776564776,-486.273521657531,True
none,0.0,0.5,22.5,15.0,False,0.0,66692,-8407536.562499998,0.28042060420302833,0.26144065255203025,-126.06514368290047,-8407598.137499982,187.9113902271163,-237.2088590730063,True
none,0.0,0.5,11.25,30.0,False,0.5,66692,-8419410.527812501,0.12051397718375231,0.4707161278714089,-126.24318550669497,-8419304.247187523,36.75,-271.2004101479504,True
none,0.0,0.5,15.0,15.0,False,0.0,66692,-8480224.799999999,0.2019094037218533,0.34590355664847355,-127.15505307982964,-8480173.874999993,93.0,-243.5788872842308,True
none,0.0,1.0,18.75,22.5,False,0.0,66692,-8480328.674999999,0.5140723609462975,0.34758291849097345,-127.15661061296706,-8480603.324999962,387.019787757215,-401.0901697271954,True
none,0.0,1.25,22.5,22.5,False,0.0,66692,-8496593.624999998,0.5918815224556588,0.35310082168775864,-127.40049218796854,-8497143.562499998,523.2640544715276,-482.5565872505389,True
none,0.0,0.5,15.0,30.0,False,0.0,66692,-8530853.7375,0.22005004507925863,0.3880525400347868,-127.91419866700654,-8530802.812499994,93.0,-268.0019047706557,True
none,0.0,1.0,22.5,22.5,False,0.0,66692,-8557943.7,0.5197849030717988,0.3225124452707971,-128.32039375037485,-8558330.849999925,430.66250058115224,-394.4196583892172,True
none,0.0,0.5,11.25,22.5,False,0.5,66692,-8584214.3925,0.11403752162307837,0.4508186888982187,-128.71430445180832,-8584108.111875005,36.75,-264.5426716676678,True
none,0.0,0.5,18.75,22.5,False,0.0,66692,-8641836.337499999,0.26141722908791765,0.30729322857314223,-129.57830530648351,-8641841.662499977,149.25,-253.26996487943197,True
none,0.0,0.5,22.5,22.5,False,0.0,66692,-8680643.85,0.2823724579237528,0.26144065255203025,-130.1601968751874,-8680705.424999971,195.89723847212665,-245.58039832710736,True
none,0.0,0.5,15.0,22.5,False,0.0,66692,-8809070.2125,0.20864004365102776,0.374452707970971,-132.08586056048702,-8809019.287499987,93.0,-266.82229230087006,True
none,0.0,1.0,15.0,22.5,False,0.0,66692,-8814796.425,0.47543932885259216,0.40264199604150425,-132.17172112097404,-8814958.574999955,297.5218411350687,-421.8015117096312,True
none,0.0,1.25,15.0,22.5,False,0.0,66692,-8817659.53125,0.5523644538130191,0.4116085887362802,-132.21465140121754,-8817928.218749998,396.3659258770172,-501.98263455314594,True
none,0.0,0.5,11.25,15.0,False,0.0,66692,-8820311.737499999,0.10238440065170544,0.4104840160738919,-132.2544193831344,-8820204.562500019,36.75,-249.93335378726215,True
none,0.0,1.0,11.25,15.0,False,0.0,66692,-8837279.474999998,0.38897528406266957,0.4104840160738919,-132.50883876626878,-8837329.124999976,205.5,-367.8667075745243,True
none,0.0,1.25,11.25,15.0,False,0.0,66692,-8845763.343749998,0.47800084013515853,0.49350746716247823,-132.63604845783598,-8845895.531249998,246.10855038282745,-501.67068481897036,True
none,0.0,0.5,11.25,30.0,False,0.0,66692,-8942712.7125,0.1142676722210729,0.4707161278714089,-134.08973658759672,-8942605.537500018,36.75,-286.0252546106122,True
none,0.0,1.0,11.25,30.0,False,0.0,66692,-9082081.425,0.4153170074947019,0.4707161278714089,-136.17947317519344,-9082332.074999973,205.5,-440.05050922122444,True
none,0.0,1.25,11.25,30.0,False,0.0,66692,-9151765.78125,0.49858315691548655,0.4707161278714089,-137.22434146899178,-9152376.093749996,289.875,-517.0631365265305,True
none,0.0,0.5,11.25,22.5,False,0.0,66692,-9182331.0375,0.10740720774020066,0.4508186888982187,-137.68264615696035,-9182223.862500008,36.75,-280.8730556844865,True
none,0.0,1.0,11.25,22.5,False,0.0,66692,-9561318.075000001,0.39254191124820803,0.4508186888982187,-143.36529231392072,-9561367.725,205.5,-429.7461113689729,True
none,0.0,1.25,11.25,22.5,False,0.0,66692,-9750811.59375,0.47196417733543206,0.4508186888982187,-146.2066153924009,-9751070.343749998,289.875,-504.1826392112161,True
