filter_key,category,context,description,net_profitability_improvement,statistical_confidence,trade_reduction,risk_reduction,rank_score,trade_count,net_pnl,profit_factor,win_rate,expectancy,max_drawdown,avg_winner,avg_loser,trade_coverage,net_pnl_delta,profit_factor_delta,expectancy_delta,max_drawdown_delta,baseline_trades,baseline_net_pnl,baseline_expectancy,baseline_profit_factor,baseline_win_rate,baseline_max_drawdown,baseline_avg_winner,baseline_avg_loser,expectancy_lift,expectancy_lift_ci_low,expectancy_lift_ci_high,p_value_approx,statistically_acceptable
all:min_confidence_0.4358,minimum_confidence,all,all require quality confidence >= 0.4358,3299357.624999999,1.0,0.7234001079589756,0.9485279794311323,4.8834771397014585,18447,531238.500000006,1.1900046366605768,0.514446793516561,28.79809725158595,-142487.99999999895,350.5966675447841,-312.1495897063744,0.2765998920410244,3299357.624999999,0.45782397262153174,70.30411184104184,2625773.249999998,66692,-2768119.124999993,-41.5060145894559,0.732180664039045,0.39701913272956274,-2768261.249999997,285.8090159755271,-257.0192035112149,70.30411184104184,63.559153527032706,77.04907015505098,9.145188022636535e-93,True
all:min_directional_confidence_0.4645,minimum_confidence,all,all require directional confidence >= 0.4645,3192279.0,1.0,0.7594614046662268,0.9734270925477146,4.761574093521441,16042,424159.87500000687,1.1650837588889449,0.5009350455055479,26.440585650168735,-73560.74999999761,372.51387506222056,-320.92950599550306,0.24053859533377317,3192279.0,0.43290309484989986,67.94660023962464,2694700.4999999995,66692,-2768119.124999993,-41.5060145894559,0.732180664039045,0.39701913272956274,-2768261.249999997,285.8090159755271,-257.0192035112149,67.94660023962464,60.5329405639953,75.36025991525399,3.762576595029488e-72,True
all:min_directional_confidence_0.4468,minimum_confidence,all,all require directional confidence >= 0.4468,3068415.0000000023,1.0,0.6192196965153242,0.96013549118603,4.503610254732799,25395,300295.8750000092,1.0754367203642587,0.4819846426461902,11.825000000000362,-110355.37499999645,349.7598958333338,-302.6047320410488,0.38078030348467584,3068415.0000000023,0.3432560563252137,53.33101458945626,2657905.875000001,66692,-2768119.124999993,-41.5060145894559,0.732180664039045,0.39701913272956274,-2768261.249999997,285.8090159755271,-257.0192035112149,53.33101458945626,47.50597635467671,59.15605282423581,5.275822227972022e-72,True
all:min_confidence_0.4311,minimum_confidence,all,all require quality confidence >= 0.4311,2963544.7499999995,1.0,0.5189827865411143,0.9159968193030915,4.303993745740987,32080,195425.62500000637,1.0402159150952517,0.4783977556109726,6.09182122817975,-232542.74999999933,329.36963250146636,-290.4087805533973,0.48101721345888565,2963544.7499999995,0.30803525105620666,47.597835817635655,2535718.4999999977,66692,-2768119.124999993,-41.5060145894559,0.732180664039045,0.39701913272956274,-2768261.249999997,285.8090159755271,-257.0192035112149,47.597835817635655,42.445217643789604,52.750453991481706,2.8733602708667823e-73,True
all:min_confidence_0.4240,minimum_confidence,all,all require quality confidence >= 0.4240,2831762.6250000014,1.0,0.47681880885263594,0.9006826035656864,4.116227126125707,34892,63643.50000000821,1.0120390966322028,0.47211395162214836,1.82401410065368,-274936.49999999837,324.77661172828294,-287.0080691134153,0.523181191147364,2831762.6250000014,0.2798584325931578,43.33002869010958,2493324.749999999,66692,-2768119.124999993,-41.5060145894559,0.732180664039045,0.39701913272956274,-2768261.249999997,285.8090159755271,-257.0192035112149,43.33002869010958,38.3781897560019,48.281867624217256,6.223985402622017e-66,True
all:min_directional_confidence_0.4214,minimum_confidence,all,all require directional confidence >= 0.4214,2562320.625000002,1.0,0.4665477118694896,0.9023890447478555,3.7721200620160618,35577,-205798.49999999136,0.9635257607174114,0.45841414396941843,-5.784593979256018,-270212.6249999955,333.3434759948498,-292.8325332156943,0.5334522881305104,2562320.625000002,0.23134509667836634,35.721420610199885,2498048.625000002,66692,-2768119.124999993,-41.5060145894559,0.732180664039045,0.39701913272956274,-2768261.249999997,285.8090159755271,-257.0192035112149,35.721420610199885,30.74103922682048,40.70180199357929,6.884568725961906e-45,False
all:only_day_sunday,day_filter,all,all trade only Sunday,2774399.624999993,0.9421452312129094,0.9950518802854915,0.99579614279541,3.504972048104494,330,6280.499999999849,1.10096577002375,0.4393939393939394,19.031818181817723,-11637.375000000038,472.3086206896543,-336.2391891891893,0.004948119714508487,2774399.624999993,0.36878510598470504,60.53783277127363,2756623.874999997,66692,-2768119.124999993,-41.5060145894559,0.732180664039045,0.39701913272956274,-2768261.249999997,285.8090159755271,-257.0192035112149,60.53783277127363,-2.0171839405417344,123.092849483089,0.05785476878709065,False
all:only_regime_volatile_trend,regime_filter,all,all trade only regime=volatile_trend,2469473.624999995,0.9999999959884578,0.7795537695675643,0.8665918453325163,3.447841377950306,14702,-298645.49999999796,0.8753168399638416,0.4234117807101075,-20.3132566997686,-369308.62500000134,336.80156626506084,-282.55694821281133,0.22044623043243566,2469473.624999995,0.14313617592479655,21.1927578896873,2398952.624999996,66692,-2768119.124999993,-41.5060145894559,0.732180664039045,0.39701913272956274,-2768261.249999997,285.8090159755271,-257.0192035112149,21.1927578896873,14.132967718535934,28.252548060838667,4.01154218311007e-09,False
all:only_day_thursday,day_filter,all,all trade only Thursday,2321041.8749999935,0.9194365683785707,0.8110418041144365,0.8385477978279686,3.091213217201126,12602,-447077.24999999977,0.7752383343966194,0.4073162990001587,-35.47669020790349,-446941.87499999994,300.4168614845121,-266.3163743473022,0.18895819588556348,2321041.8749999935,0.04305767035757435,6.029324381552414,2321319.374999997,66692,-2768119.124999993,-41.5060145894559,0.732180664039045,0.39701913272956274,-2768261.249999997,285.8090159755271,-257.0192035112149,6.029324381552414,-0.7334651512399581,12.792113914344785,0.08056343162142936,False
all:only_day_tuesday,day_filter,all,all trade only Tuesday,2288685.374999998,0.8151772431412329,0.8056738439393031,0.8268388234672603,3.0382765126266946,12960,-479433.74999999505,0.762364441189621,0.4127314814814815,-36.99334490740703,-479355.3749999919,287.5459197980943,-265.0790796216005,0.19432615606069695,2288685.374999998,0.030183777150575963,4.512669682048873,2288905.875000005,66692,-2768119.124999993,-41.5060145894559,0.732180664039045,0.39701913272956274,-2768261.249999997,285.8090159755271,-257.0192035112149,4.512669682048873,-2.1573841901261126,11.182723554223859,0.18482275685876715,False
all:only_regime_trend,regime_filter,all,all trade only regime=trend,2322779.2499999967,0.5778010161296043,0.8497870809092545,0.8391018459692003,2.9606245953248846,10018,-445339.8749999963,0.709463968896576,0.3898981832701138,-44.45397035336357,-445408.1249999933,278.4131144393245,-250.7888579842928,0.15021291909074552,2322779.2499999967,-0.02271669514246899,-2.9479557639076717,2322853.1250000037,66692,-2768119.124999993,-41.5060145894559,0.732180664039045,0.39701913272956274,-2768261.249999997,285.8090159755271,-257.0192035112149,-2.9479557639076717,-10.146941973505797,4.251030445690454,0.4221989838703957,False
all:only_day_monday,day_filter,all,all trade only Monday,2197172.624999994,0.07473892822816075,0.7921789719906436,0.7932324848314083,2.886121707980271,13860,-570946.4999999992,0.7352911568819824,0.3891053391053391,-41.19383116883111,-572386.4999999993,294.0734980530315,-254.7401529467342,0.20782102800935645,2197172.624999994,0.003110492842937407,0.3121834206247911,2195874.749999998,66692,-2768119.124999993,-41.5060145894559,0.732180664039045,0.39701913272956274,-2768261.249999997,285.8090159755271,-257.0192035112149,0.3121834206247911,-6.210442986048826,6.834809827298408,0.9252610717718392,False
all:min_adx_30,minimum_trend_strength,all,all require ADX >= 30,2098446.749999998,0.9081170894428434,0.7248245666646674,0.7580505633274326,2.84833060597213,18352,-669672.3749999948,0.7642887472844216,0.40360723626852657,-36.49043019834322,-669779.2499999969,293.1549210206569,-259.5770557332115,0.27517543333533256,2098446.749999998,0.03210808324537662,5.015584391112682,2098482.0000000005,66692,-2768119.124999993,-41.5060145894559,0.732180664039045,0.39701913272956274,-2768261.249999997,285.8090159755271,-257.0192035112149,5.015584391112682,-0.81667073553007,10.847839517755435,0.09188291055715658,False
ce:min_confidence_0.4358,minimum_confidence,ce,ce require quality confidence >= 0.4358,1904251.1250000005,1.0,0.3390961434654831,0.685063729082651,2.7644565643554055,44077,-863867.9999999925,0.8715731939213852,0.42956644054722415,-19.599065272137228,-871825.8749999983,309.6372464878,-267.53130593007984,0.6609038565345169,1904251.1250000005,0.1393925298823402,21.906949317318674,1896435.374999999,66692,-2768119.124999993,-41.5060145894559,0.732180664039045,0.39701913272956274,-2768261.249999997,285.8090159755271,-257.0192035112149,21.906949317318674,17.514171027275374,26.299727607361973,1.4473764573474712e-22,False
all:only_day_wednesday,day_filter,all,all trade only Wednesday,2141906.9999999925,0.9412838130851717,0.8020752114196605,0.7737977223067367,2.7427558361134743,13200,-626212.1250000002,0.687490069723872,0.3946969696969697,-47.44031250000002,-626186.9999999995,264.41516314779244,-250.79037859824766,0.19792478858033946,2141906.9999999925,-0.04469059431517297,-5.934297910544117,2142074.2499999977,66692,-2768119.124999993,-41.5060145894559,0.732180664039045,0.39701913272956274,-2768261.249999997,285.8090159755271,-257.0192035112149,-5.934297910544117,-12.087367477359459,0.2187716562712243,0.05871618691482828,False
all:only_day_friday,day_filter,all,all trade only Friday,2117389.124999994,0.9292026998164339,0.7939782882504648,0.7648763280561031,2.716237490367645,13740,-650729.9999999991,0.691045449228442,0.3819505094614265,-47.36026200873356,-650883.7500000015,277.3441549161587,-248.02545042392836,0.20602171174953518,2117389.124999994,-0.041135214810603005,-5.854247419277655,2117377.499999996,66692,-2768119.124999993,-41.5060145894559,0.732180664039045,0.39701913272956274,-2768261.249999997,285.8090159755271,-257.0192035112149,-5.854247419277655,-12.204967443798706,0.49647260524339565,0.07079730018356613,False
ce:min_confidence_0.4077,minimum_confidence,ce,ce require quality confidence >= 0.4077,1791281.9999999998,1.0,0.2782492652791939,0.6443502667965321,2.6051531599828497,48135,-976837.1249999932,0.8667096794066974,0.43062220837228626,-20.29369741352432,-984531.3749999976,306.43600443844105,-267.4003949720873,0.7217507347208061,1791281.9999999998,0.13452901536765238,21.21231717593158,1783729.8749999995,66692,-2768119.124999993,-41.5060145894559,0.732180664039045,0.39701913272956274,-2768261.249999997,285.8090159755271,-257.0192035112149,21.21231717593158,16.95208931863178,25.47254503323138,1.6858584476301191e-22,False
ce:min_directional_confidence_0.4699,minimum_confidence,ce,ce require directional confidence >= 0.4699,1796873.624999999,0.9999999999999563,0.3962244347148084,0.6104847853503722,2.536079620630103,40267,-971245.4999999938,0.8442288725107264,0.41850646931730695,-24.12013559490386,-1078279.8749999958,312.3566861500122,-266.28573030108896,0.6037755652851916,1796873.624999999,0.1120482084716814,17.38587899455204,1689981.3750000014,66692,-2768119.124999993,-41.5060145894559,0.732180664039045,0.39701913272956274,-2768261.249999997,285.8090159755271,-257.0192035112149,17.38587899455204,12.872121027973161,21.89963696113092,4.37150158027855e-14,False
all:only_regime_range,regime_filter,all,all trade only regime=range,1937035.1249999914,0.980298827020565,0.7415282192766748,0.6996188040417071,2.513225449721843,17238,-831084.0000000016,0.6856904474444855,0.390822601229841,-48.21232161503664,-831533.624999998,269.1218086685464,-251.8005547090752,0.25847178072332516,1937035.1249999914,-0.04649021659455954,-6.706307025580742,1936727.624999999,66692,-2768119.124999993,-41.5060145894559,0.732180664039045,0.39701913272956274,-2768261.249999997,285.8090159755271,-257.0192035112149,-6.706307025580742,-12.34284793198551,-1.0697661191759735,0.01970117297943501,False
all:ema_spread_above_0.000392,ema_distance_filter,all,all require EMA20/EMA50 spread >= 0.000392,1711709.2499999984,0.9999776559105304,0.49349247286031306,0.6183295109881711,2.385064969740089,33780,-1056409.8749999946,0.8020032783295008,0.4137951450562463,-31.2732349023089,-1056563.6249999956,306.1297664186583,-269.4420639329361,0.5065075271396869,1711709.2499999984,0.06982261429045578,10.232779687147001,1711697.6250000016,66692,-2768119.124999993,-41.5060145894559,0.732180664039045,0.39701913272956274,-2768261.249999997,285.8090159755271,-257.0192035112149,10.232779687147001,5.502620875191945,14.962938499102059,2.23440894695702e-05,False
ce:only_day_sunday,day_filter,ce,ce trade only Sunday,1674405.0,0.9998346893211684,0.49752594014274576,0.5917823417135942,2.3087274049414637,33511,-1093714.124999993,0.7840936607251994,0.4056578436931157,-32.63746605592173,-1130053.1249999974,292.18579888185997,-254.33990435306512,0.5024740598572542,1674405.0,0.051912996686154345,8.868548533534174,1638208.1249999998,66692,-2768119.124999993,-41.5060145894559,0.732180664039045,0.39701913272956274,-2768261.249999997,285.8090159755271,-257.0192035112149,8.868548533534174,4.254006322786948,13.4830907442814,0.00016531067883166737,False
all:vwap_distance_above_0.001193,vwap_distance_filter,all,all require absolute VWAP distance >= 0.001193,1662583.1250000037,0.9993026958362063,0.5,0.6005833083853641,2.298408903120494,33346,-1105535.9999999893,0.790924667249148,0.40871468841840103,-33.153481676962436,-1105689.7499999953,306.86066475897024,-268.181772074859,0.5,1662583.1250000037,0.05874400321010298,8.352532912493466,1662571.5000000019,66692,-2768119.124999993,-41.5060145894559,0.732180664039045,0.39701913272956274,-2768261.249999997,285.8090159755271,-257.0192035112149,8.352532912493466,3.524246973512632,13.1808188514743,0.0006973041637936054,False
all:min_adx_25,minimum_trend_strength,all,all require ADX >= 25,1692028.8749999993,0.8744787966201605,0.5714328555149044,0.6112039642212256,2.292458166837962,28582,-1076090.2499999937,0.7570283217486954,0.40063676439717305,-37.649228535441665,-1076288.9999999937,292.7937188891806,-258.52963195376805,0.42856714448509564,1692028.8749999993,0.02484765770965036,3.8567860540142362,1691972.2500000035,66692,-2768119.124999993,-41.5060145894559,0.732180664039045,0.39701913272956274,-2768261.249999997,285.8090159755271,-257.0192035112149,3.8567860540142362,-1.0774672383262978,8.79103934635477,0.12552120337983952,False
ce:min_directional_confidence_0.4353,minimum_confidence,ce,ce require directional confidence >= 0.4353,1558917.0000000005,0.9999999999798495,0.3175343369519582,0.5604421818930573,2.2250784598551645,45515,-1209202.1249999925,0.8311933088339313,0.41790618477425023,-26.567112490387622,-1216810.8749999967,313.02421665527606,-270.3719993206008,0.6824656630480418,1558917.0000000005,0.09901264479488625,14.93890209906828,1551450.3750000005,66692,-2768119.124999993,-41.5060145894559,0.732180664039045,0.39701913272956274,-2768261.249999997,285.8090159755271,-257.0192035112149,14.93890209906828,10.571927796210653,19.305876401925907,2.015057502184422e-11,False
ce:min_confidence_0.3867,minimum_confidence,ce,ce require quality confidence >= 0.3867,1465289.6249999986,0.9999999999999994,0.20335272596413367,0.5269440790676826,2.1210248221689865,53130,-1302829.4999999944,0.839624931732814,0.4268962921136834,-24.52154150197618,-1309542.3749999967,300.7279936951635,-266.7950055831061,0.7966472740358663,1465289.6249999986,0.10744426769376902,16.98447308747972,1458718.8750000005,66692,-2768119.124999993,-41.5060145894559,0.732180664039045,0.39701913272956274,-2768261.249999997,285.8090159755271,-257.0192035112149,16.98447308747972,12.879111810130514,21.089834364828928,5.112070517291094e-16,False
pe:min_directional_confidence_0.4607,minimum_confidence,pe,pe require directional confidence >= 0.4607,1435523.2500000042,0.9999999996122739,0.2847268038145505,0.5185649475821713,2.0472982845588223,47703,-1332595.8749999888,0.8199473115237336,0.42255204075215397,-27.935263505439675,-1332737.9999999925,301.06405343057037,-268.68307558266156,0.7152731961854495,1435523.2500000042,0.08776664748468854,13.570751084016226,1435523.2500000047,66692,-2768119.124999993,-41.5060145894559,0.732180664039045,0.39701913272956274,-2768261.249999997,285.8090159755271,-257.0192035112149,13.570751084016226,9.321008697664679,17.820493470367772,3.877260540992347e-10,False
pe:min_directional_confidence_0.4645,minimum_confidence,pe,pe require directional confidence >= 0.4645,1461781.875,0.9999791539365193,0.3849337251844299,0.5275661301837045,2.04145549578092,41020,-1306337.249999993,0.7963466443578837,0.4158459288152121,-31.846349341784325,-1307820.3749999942,299.4592859655296,-267.69525707369996,0.6150662748155701,1461781.875,0.06416598031883869,9.659665247671576,1460440.875000003,66692,-2768119.124999993,-41.5060145894559,0.732180664039045,0.39701913272956274,-2768261.249999997,285.8090159755271,-257.0192035112149,9.659665247671576,5.210749059721545,14.108581435621607,2.0846063480717204e-05,False
ce:only_regime_volatile_trend,regime_filter,ce,ce trade only regime=volatile_trend,1462305.7499999986,0.9999725974104019,0.38977688478378214,0.527800347600864,2.040282503081965,40697,-1305813.3749999944,0.7915555730348268,0.4072536059168981,-32.0862317861266,-1307171.9999999963,299.18850307710915,-259.69256000497455,0.6102231152162179,1462305.7499999986,0.059374908995781794,9.419782803329298,1461089.250000001,66692,-2768119.124999993,-41.5060145894559,0.732180664039045,0.39701913272956274,-2768261.249999997,285.8090159755271,-257.0192035112149,9.419782803329298,5.017640548110228,13.821925058548366,2.7402589598047867e-05,False
all:only_regime_mixed,regime_filter,all,all trade only regime=mixed,1575069.3749999956,0.9932028355643229,0.6291309302465063,0.5690744957687799,2.028122406479331,24734,-1193049.7499999974,0.6829993257373926,0.3885340017789278,-48.23521266273136,-1192914.3749999965,267.48242715920946,-248.84659316318434,0.37086906975349365,1575069.3749999956,-0.04918133830165239,-6.729198073275455,1575346.8750000007,66692,-2768119.124999993,-41.5060145894559,0.732180664039045,0.39701913272956274,-2768261.249999997,285.8090159755271,-257.0192035112149,-6.729198073275455,-11.602146428944472,-1.8562497176064383,0.006797164435677128,False
ce:only_regime_trend,regime_filter,ce,ce trade only regime=trend,1448300.6250000016,0.9984098358557127,0.42489354045462724,0.5223446667109202,1.9975579237373036,38355,-1319818.4999999914,0.7726552722872733,0.4029722330856472,-34.41059835744991,-1322274.7499999935,290.21375194099403,-253.52033931612715,0.5751064595453728,1448300.6250000016,0.04047460824822824,7.095416232005988,1445986.5000000037,66692,-2768119.124999993,-41.5060145894559,0.732180664039045,0.39701913272956274,-2768261.249999997,285.8090159755271,-257.0192035112149,7.095416232005988,2.6912632026381793,11.499569261373797,0.0015901641442872517,False
all:vwap_side_aligned,vwap_distance_filter,all,all require side-aligned VWAP distance,1471634.6249999828,0.7381117921596401,0.4999850056978348,0.5286726008970436,1.9806810586097714,33347,-1296484.5000000102,0.7457215583944092,0.4050739196929259,-38.87859477614209,-1304757.3749999977,281.4773375037012,-257.0028920308487,0.5000149943021652,1471634.6249999828,0.013540894355364208,2.6274198133138142,1463503.8749999995,66692,-2768119.124999993,-41.5060145894559,0.732180664039045,0.39701913272956274,-2768261.249999997,285.8090159755271,-257.0192035112149,2.6274198133138142,-1.9626167287254823,7.217456355353111,0.26188820784035993,False
ce:only_day_wednesday,day_filter,ce,ce trade only Wednesday,1416734.6250000016,0.9995003623438059,0.40103760570983027,0.5089788310261557,1.959251443980055,39946,-1351384.4999999914,0.7747640977287369,0.40602313122715666,-33.83028338256625,-1359274.8749999942,286.606957888896,-252.87068529523305,0.5989623942901697,1416734.6250000016,0.04258343368969186,7.675731206889651,1408986.375000003,66692,-2768119.124999993,-41.5060145894559,0.732180664039045,0.39701913272956274,-2768261.249999997,285.8090159755271,-257.0192035112149,7.675731206889651,3.35379879538974,11.997663618389563,0.0004996376561940584,False
all:atr_above_7.7002,atr_range,all,all require ATR >= 7.7002,1370234.2499999984,0.9999999995212124,0.24998500569783477,0.4950116702316298,1.9581537235423971,50020,-1397884.8749999946,0.8263247000406649,0.4243702518992403,-27.946518892442917,-1397939.6249999993,313.32529914731265,-279.5415899697843,0.7500149943021652,1370234.2499999984,0.09414403600161991,13.559495697012984,1370321.624999998,66692,-2768119.124999993,-41.5060145894559,0.732180664039045,0.39701913272956274,-2768261.249999997,285.8090159755271,-257.0192035112149,13.559495697012984,9.290780331076892,17.828211062949077,4.787875455555027e-10,False
pe:min_confidence_0.4519,minimum_confidence,pe,pe require quality confidence >= 0.4519,1394158.1249999984,0.9996520127934042,0.3843339530978228,0.5035670405024105,1.934083320200556,41060,-1373960.9999999946,0.7854913570000543,0.41480759863614225,-33.462274719921936,-1374256.1249999949,295.39651831845947,-266.57043865490243,0.6156660469021772,1394158.1249999984,0.05331069296100932,8.043739869533965,1394005.1250000023,66692,-2768119.124999993,-41.5060145894559,0.732180664039045,0.39701913272956274,-2768261.249999997,285.8090159755271,-257.0192035112149,8.043739869533965,3.6358154698147374,12.451664269253193,0.00034798720659577544,False
ce:only_day_tuesday,day_filter,ce,ce trade only Tuesday,1391119.8749999953,0.9981313126428164,0.4028369219696515,0.4997258206753446,1.9164782781466543,39826,-1376999.2499999977,0.7730486047704199,0.4050369105609401,-34.57538417114442,-1384889.6249999932,290.76783057467014,-256.0614106351552,0.5971630780303485,1391119.8749999953,0.0408679407313749,6.93063041831148,1383371.625000004,66692,-2768119.124999993,-41.5060145894559,0.732180664039045,0.39701913272956274,-2768261.249999997,285.8090159755271,-257.0192035112149,6.93063041831148,2.563258247131433,11.298002589491528,0.0018686873571836502,False
pe:min_directional_confidence_0.4468,minimum_confidence,pe,pe require directional confidence >= 0.4468,1337428.1250000028,0.9999999988954537,0.24740598572542438,0.483129301831611,1.9087537160805221,50192,-1430690.9999999902,0.816512506608733,0.42191982786101373,-28.50436324513847,-1430833.1249999958,300.6337831137557,-268.73040237808016,0.7525940142745756,1337428.1250000028,0.08433184256968795,13.00165134431743,1337428.1250000014,66692,-2768119.124999993,-41.5060145894559,0.732180664039045,0.39701913272956274,-2768261.249999997,285.8090159755271,-257.0192035112149,13.00165134431743,8.819628924890837,17.183673763744025,1.1045462998878766e-09,False
ce:only_day_thursday,day_filter,ce,ce trade only Thursday,1383595.500000003,0.9968636170214742,0.40552090205721825,0.49951707050770705,1.905270430232384,39647,-1384523.62499999,0.7716484633849028,0.40308220041869497,-34.9212708401642,-1385467.4999999953,292.76016050309784,-256.1955442406827,0.5944790979427818,1383595.500000003,0.03946779934585776,6.584743749291704,1382793.7500000019,66692,-2768119.124999993,-41.5060145894559,0.732180664039045,0.39701913272956274,-2768261.249999997,285.8090159755271,-257.0192035112149,6.584743749291704,2.2157859724673834,10.953701526116024,0.003136382978525779,False
ce:only_day_monday,day_filter,ce,ce trade only Monday,1364441.2499999981,0.9972692670716797,0.3960894859953218,0.4904262106764682,1.8778861655257213,40276,-1403677.8749999949,0.7709335754422635,0.40138047472440164,-34.85147172013097,-1410633.3749999953,292.22704286774734,-254.16093944421394,0.6039105140046782,1364441.2499999981,0.03875291140321846,6.654542869324935,1357627.8750000019,66692,-2768119.124999993,-41.5060145894559,0.732180664039045,0.39701913272956274,-2768261.249999997,285.8090159755271,-257.0192035112149,6.654542869324935,2.301870484925523,11.007215253724347,0.0027307329283203087,False
all:exclude_low_volatility,volatility_filter,all,all exclude volatility below p25 (0.000205),1296773.9999999981,0.9999999764013732,0.24998500569783477,0.4685753105852998,1.8438135033792293,50020,-1471345.1249999949,0.8160957441463177,0.4201919232307077,-29.41513644542173,-1471122.3749999984,310.6508171567232,-275.86387145714093,0.7500149943021652,1296773.9999999981,0.08391508010727267,12.090878144034171,1297138.8749999988,66692,-2768119.124999993,-41.5060145894559,0.732180664039045,0.39701913272956274,-2768261.249999997,285.8090159755271,-257.0192035112149,12.090878144034171,7.8464192793931415,16.3353370086752,2.3598626849743683e-08,False
ce:min_directional_confidence_0.3632,minimum_confidence,ce,ce require directional confidence >= 0.3632,1270353.7499999977,0.9999999396573549,0.2481557008336832,0.4573000922510477,1.8019151574336196,50142,-1497765.3749999953,0.8105985389871135,0.41577918710861156,-29.87047535000589,-1502335.124999998,307.4693855525713,-269.9490381989486,0.7518442991663168,1270353.7499999977,0.07841787494806851,11.635539239450011,1265926.1249999993,66692,-2768119.124999993,-41.5060145894559,0.732180664039045,0.39701913272956274,-2768261.249999997,285.8090159755271,-257.0192035112149,11.635539239450011,7.426131518257419,15.844946960642604,6.034264509378047e-08,False
all:avoid_after_2pm,time_filter,all,all avoid trades after 2 PM,1273858.874999993,0.1451899273210322,0.4548071732741559,0.4602617437209017,1.694328827607651,36360,-1494260.25,0.7331680209624837,0.40019251925192517,-41.09626650165016,-1494136.4999999956,282.16233420383486,-256.77492663579267,0.5451928267258441,1273858.874999993,0.0009873569234386537,0.40974808780573824,1274124.7500000016,66692,-2768119.124999993,-41.5060145894559,0.732180664039045,0.39701913272956274,-2768261.249999997,285.8090159755271,-257.0192035112149,0.40974808780573824,-3.9791791113243677,4.798675286935844,0.8548100726789678,False
all:morning_only,time_filter,all,all trade morning only,1273858.874999993,0.1451899273210322,0.4548071732741559,0.4602617437209017,1.694328827607651,36360,-1494260.25,0.7331680209624837,0.40019251925192517,-41.09626650165016,-1494136.4999999956,282.16233420383486,-256.77492663579267,0.5451928267258441,1273858.874999993,0.0009873569234386537,0.40974808780573824,1274124.7500000016,66692,-2768119.124999993,-41.5060145894559,0.732180664039045,0.39701913272956274,-2768261.249999997,285.8090159755271,-257.0192035112149,0.40974808780573824,-3.9791791113243677,4.798675286935844,0.8548100726789678,False
ce:min_adx_30,minimum_trend_strength,ce,ce require ADX >= 30,1235010.374999998,0.9875124828863059,0.36241228333233366,0.4454064803312927,1.6921589647584856,42522,-1533108.749999995,0.764525480792132,0.4020742204035558,-36.054483561450425,-1535259.7499999937,291.13947622389924,-256.07553097345135,0.6375877166676663,1235010.374999998,0.03234481675308698,5.451531028005476,1233001.5000000035,66692,-2768119.124999993,-41.5060145894559,0.732180664039045,0.39701913272956274,-2768261.249999997,285.8090159755271,-257.0192035112149,5.451531028005476,1.1742109427195047,9.728851113291448,0.012487517113694125,False
ce:only_day_friday,day_filter,ce,ce trade only Friday,1240569.374999996,0.8898911199903212,0.39698914412523245,0.4479116178070256,1.6804936227840281,40216,-1527549.749999997,0.7515959339814727,0.39740401830117367,-37.98363213646302,-1528324.8749999995,289.19445313477695,-253.75321861847,0.6030108558747675,1240569.374999996,0.019415269942427704,3.522382452992879,1239936.3749999977,66692,-2768119.124999993,-41.5060145894559,0.732180664039045,0.39701913272956274,-2768261.249999997,285.8090159755271,-257.0192035112149,3.522382452992879,-0.7987370022993519,7.84350190828511,0.11010888000967872,False
ce:only_regime_range,regime_filter,ce,ce trade only regime=range,1208072.2499999967,0.9536690799290688,0.3707641096383374,0.43422554500591304,1.6430013753886374,41965,-1560046.8749999963,0.7557110945346761,0.399737876802097,-37.174952341236654,-1566211.4999999984,287.6915946348734,-253.51621179039293,0.6292358903616626,1208072.2499999967,0.023530430495631083,4.331062248219247,1202049.7499999988,66692,-2768119.124999993,-41.5060145894559,0.732180664039045,0.39701913272956274,-2768261.249999997,285.8090159755271,-257.0192035112149,4.331062248219247,0.07035803827275267,8.591766458165742,0.046330920070931154,False
all:exclude_regime_mixed,regime_filter,all,all exclude regime=mixed,1193049.7499999972,0.925218706980014,0.37086906975349365,0.43095395169079503,1.6200365167740955,41958,-1575069.3749999958,0.7603441876468012,0.40202106868773535,-37.539190976690875,-1575268.1249999986,296.25000000000017,-261.94557094459935,0.6291309302465063,1193049.7499999972,0.028163523607756202,3.966823612765026,1192993.1249999986,66692,-2768119.124999993,-41.5060145894559,0.732180664039045,0.39701913272956274,-2768261.249999997,285.8090159755271,-257.0192035112149,3.966823612765026,-0.39671849166967466,8.330365717199726,0.07478129301998598,False
all:rsi_40_60,rsi_range,all,all require RSI between 40 and 60,1182663.7499999949,0.1364898241380048,0.4325256402567025,0.42731606346763723,1.5620767295245457,37846,-1585455.3749999981,0.7296187696412427,0.3987475558843735,-41.892283860909956,-1585338.7499999977,283.50156550261755,-257.6918259723138,0.5674743597432975,1182663.7499999949,-0.0025618943978023,-0.3862692714540543,1182922.4999999995,66692,-2768119.124999993,-41.5060145894559,0.732180664039045,0.39701913272956274,-2768261.249999997,285.8090159755271,-257.0192035112149,-0.3862692714540543,-4.790308394308625,4.017769851400517,0.8635101758619952,False
all:rsi_30_55,rsi_range,all,all require RSI between 30 and 55,1169923.1249999958,0.3993364981778279,0.4059557368200084,0.4227204441054827,1.5606473920690558,39618,-1598195.9999999972,0.7398145588013634,0.3992882023322732,-40.34014841738597,-1598060.6249999998,287.27041058221135,-258.10019853775367,0.5940442631799916,1169923.1249999958,0.0076338947623183495,1.1658661720699328,1170200.6249999974,66692,-2768119.124999993,-41.5060145894559,0.732180664039045,0.39701913272956274,-2768261.249999997,285.8090159755271,-257.0192035112149,1.1658661720699328,-3.199617703642284,5.53135004778215,0.6006635018221721,False
all:ema_distance_mid_0.000180_0.000723,ema_distance_filter,all,all require EMA20 distance between 0.000180 and 0.000723,1190830.8749999972,0.9897796631944008,0.49997001139566966,0.4302731091583211,1.5189851607670568,33348,-1577288.2499999958,0.6884723338144646,0.390578145615929,-47.29783645196101,-1577152.874999998,267.6228598848371,-249.1303449293903,0.5000299886043303,1190830.8749999972,-0.04370833022458043,-5.79182186250511,1191108.3749999993,66692,-2768119.124999993,-41.5060145894559,0.732180664039045,0.39701913272956274,-2768261.249999997,285.8090159755271,-257.0192035112149,-5.79182186250511,-10.211882339126154,-1.3717613858840654,0.010220336805599186,False
all:atr_mid_7.7002_12.5350,atr_range,all,all require ATR between 7.7002 and 12.5350,1186866.7499999956,0.9915833239029909,0.49997001139566966,0.42877243793373954,1.5125645824694773,33348,-1581252.3749999974,0.686780572887624,0.4011634880652513,-47.41670789852457,-1581307.1249999972,259.1667663327853,-252.79846644967446,0.5000299886043303,1186866.7499999956,-0.045400091151421074,-5.9106933090686695,1186954.125,66692,-2768119.124999993,-41.5060145894559,0.732180664039045,0.39701913272956274,-2768261.249999997,285.8090159755271,-257.0192035112149,-5.9106933090686695,-10.307460546425762,-1.5139260717115768,0.008416676097009175,False
pe:min_confidence_0.4311,minimum_confidence,pe,pe require quality confidence >= 0.4311,1059613.8749999988,0.9999993634837097,0.1799016373777964,0.3827723539460006,1.5046553197864816,54694,-1708505.2499999942,0.7982474506013331,0.4185285406077449,-31.23752605404604,-1708647.3750000002,295.3044974007254,-266.2742665786246,0.8200983626222036,1059613.8749999988,0.06606678656228804,10.268488535409862,1059613.874999997,66692,-2768119.124999993,-41.5060145894559,0.732180664039045,0.39701913272956274,-2768261.249999997,285.8090159755271,-257.0192035112149,10.268488535409862,6.226909084048224,14.3100679867715,6.365162903969003e-07,False
all:vwap_distance_mid_0.000579_0.002153,vwap_distance_filter,all,all require absolute VWAP distance between 0.000579 and 0.002153,1167806.2499999953,0.9960777895414481,0.49997001139566966,0.4218611953622524,1.480796068908742,33348,-1600312.8749999977,0.6814533249173836,0.38898884490824037,-47.98827141057927,-1600439.2499999953,263.9131302035155,-246.55447585394586,0.5000299886043303,1167806.2499999953,-0.050727339121661386,-6.4822568211233715,1167822.0000000019,66692,-2768119.124999993,-41.5060145894559,0.732180664039045,0.39701913272956274,-2768261.249999997,285.8090159755271,-257.0192035112149,-6.4822568211233715,-10.88713764535057,-2.077375996896172,0.0039222104585518724,False
all:min_adx_20,minimum_trend_strength,all,all require ADX >= 20,1083984.375,0.5981074271922515,0.3634918730882265,0.39157589443554225,1.451035590444465,42450,-1684134.749999993,0.7441155900278029,0.3977620730270907,-39.67337455830372,-1684276.874999996,290.0496520580401,-257.4466311363192,0.6365081269117735,1083984.375,0.011934925988757894,1.8326400311521809,1083984.3750000012,66692,-2768119.124999993,-41.5060145894559,0.732180664039045,0.39701913272956274,-2768261.249999997,285.8090159755271,-257.0192035112149,1.8326400311521809,-2.452467899107729,6.117747961412091,0.40189257280774854,False
ce:min_adx_25,minimum_trend_strength,ce,ce require ADX >= 25,1031191.1250000014,0.9831054179535949,0.2857164277574522,0.3719938824415526,1.4122430560108676,47637,-1736927.9999999916,0.7622118785121355,0.40176753363981776,-36.46174192329474,-1738484.9999999928,290.9029533935946,-256.3169213629026,0.7142835722425478,1031191.1250000014,0.03003121447309043,5.044272666161163,1029776.2500000044,66692,-2768119.124999993,-41.5060145894559,0.732180664039045,0.39701913272956274,-2768261.249999997,285.8090159755271,-257.0192035112149,5.044272666161163,0.9058048569313453,9.18274047539098,0.01689458204640511,False
pe:only_day_sunday,day_filter,pe,pe trade only Sunday,1099994.6249999928,0.9995880189504783,0.49752594014274576,0.3961105549557498,1.3674791644128965,33511,-1668124.5000000002,0.6871652599882513,0.3887977082152129,-49.77841604249352,-1671723.7500000007,281.2312629518766,-260.3401340201153,0.5024740598572542,1099994.6249999928,-0.04501540405079374,-8.272401453037617,1096537.4999999965,66692,-2768119.124999993,-41.5060145894559,0.732180664039045,0.39701913272956274,-2768261.249999997,285.8090159755271,-257.0192035112149,-8.272401453037617,-12.862601554284616,-3.682201351790617,0.000411981049521656,False
ce:vwap_distance_above_0.001193,vwap_distance_filter,ce,ce require absolute VWAP distance >= 0.001193,985394.6250000028,0.9947608239138128,0.25,0.35444058070747597,1.3573120071246205,50019,-1782724.4999999902,0.7698247001674495,0.40376656870389255,-35.64094644035247,-1787077.1249999949,295.2242275698161,-259.701337893572,0.75,985394.6250000028,0.0376440361284045,5.865068149103429,981184.1250000023,66692,-2768119.124999993,-41.5060145894559,0.732180664039045,0.39701913272956274,-2768261.249999997,285.8090159755271,-257.0192035112149,5.865068149103429,1.747680141714179,9.98245615649268,0.005239176086187126,False
ce:ema_spread_above_0.000392,ema_distance_filter,ce,ce require EMA20/EMA50 spread >= 0.000392,973329.3750000002,0.9942906943515255,0.24674623643015658,0.3513744864217584,1.3415139259257431,50236,-1794789.7499999928,0.7693996554658549,0.40470976988613744,-35.72716279162339,-1795564.8749999932,294.54175889036475,-260.26143621467975,0.7532537635698434,973329.3750000002,0.037218991426809844,5.778851797832509,972696.375000004,66692,-2768119.124999993,-41.5060145894559,0.732180664039045,0.39701913272956274,-2768261.249999997,285.8090159755271,-257.0192035112149,5.778851797832509,1.6810064503984359,9.876697145266583,0.005709305648474507,False
all:rsi_45_70,rsi_range,all,all require RSI between 45 and 70,1014842.2499999958,0.7722203525989166,0.40451628381215143,0.3667309669562445,1.3122302201646867,39714,-1753276.8749999972,0.7135722581115902,0.39285894143123334,-44.147577050913966,-1753054.124999996,279.95814639148864,-253.86462653450576,0.5954837161878486,1014842.2499999958,-0.01860840592745483,-2.641562461458065,1015207.1250000012,66692,-2768119.124999993,-41.5060145894559,0.732180664039045,0.39701913272956274,-2768261.249999997,285.8090159755271,-257.0192035112149,-2.641562461458065,-6.934299679155366,1.6511747562392358,0.22777964740108342,False
pe:only_regime_volatile_trend,regime_filter,pe,pe trade only regime=volatile_trend,1007167.8749999963,0.5695479387143714,0.38977688478378214,0.3632422246997084,1.3089245469155073,40697,-1760951.2499999967,0.7276784846999036,0.3963191390028749,-43.26980489962397,-1762711.8750000026,291.7410022320046,-263.20587247639196,0.6102231152162179,1007167.8749999963,-0.004502179339141432,-1.7637903101680692,1005549.3749999946,66692,-2768119.124999993,-41.5060145894559,0.732180664039045,0.39701913272956274,-2768261.249999997,285.8090159755271,-257.0192035112149,-1.7637903101680692,-6.148555278419739,2.6209746580836004,0.4304520612856287,False
ce:only_regime_mixed,regime_filter,ce,ce trade only regime=mixed,963840.7499999991,0.6670676727053506,0.3145654651232531,0.34812239993606237,1.2911046825006507,45713,-1804278.374999994,0.7408503887506214,0.3987924660381073,-39.469699538424386,-1804567.4999999942,282.94161409764155,-253.3312957100753,0.6854345348767469,963840.7499999991,0.008669724711576343,2.036315051031515,963693.750000003,66692,-2768119.124999993,-41.5060145894559,0.732180664039045,0.39701913272956274,-2768261.249999997,285.8090159755271,-257.0192035112149,2.036315051031515,-2.0858467435410617,6.158476845604092,0.3329323272946494,False
all:ema_distance_above_0.000180,ema_distance_filter,all,all require EMA20 distance >= 0.000180,926937.375,0.9743497631730029,0.24998500569783477,0.33484461591188364,1.2674961999793222,50020,-1841181.749999993,0.7653747815658606,0.4060375849660136,-36.80891143542569,-1841323.8749999972,295.723744460857,-264.1309660047122,0.7500149943021652,926937.375,0.03319411752681556,4.697103154030209,926937.375,66692,-2768119.124999993,-41.5060145894559,0.732180664039045,0.39701913272956274,-2768261.249999997,285.8090159755271,-257.0192035112149,4.697103154030209,0.5714209067438603,8.822785401316558,0.025650236826997106,False
pe:only_day_thursday,day_filter,pe,pe trade only Thursday,937446.3749999902,0.96494672114004,0.40552090205721825,0.33815644206268364,1.1855092122892268,39647,-1830672.7500000028,0.7076426233600165,0.394229071556486,-46.17430700935765,-1832155.875000001,283.49908829174666,-260.72213432152233,0.5944790979427818,937446.3749999902,-0.02453804067902854,-4.668292419901746,936105.3749999963,66692,-2768119.124999993,-41.5060145894559,0.732180664039045,0.39701913272956274,-2768261.249999997,285.8090159755271,-257.0192035112149,-4.668292419901746,-9.0093604773447,-0.32722436245879205,0.03505327885996005,False
ce:avoid_after_2pm,time_filter,ce,ce avoid trades after 2 PM,839605.499999997,0.9543923990648298,0.22740358663707794,0.3030152952507645,1.1434165507855187,51526,-1928513.624999996,0.7546610883467645,0.4035244342661957,-37.42797083026037,-1929435.7499999977,285.306698489804,-255.76268952951128,0.7725964133629221,839605.499999997,0.02248042430771946,4.0780437591955305,838825.4999999995,66692,-2768119.124999993,-41.5060145894559,0.732180664039045,0.39701913272956274,-2768261.249999997,285.8090159755271,-257.0192035112149,4.0780437591955305,0.0795755534757201,8.07651196491534,0.04560760093517026,False
ce:morning_only,time_filter,ce,ce trade morning only,839605.499999997,0.9543923990648298,0.22740358663707794,0.3030152952507645,1.1434165507855187,51526,-1928513.624999996,0.7546610883467645,0.4035244342661957,-37.42797083026037,-1929435.7499999977,285.306698489804,-255.76268952951128,0.7725964133629221,839605.499999997,0.02248042430771946,4.0780437591955305,838825.4999999995,66692,-2768119.124999993,-41.5060145894559,0.732180664039045,0.39701913272956274,-2768261.249999997,285.8090159755271,-257.0192035112149,4.0780437591955305,0.0795755534757201,8.07651196491534,0.04560760093517026,False
pe:only_day_tuesday,day_filter,pe,pe trade only Tuesday,897565.5000000023,0.9866173221797151,0.4028369219696515,0.3229855473358934,1.1226463251259238,39826,-1870553.6249999907,0.7024212834987205,0.39411439762968914,-46.968152086576374,-1874152.8750000037,281.30468750000045,-260.5019477828429,0.5971630780303485,897565.5000000023,-0.029759380540324565,-5.462137497120473,894108.3749999935,66692,-2768119.124999993,-41.5060145894559,0.732180664039045,0.39701913272956274,-2768261.249999997,285.8090159755271,-257.0192035112149,-5.462137497120473,-9.790472220997188,-1.133802773243758,0.013382677820284863,False
all:exclude_regime_range,regime_filter,all,all exclude regime=range,831084.0000000012,0.7355831796276529,0.2584717807233251,0.30021877451053525,1.1136246610740832,49454,-1937035.1249999919,0.7481626780443857,0.3991790350628867,-39.16842166457702,-1937177.2499999956,291.5038498556308,-258.86354878336084,0.7415282192766749,831084.0000000012,0.015982014005340717,2.3375929248788836,831084.0000000016,66692,-2768119.124999993,-41.5060145894559,0.732180664039045,0.39701913272956274,-2768261.249999997,285.8090159755271,-257.0192035112149,2.3375929248788836,-1.767811343645315,6.442997193403082,0.2644168203723471,False
pe:min_adx_30,minimum_trend_strength,pe,pe require ADX >= 30,863436.375,0.8695132799624372,0.36241228333233366,0.3119056682240504,1.0998711470422085,42522,-1904682.749999993,0.7142741901277452,0.39480739381966984,-44.79287780443048,-1904824.875000003,283.6215153681204,-259.039432268594,0.6375877166676663,863436.375,-0.017906473911299847,-3.2868632149745807,863436.3749999942,66692,-2768119.124999993,-41.5060145894559,0.732180664039045,0.39701913272956274,-2768261.249999997,285.8090159755271,-257.0192035112149,-3.2868632149745807,-7.547089618184204,0.9733631882350426,0.1304867200375628,False
pe:only_day_friday,day_filter,pe,pe trade only Friday,876819.7499999977,0.9877362005258845,0.39698914412523245,0.31674024624662844,1.0951154429505654,40216,-1891299.3749999953,0.6994381746262326,0.3914859757310523,-47.02853031131876,-1891441.4999999986,279.5507812500001,-257.1325136891139,0.6030108558747675,876819.7499999977,-0.03274248941281244,-5.5225157218628596,876819.7499999986,66692,-2768119.124999993,-41.5060145894559,0.732180664039045,0.39701913272956274,-2768261.249999997,285.8090159755271,-257.0192035112149,-5.5225157218628596,-9.844455329606086,-1.2005761141196327,0.012263799474115464,False
all:vwap_distance_above_0.000579,vwap_distance_filter,all,all require absolute VWAP distance >= 0.000579,815579.6250000028,0.7621119500927598,0.24998500569783477,0.29462370106867736,1.0938804716866957,50020,-1952539.4999999902,0.7492210557384114,0.4010595761695322,-39.035175929627954,-1952665.8749999949,290.78108643636943,-259.88513885643704,0.7500149943021652,815579.6250000028,0.01704039169936633,2.4708386598279475,815595.3750000023,66692,-2768119.124999993,-41.5060145894559,0.732180664039045,0.39701913272956274,-2768261.249999997,285.8090159755271,-257.0192035112149,2.4708386598279475,-1.6322854381984415,6.5739627578543365,0.23788804990724016,False
ce:vwap_side_aligned,vwap_distance_filter,ce,ce require side-aligned VWAP distance,810551.9999999923,0.7443273924769598,0.2506597492952678,0.29039369929409664,1.084032156611451,49975,-1957567.1250000007,0.7425782986350311,0.3990795397698849,-39.170927963982,-1964375.624999998,283.1401737364621,-253.22216209916422,0.7493402507047322,810551.9999999923,0.010397634595986083,2.335086625473899,803885.6249999993,66692,-2768119.124999993,-41.5060145894559,0.732180664039045,0.39701913272956274,-2768261.249999997,285.8090159755271,-257.0192035112149,2.335086625473899,-1.6913542682637743,6.361527519211572,0.2556726075230402,False
all:min_adx_18,minimum_trend_strength,all,all require ADX >= 18,809427.3750000009,0.46700555777024744,0.2694476099082349,0.2923955876635568,1.07385374044437,48722,-1958691.749999992,0.7407768488809824,0.3978284963671442,-40.20138233241641,-1958833.8749999958,288.7744157251204,-257.54136984900646,0.7305523900917651,809427.3750000009,0.00859618484193736,1.3046322570394935,809427.3750000014,66692,-2768119.124999993,-41.5060145894559,0.732180664039045,0.39701913272956274,-2768261.249999997,285.8090159755271,-257.0192035112149,1.3046322570394935,-2.796922221918763,5.40618673599775,0.5329944422297526,False
pe:only_regime_trend,regime_filter,pe,pe trade only regime=trend,874478.6249999949,0.9995888137857645,0.42489354045462724,0.315994787341692,1.0681821370667084,38355,-1893640.4999999981,0.6876845087259195,0.3892061008994916,-49.371411810715635,-1893505.1250000016,279.31330385852107,-258.81374055576896,0.5751064595453728,874478.6249999949,-0.04449615531312556,-7.865397221259734,874756.1249999956,66692,-2768119.124999993,-41.5060145894559,0.732180664039045,0.39701913272956274,-2768261.249999997,285.8090159755271,-257.0192035112149,-7.865397221259734,-12.229127527497848,-3.5016669150216186,0.00041118621423553954,False
ce:atr_above_7.7003,atr_range,ce,ce require ATR >= 7.7003,748362.3749999974,0.9993287872057994,0.1250074971510826,0.2701981704219574,1.0477732174304224,58355,-2019756.7499999956,0.7796955841628573,0.4093051152429098,-34.61154571159276,-2020282.1249999972,299.27862151978246,-265.971181462141,0.8749925028489174,748362.3749999974,0.04751492012381231,6.89446887786314,747979.125,66692,-2768119.124999993,-41.5060145894559,0.732180664039045,0.39701913272956274,-2768261.249999997,285.8090159755271,-257.0192035112149,6.89446887786314,2.9212672008467484,10.867670554879531,0.0006712127942005812,False
pe:only_day_monday,day_filter,pe,pe trade only Monday,832731.3749999956,0.997027503721108,0.3960894859953218,0.2995650247966999,1.0236270006713066,40276,-1935387.7499999974,0.6959249080283489,0.38993445227927304,-48.05312717250962,-1938987.0000000047,282.0405682903535,-259.03849558422525,0.6039105140046782,832731.3749999956,-0.03625575601069608,-6.547112583053718,829274.2499999925,66692,-2768119.124999993,-41.5060145894559,0.732180664039045,0.39701913272956274,-2768261.249999997,285.8090159755271,-257.0192035112149,-6.547112583053718,-10.866939912538887,-2.2272852535685477,0.002972496278891946,False
ce:exclude_regime_mixed,regime_filter,ce,ce exclude regime=mixed,730332.3749999995,0.9497143318271088,0.18543453487674688,0.26365471286353315,0.9939365958867268,54325,-2037786.7499999935,0.7574345591758395,0.40068108605614355,-37.51103083294972,-2038396.1250000026,292.33199338448134,-258.0311213833773,0.8145654651232531,730332.3749999995,0.025253895136794435,3.99498375650618,729865.1249999946,66692,-2768119.124999993,-41.5060145894559,0.732180664039045,0.39701913272956274,-2768261.249999997,285.8090159755271,-257.0192035112149,3.99498375650618,-0.0050491976805950856,7.995016710692955,0.05028566817289116,False
pe:ema_spread_above_0.000392,ema_distance_filter,pe,pe require EMA20/EMA50 spread >= 0.000392,738379.8749999981,0.40339286685929543,0.24674623643015658,0.2667305605639631,0.9753239523691257,50236,-2029739.2499999949,0.7426848046474818,0.40060912493032885,-40.40407775300571,-2029881.3750000007,291.10084472049715,-261.9688402909236,0.7532537635698434,738379.8749999981,0.01050414060843674,1.101936836450193,738379.8749999965,66692,-2768119.124999993,-41.5060145894559,0.732180664039045,0.39701913272956274,-2768261.249999997,285.8090159755271,-257.0192035112149,1.101936836450193,-2.978648319483561,5.182521992383947,0.5966071331407046,False
ce:exclude_low_volatility,volatility_filter,ce,ce exclude volatility below p25 (0.000205),697906.5000000007,0.9971278600724592,0.1250074971510826,0.2520488266777579,0.9706089975904737,58355,-2070212.6249999923,0.7737398635521011,0.4073172821523434,-35.47618241795891,-2070524.2499999944,297.8454499558251,-264.54927210431964,0.8749925028489174,697906.5000000007,0.04155919951305609,6.029832171496992,697737.0000000028,66692,-2768119.124999993,-41.5060145894559,0.732180664039045,0.39701913272956274,-2768261.249999997,285.8090159755271,-257.0192035112149,6.029832171496992,2.0653670912715043,9.994297251722479,0.0028721399275408077,False
ce:atr_mid_7.7003_12.5347,atr_range,ce,ce require ATR between 7.7003 and 12.5347,718340.2499999988,0.20237267155838334,0.2500149943021652,0.25935305058364766,0.9428010314684677,50018,-2049778.8749999942,0.7319190767984141,0.39881642608660883,-40.980824403214726,-2050304.2499999963,280.5464708241429,-254.2773486863983,0.7499850056978348,718340.2499999988,-0.00026158724063096717,0.5251901862411756,717957.0000000009,66692,-2768119.124999993,-41.5060145894559,0.732180664039045,0.39701913272956274,-2768261.249999997,285.8090159755271,-257.0192035112149,0.5251901862411756,-3.489226911517874,4.539607284000225,0.7976273284416167,False
ce:rsi_30_55,rsi_range,ce,ce require RSI between 30 and 55,701660.6250000009,0.8031459039979896,0.2029778684100042,0.25341308556047515,0.9414319409293281,53155,-2066458.499999992,0.747764427323045,0.39892766437776317,-38.87608879691454,-2066747.625,288.8995578872911,-256.41857981220653,0.7970221315899958,701660.6250000009,0.015583763284000018,2.629925792541364,701513.6249999972,66692,-2768119.124999993,-41.5060145894559,0.732180664039045,0.39701913272956274,-2768261.249999997,285.8090159755271,-257.0192035112149,2.629925792541364,-1.3641769631147946,6.624028548197523,0.19685409600201048,False
ce:ema_distance_mid_0.000180_0.000723,ema_distance_filter,ce,ce require EMA20 distance between 0.000180 and 0.000723,705788.2500000056,0.1064947316492244,0.2500149943021652,0.2549041388344407,0.9232830870498598,50018,-2062330.8749999874,0.7303713091546462,0.39679715302491103,-41.23177406133767,-2062619.9999999956,281.4758086864517,-253.5143432435118,0.7499850056978348,705788.2500000056,-0.0018093548843988172,0.2742405281182343,705641.2500000016,66692,-2768119.124999993,-41.5060145894559,0.732180664039045,0.39701913272956274,-2768261.249999997,285.8090159755271,-257.0192035112149,0.2742405281182343,-3.740930178458645,4.289411234695113,0.8935052683507756,False
ce:vwap_distance_mid_0.000579_0.002153,vwap_distance_filter,ce,ce require absolute VWAP distance between 0.000579 and 0.002153,689615.2500000007,0.01908345881660256,0.2500149943021652,0.24899749797819798,0.8978865086425998,50018,-2078503.8749999923,0.7283879150423559,0.39379823263625097,-41.555117657643095,-2078971.124999999,282.9856386759409,-252.38191352527951,0.7499850056978348,689615.2500000007,-0.0037927489966891326,-0.049103068187193344,689290.1249999981,66692,-2768119.124999993,-41.5060145894559,0.732180664039045,0.39701913272956274,-2768261.249999997,285.8090159755271,-257.0192035112149,-0.049103068187193344,-4.072623933559881,3.9744177971854944,0.9809165411833974,False
pe:only_regime_range,regime_filter,pe,pe trade only regime=range,728962.8749999944,0.9989711753044869,0.3707641096383374,0.2628443666579504,0.878639529388758,41965,-2039156.2499999986,0.6907489769451237,0.39175503395686884,-48.59183247944713,-2040639.3750000019,277.0497718978102,-258.32926542605287,0.6292358903616626,728962.8749999944,-0.04143168709392131,-7.085817889991226,727621.8749999953,66692,-2768119.124999993,-41.5060145894559,0.732180664039045,0.39701913272956274,-2768261.249999997,285.8090159755271,-257.0192035112149,-7.085817889991226,-11.316771226918688,-2.8548645530637646,0.0010288246955131551,False
pe:vwap_distance_above_0.001193,vwap_distance_filter,pe,pe require absolute VWAP distance >= 0.001193,677188.5000000007,0.11251251718331312,0.25,0.2439881712753797,0.8771054863535033,50019,-2090930.6249999923,0.7346008404141324,0.3980687338811252,-41.80272746356369,-2092838.2500000012,290.6688074431221,-261.67255380629723,0.75,677188.5000000007,0.0024201763750874017,-0.29671287410779,675422.999999996,66692,-2768119.124999993,-41.5060145894559,0.732180664039045,0.39701913272956274,-2768261.249999997,285.8090159755271,-257.0192035112149,-0.29671287410779,-4.407118492187723,3.813692743972143,0.8874874828166869,False
ce:min_adx_20,minimum_trend_strength,ce,ce require ADX >= 20,649926.3750000005,0.8161776038487489,0.1817459365441132,0.2347778321139318,0.871931457176429,54571,-2118192.7499999925,0.7480186939910658,0.3999560205970204,-38.81535522530268,-2118334.874999995,288.0948238339598,-256.7155405405405,0.8182540634558868,649926.3750000005,0.01583802995202077,2.6906593641532197,649926.3750000023,66692,-2768119.124999993,-41.5060145894559,0.732180664039045,0.39701913272956274,-2768261.249999997,285.8090159755271,-257.0192035112149,2.6906593641532197,-1.2772749937503276,6.658593722056767,0.18382239615125104,False
all:exclude_day_friday,day_filter,all,all exclude Friday,650729.9999999986,0.543597000128641,0.2060217117495352,0.23516837509465358,0.8611127627231266,52952,-2117389.1249999944,0.7427086316584754,0.4009291433751322,-39.986952806315045,-2117253.7500000033,287.9015073009894,-259.4268370531492,0.7939782882504648,650729.9999999986,0.010527967619430423,1.519061783140856,651007.499999994,66692,-2768119.124999993,-41.5060145894559,0.732180664039045,0.39701913272956274,-2768261.249999997,285.8090159755271,-257.0192035112149,1.519061783140856,-2.4785612371525496,5.516684803434261,0.45640299987135907,False
pe:atr_above_7.7003,atr_range,pe,pe require ATR >= 7.7003,622037.2500000005,0.9805966957446318,0.1250074971510826,0.22458009517707062,0.8542589166613672,58355,-2146081.8749999925,0.7671418836309384,0.40817410676034616,-36.77631522577315,-2146564.8750000014,296.82951110458066,-266.85962473940236,0.8749925028489174,622037.2500000005,0.034961219591893355,4.729699363682748,621696.3749999958,66692,-2768119.124999993,-41.5060145894559,0.732180664039045,0.39701913272956274,-2768261.249999997,285.8090159755271,-257.0192035112149,4.729699363682748,0.7641571484296246,8.695241578935871,0.01940330425536819,False
pe:vwap_side_aligned,vwap_distance_filter,pe,pe require side-aligned VWAP distance,661082.6249999902,0.2198408489905299,0.24932525640256697,0.23832346928961148,0.8528091454233597,50064,-2107036.500000003,0.7308999034426956,0.4003275806967082,-42.086858820709544,-2108519.6250000014,285.54532357050203,-260.80660432349623,0.750674743597433,661082.6249999902,-0.0012807605963494062,-0.5808442312536428,659741.6249999958,66692,-2768119.124999993,-41.5060145894559,0.732180664039045,0.39701913272956274,-2768261.249999997,285.8090159755271,-257.0192035112149,-0.5808442312536428,-4.659694886624195,3.4980064241169098,0.7801591510094701,False
pe:only_day_wednesday,day_filter,pe,pe trade only Wednesday,725172.3749999909,0.9999893141214742,0.40103760570983027,0.2607106717257968,0.8466163512016023,39946,-2042946.750000002,0.6777545531812599,0.38724778450908726,-51.1427114104041,-2046546.000000004,277.7668805352641,-259.0073385218778,0.5989623942901697,725172.3749999909,-0.05442611085778515,-9.636696820948195,721715.2499999932,66692,-2768119.124999993,-41.5060145894559,0.732180664039045,0.39701913272956274,-2768261.249999997,285.8090159755271,-257.0192035112149,-9.636696820948195,-13.92666955241853,-5.346724089477861,1.0685878525862035e-05,False
all:rsi_35_65,rsi_range,all,all require RSI between 35 and 65,645573.3749999963,0.0911690912804266,0.23753973490073776,0.23330560834892222,0.836252576463679,50850,-2122545.7499999967,0.7309090504555578,0.3976204523107178,-41.74131268436572,-2122410.375,285.14229190365506,-257.51159772779204,0.7624602650992622,645573.3749999963,-0.0012716135834872633,-0.23529809490981535,645850.8749999972,66692,-2768119.124999993,-41.5060145894559,0.732180664039045,0.39701913272956274,-2768261.249999997,285.8090159755271,-257.0192035112149,-0.23529809490981535,-4.262640688523949,3.7920444987043185,0.9088309087195734,False
ce:ema_distance_above_0.000180,ema_distance_filter,ce,ce require EMA20 distance >= 0.000180,607300.8750000051,0.9748532231285321,0.1250074971510826,0.21937989956692153,0.8322621987506843,58355,-2160818.249999988,0.7603340609736322,0.40414703110273326,-37.028845000428205,-2160960.374999997,290.6691241943694,-259.29535748180945,0.8749925028489174,607300.8750000051,0.028153396934587183,4.477169589027696,607300.875,66692,-2768119.124999993,-41.5060145894559,0.732180664039045,0.39701913272956274,-2768261.249999997,285.8090159755271,-257.0192035112149,4.477169589027696,0.5581424183757746,8.396196759679617,0.02514677687146799,False
pe:min_adx_25,minimum_trend_strength,pe,pe require ADX >= 25,660837.7499999977,0.8056487324775935,0.2857164277574522,0.23871943083406436,0.8310223983385622,47637,-2107281.3749999953,0.7175272139492905,0.3944412956315469,-44.23623181560542,-2107423.5000000023,284.87708222458787,-258.6099681076022,0.7142835722425478,660837.7499999977,-0.014653450089754494,-2.73021722614952,660837.7499999949,66692,-2768119.124999993,-41.5060145894559,0.732180664039045,0.39701913272956274,-2768261.249999997,285.8090159755271,-257.0192035112149,-2.73021722614952,-6.85347824954998,1.3930437972509395,0.19435126752240653,False
all:exclude_day_wednesday,day_filter,all,all exclude Wednesday,626212.1249999995,0.5252947754734469,0.19792478858033946,0.2262113537875077,0.8269160554184599,53492,-2141906.9999999935,0.7429286442538307,0.39759216331414043,-40.04163239362883,-2142049.1249999995,291.0498460127895,-258.5636520916088,0.8020752114196605,626212.1249999995,0.010747980214785624,1.4643821958270706,626212.1249999977,66692,-2768119.124999993,-41.5060145894559,0.732180664039045,0.39701913272956274,-2768261.249999997,285.8090159755271,-257.0192035112149,1.4643821958270706,-2.5507423369047366,5.479506728558878,0.4747052245265531,False
pe:exclude_low_volatility,volatility_filter,pe,pe exclude volatility below p25 (0.000205),599081.9999999972,0.9683632100117544,0.1250074971510826,0.21651049914454296,0.819405651971848,58355,-2169037.124999996,0.7638875639087751,0.40659754948162113,-37.16968768743031,-2168903.6250000014,295.7567960551273,-265.2898990701167,0.8749925028489174,599081.9999999972,0.031706899869730076,4.33632690202559,599357.6249999958,66692,-2768119.124999993,-41.5060145894559,0.732180664039045,0.39701913272956274,-2768261.249999997,285.8090159755271,-257.0192035112149,4.33632690202559,0.3813152827307733,8.291338521320407,0.03163678998824555,False
ce:rsi_40_60,rsi_range,ce,ce require RSI between 40 and 60,602084.6249999981,0.025751097602399797,0.21626282012835119,0.217442492105829,0.7801854079367145,52269,-2166034.499999995,0.7327417593603679,0.39646826991141976,-41.4401366010445,-2166323.6250000005,286.5712252087055,-256.91529829455396,0.7837371798716488,602084.6249999981,0.0005610953213228687,0.06587798841140113,601937.6249999967,66692,-2768119.124999993,-41.5060145894559,0.732180664039045,0.39701913272956274,-2768261.249999997,285.8090159755271,-257.0192035112149,0.06587798841140113,-3.9341709169112598,4.065926893734062,0.9742489023976002,False
pe:rsi_40_60,rsi_range,pe,pe require RSI between 40 and 60,580579.1249999967,0.13430601570465794,0.21626282012835119,0.20932439992793248,0.7464019549773488,52269,-2187539.9999999963,0.72976310911401,0.3988214811838757,-41.85157550364454,-2188796.6249999995,283.3808764271324,-257.61059574197236,0.7837371798716488,580579.1249999967,-0.002417554925035037,-0.34556091418863844,579464.6249999977,66692,-2768119.124999993,-41.5060145894559,0.732180664039045,0.39701913272956274,-2768261.249999997,285.8090159755271,-257.0192035112149,-0.34556091418863844,-4.350156995058043,3.6590351666807663,0.8656939842953421,False
all:exclude_day_monday,day_filter,all,all exclude Monday,570946.4999999986,0.03218140610961695,0.20782102800935642,0.20624733305066445,0.7365871026522313,52832,-2197172.6249999944,0.731360384177044,0.3990952453058752,-41.58791310190783,-2197314.749999999,283.6951742945225,-257.6270316880335,0.7921789719906436,570946.4999999986,-0.000820279862001061,-0.0818985124519287,570946.4999999981,66692,-2768119.124999993,-41.5060145894559,0.732180664039045,0.39701913272956274,-2768261.249999997,285.8090159755271,-257.0192035112149,-0.0818985124519287,-4.0606730398431825,3.8968760149393247,0.967818593890383,False
pe:only_regime_mixed,regime_filter,pe,pe trade only regime=mixed,611228.6249999963,0.9930667856840669,0.3145654651232531,0.21958715962953032,0.7328304649537959,45713,-2156890.4999999967,0.6977884526314261,0.39065473716448273,-47.183306718001376,-2160386.6250000047,278.8739850487178,-256.2205035002693,0.6854345348767469,611228.6249999963,-0.034392211407618944,-5.677292128545474,607874.6249999925,66692,-2768119.124999993,-41.5060145894559,0.732180664039045,0.39701913272956274,-2768261.249999997,285.8090159755271,-257.0192035112149,-5.677292128545474,-9.798531967573075,-1.5560522895178739,0.006933214315933134,False
ce:rsi_45_70,rsi_range,ce,ce require RSI between 45 and 70,516655.1249999958,0.31212729805828254,0.20225814190607572,0.18654882193651207,0.6554480049049631,53203,-2251463.999999997,0.726260841114857,0.395447625133921,-42.31836550570451,-2251845.3750000014,283.9197561671184,-255.71607231687602,0.7977418580939243,516655.1249999958,-0.005919822924188023,-0.8123509162486116,516415.8749999958,66692,-2768119.124999993,-41.5060145894559,0.732180664039045,0.39701913272956274,-2768261.249999997,285.8090159755271,-257.0192035112149,-0.8123509162486116,-4.775594203154479,3.150892370657256,0.6878727019417175,False
ce:exclude_regime_range,regime_filter,ce,ce exclude regime=range,486100.87500000186,0.7328187081098556,0.1292358903616626,0.17559790464140573,0.6447579492678599,58073,-2282018.249999991,0.745798662370844,0.39987601811513096,-39.29568388063284,-2282160.374999999,288.31236004650793,-257.588243522424,0.8707641096383374,486100.87500000186,0.013617998331798997,2.210330708823058,486100.87499999814,66692,-2768119.124999993,-41.5060145894559,0.732180664039045,0.39701913272956274,-2768261.249999997,285.8090159755271,-257.0192035112149,2.210330708823058,-1.6940830373547704,6.114744455000887,0.2671812918901444,False
ce:min_adx_18,minimum_trend_strength,ce,ce require ADX >= 18,482205.37500000047,0.6583022868396771,0.1347238049541174,0.1741907036411387,0.6362976813813174,57707,-2285913.7499999925,0.7433577848718197,0.3993276378948828,-39.612417037794245,-2286055.8749999995,287.3239129491411,-256.9600438507919,0.8652761950458826,482205.37500000047,0.011177120832774667,1.8935975516616566,482205.3749999977,66692,-2768119.124999993,-41.5060145894559,0.732180664039045,0.39701913272956274,-2768261.249999997,285.8090159755271,-257.0192035112149,1.8935975516616566,-2.0098397259821796,5.797034829305493,0.34169771316032294,False
ce:avoid_closing_45m,time_filter,ce,ce avoid last 45 minutes,466213.49999999814,0.9290245032698335,0.09086547112097398,0.16823407653450254,0.6314204869745427,60632,-2301905.624999995,0.7517380899871196,0.40016822799841667,-37.96519370959221,-2302545.375,287.27608910687064,-254.94474346283914,0.909134528879026,466213.49999999814,0.019557425948074525,3.540820879863695,465715.8749999972,66692,-2768119.124999993,-41.5060145894559,0.732180664039045,0.39701913272956274,-2768261.249999997,285.8090159755271,-257.0192035112149,3.540820879863695,-0.30270895599579317,7.384350715723183,0.0709754967301665,False
pe:rsi_45_70,rsi_range,pe,pe require RSI between 45 and 70,498187.125,0.43251343315436974,0.20225814190607572,0.18006415579454382,0.6269094231201345,53203,-2269931.999999993,0.724258531223624,0.39548521699904143,-42.6654887882261,-2269796.624999999,283.3596490185831,-255.95741480629314,0.7977418580939243,498187.125,-0.00792213281542098,-1.159474198770198,498464.62499999814,66692,-2768119.124999993,-41.5060145894559,0.732180664039045,0.39701913272956274,-2768261.249999997,285.8090159755271,-257.0192035112149,-1.159474198770198,-5.134185767440933,2.815237369900537,0.5674865668456303,False
all:avoid_closing_45m,time_filter,all,all avoid last 45 minutes,480574.1249999972,0.1633231781479897,0.18173094224194808,0.17360143483567494,0.6108927536688801,54572,-2287544.999999996,0.727627932429481,0.3983727919079381,-41.91792494319424,-2287687.1249999986,281.09744710211584,-255.80541849415187,0.8182690577580519,480574.1249999972,-0.0045527316095640424,-0.4119103537383353,480574.1249999986,66692,-2768119.124999993,-41.5060145894559,0.732180664039045,0.39701913272956274,-2768261.249999997,285.8090159755271,-257.0192035112149,-0.4119103537383353,-4.328280616679207,3.5044599092025366,0.8366768218520103,False
ce:exclude_day_friday,day_filter,ce,ce exclude Friday,453603.7500000023,0.84608637014375,0.10301085587476755,0.16380561986337058,0.6068600048535592,59822,-2314515.3749999907,0.74879974531752,0.4014409414596637,-38.690036692186666,-2314804.4999999986,287.2917083073081,-257.3191205630183,0.8969891441252325,453603.7500000023,0.016619081278475,2.815977897269235,453456.7499999986,66692,-2768119.124999993,-41.5060145894559,0.732180664039045,0.39701913272956274,-2768261.249999997,285.8090159755271,-257.0192035112149,2.815977897269235,-1.0549365009813676,6.686892295519838,0.15391362985625004,False
all:exclude_day_tuesday,day_filter,all,all exclude Tuesday,479433.7499999944,0.40944435378872024,0.19432615606069692,0.1731894885282226,0.6020877970336868,53732,-2288685.3749999986,0.7248598627833938,0.393229360530038,-42.59445721357847,-2288827.4999999995,285.36930285389747,-255.13766754593127,0.8056738439393031,479433.7499999944,-0.007320801255651266,-1.088442624122571,479433.7499999977,66692,-2768119.124999993,-41.5060145894559,0.732180664039045,0.39701913272956274,-2768261.249999997,285.8090159755271,-257.0192035112149,-1.088442624122571,-5.05354414945302,2.876658901207878,0.5905556462112798,False
pe:exclude_regime_mixed,regime_filter,pe,pe exclude regime=mixed,462717.3749999977,0.3532061525836385,0.18543453487674688,0.16715090564519516,0.58072493370936,54325,-2305401.7499999953,0.7289996765754543,0.3972204325816843,-42.43721583064879,-2305543.8749999977,287.39077922980687,-259.78768017467775,0.8145654651232531,462717.3749999977,-0.0031809874635907454,-0.9312012411928876,462717.37499999953,66692,-2768119.124999993,-41.5060145894559,0.732180664039045,0.39701913272956274,-2768261.249999997,285.8090159755271,-257.0192035112149,-0.9312012411928876,-4.9143346935832835,3.051932211197508,0.6467938474163615,False
pe:rsi_30_55,rsi_range,pe,pe require RSI between 30 and 55,468262.4999999949,0.6132438791657437,0.2029778684100042,0.16866959359417244,0.5794443572094822,53155,-2299856.624999998,0.7224313972832729,0.3968018060389427,-43.26698570219167,-2301339.750000002,283.7979624976295,-258.42008701618687,0.7970221315899958,468262.4999999949,-0.009749266755772146,-1.760971112735767,466921.49999999534,66692,-2768119.124999993,-41.5060145894559,0.732180664039045,0.39701913272956274,-2768261.249999997,285.8090159755271,-257.0192035112149,-1.760971112735767,-5.748773638468515,2.2268314129969817,0.38675612083425626,False
pe:ema_distance_mid_0.000180_0.000723,ema_distance_filter,pe,pe require EMA20 distance between 0.000180 and 0.000723,485199.37499999115,0.9569797481149576,0.2500149943021652,0.1753724923903024,0.5791510584140296,50018,-2282919.750000002,0.7054089742703824,0.39293854212483503,-45.64196389299856,-2282784.3750000037,278.13853414063306,-255.21849888025307,0.7499850056978348,485199.37499999115,-0.02677168976866262,-4.1359493035426595,485476.8749999935,66692,-2768119.124999993,-41.5060145894559,0.732180664039045,0.39701913272956274,-2768261.249999997,285.8090159755271,-257.0192035112149,-4.1359493035426595,-8.142080897626393,-0.12981770945892723,0.043020251885042424,False
all:exclude_regime_trend,regime_filter,all,all exclude regime=trend,445339.8749999963,0.2053152512589269,0.15021291909074552,0.16087349956583658,0.5721767181452719,56674,-2322779.2499999967,0.7361362293515571,0.3982778699227159,-40.98491812824217,-2322921.3750000005,287.08884901648076,-258.1358498035306,0.8497870809092545,445339.8749999963,0.003955565312512066,0.5210964612137303,445339.87499999674,66692,-2768119.124999993,-41.5060145894559,0.732180664039045,0.39701913272956274,-2768261.249999997,285.8090159755271,-257.0192035112149,0.5210964612137303,-3.4036656420560942,4.445858564483554,0.7946847487410731,False
pe:vwap_distance_mid_0.000579_0.002153,vwap_distance_filter,pe,pe require absolute VWAP distance between 0.000579 and 0.002153,478641.7499999949,0.9639085382674214,0.2500149943021652,0.1726866458142264,0.5687540138318796,50018,-2289477.374999998,0.7029187981269494,0.3948778439761686,-45.77306919508973,-2290219.5,274.2693344640779,-254.61958568738228,0.7499850056978348,478641.7499999949,-0.029261865912095675,-4.267054605633831,478041.7499999972,66692,-2768119.124999993,-41.5060145894559,0.732180664039045,0.39701913272956274,-2768261.249999997,285.8090159755271,-257.0192035112149,-4.267054605633831,-8.257438198234171,-0.2766710130334915,0.03609146173257863,False
all:avoid_expiry_proxy,time_filter,all,all avoid weekday-3 expiry proxy,447077.24999999953,0.5134579082758757,0.1889581958855635,0.16149690532279043,0.5549582970613749,54090,-2321041.8749999935,0.7219194561604684,0.3946200776483638,-42.910739046034266,-2321195.624999998,282.29615249472965,-254.89855703160782,0.8110418041144365,447077.24999999953,-0.01026120787857665,-1.4047244565783643,447065.62499999907,66692,-2768119.124999993,-41.5060145894559,0.732180664039045,0.39701913272956274,-2768261.249999997,285.8090159755271,-257.0192035112149,-1.4047244565783643,-5.361585826141516,2.552136912984787,0.4865420917241243,False
all:exclude_day_thursday,day_filter,all,all exclude Thursday,447077.24999999953,0.5134579082758757,0.1889581958855635,0.16149690532279043,0.5549582970613749,54090,-2321041.8749999935,0.7219194561604684,0.3946200776483638,-42.910739046034266,-2321195.624999998,282.29615249472965,-254.89855703160782,0.8110418041144365,447077.24999999953,-0.01026120787857665,-1.4047244565783643,447065.62499999907,66692,-2768119.124999993,-41.5060145894559,0.732180664039045,0.39701913272956274,-2768261.249999997,285.8090159755271,-257.0192035112149,-1.4047244565783643,-5.361585826141516,2.552136912984787,0.4865420917241243,False
pe:atr_mid_7.7003_12.5347,atr_range,pe,pe require ATR between 7.7003 and 12.5347,468862.49999999674,0.9714126212340307,0.2500149943021652,0.16924761887990042,0.5535295820091091,50018,-2299256.6249999963,0.7028385892818843,0.397976728377784,-45.96858380982839,-2299739.625000001,273.191154676982,-256.9540299548353,0.7499850056978348,468862.49999999674,-0.029342074757160774,-4.462569220372487,468521.6249999963,66692,-2768119.124999993,-41.5060145894559,0.732180664039045,0.39701913272956274,-2768261.249999997,285.8090159755271,-257.0192035112149,-4.462569220372487,-8.458053687078817,-0.46708475366615776,0.028587378765969312,False
pe:min_adx_20,minimum_trend_strength,pe,pe require ADX >= 20,434057.99999999953,0.46830749024884843,0.1817459365441132,0.1567980623216092,0.5385594892867964,54571,-2334061.1249999935,0.7257673027312234,0.39466016748822635,-42.77108949808495,-2334203.250000002,286.81719250592033,-257.65099594357326,0.8182540634558868,434057.99999999953,-0.006413361307821663,-1.265074908629046,434057.99999999534,66692,-2768119.124999993,-41.5060145894559,0.732180664039045,0.39701913272956274,-2768261.249999997,285.8090159755271,-257.0192035112149,-1.265074908629046,-5.229657303481231,2.699507486223139,0.5316925097511516,False
ce:vwap_distance_above_0.000579,vwap_distance_filter,ce,ce require absolute VWAP distance >= 0.000579,410252.62500000186,0.419156658074449,0.1250074971510826,0.14808121885172404,0.5302751446981678,58355,-2357866.499999991,0.7401412144655648,0.3976865735583926,-40.40556079170579,-2358333.7500000005,289.3859180419704,-258.15538579720044,0.8749925028489174,410252.62500000186,0.007960550426519775,1.100453797750113,409927.49999999674,66692,-2768119.124999993,-41.5060145894559,0.732180664039045,0.39701913272956274,-2768261.249999997,285.8090159755271,-257.0192035112149,1.100453797750113,-2.8058699153558084,5.006777510856034,0.580843341925551,False
pe:vwap_distance_above_0.000579,vwap_distance_filter,pe,pe require absolute VWAP distance >= 0.000579,405553.5000000014,0.3915370314738653,0.1250074971510826,0.14628442311938566,0.5230135844695634,58355,-2362565.6249999916,0.7388785127065861,0.3998114985862394,-40.486087310427415,-2363307.749999998,286.5371608589432,-258.33040557903144,0.8749925028489174,405553.5000000014,0.006697848667541084,1.0199272790284866,404953.49999999907,66692,-2768119.124999993,-41.5060145894559,0.732180664039045,0.39701913272956274,-2768261.249999997,285.8090159755271,-257.0192035112149,1.0199272790284866,-2.8824338649823775,4.922288423039351,0.6084629685261347,False
pe:avoid_after_2pm,time_filter,pe,pe avoid trades after 2 PM,434253.3749999958,0.9367146614225152,0.22740358663707794,0.1563842195168534,0.5127619661124482,51526,-2333865.749999997,0.7109822520170761,0.39275317315530023,-45.29491421806461,-2335348.8749999986,283.7030377526314,-258.08316421106457,0.7725964133629221,434253.3749999958,-0.021198412021968926,-3.7888996286087107,432912.3749999986,66692,-2768119.124999993,-41.5060145894559,0.732180664039045,0.39701913272956274,-2768261.249999997,285.8090159755271,-257.0192035112149,-3.7888996286087107,-7.7875628404401125,0.20976358322269117,0.06328533857748476,False
pe:morning_only,time_filter,pe,pe trade morning only,434253.3749999958,0.9367146614225152,0.22740358663707794,0.1563842195168534,0.5127619661124482,51526,-2333865.749999997,0.7109822520170761,0.39275317315530023,-45.29491421806461,-2335348.8749999986,283.7030377526314,-258.08316421106457,0.7725964133629221,434253.3749999958,-0.021198412021968926,-3.7888996286087107,432912.3749999986,66692,-2768119.124999993,-41.5060145894559,0.732180664039045,0.39701913272956274,-2768261.249999997,285.8090159755271,-257.0192035112149,-3.7888996286087107,-7.7875628404401125,0.20976358322269117,0.06328533857748476,False
pe:exclude_day_wednesday,day_filter,pe,pe exclude Wednesday,348773.6250000023,0.47167182221713655,0.09896239429016973,0.12599014092329597,0.4485080367596492,60092,-2419345.4999999907,0.739975741073137,0.39885508886374227,-40.26069193902667,-2419487.624999998,287.25639915720984,-257.5657976691395,0.9010376057098303,348773.6250000023,0.007795077034091991,1.2453226504292303,348773.62499999907,66692,-2768119.124999993,-41.5060145894559,0.732180664039045,0.39701913272956274,-2768261.249999997,285.8090159755271,-257.0192035112149,1.2453226504292303,-2.6255729163649084,5.116218217223369,0.5283281777828635,False
pe:rsi_35_65,rsi_range,pe,pe require RSI between 35 and 65,342705.3749999977,0.0953719185786216,0.11876986745036888,0.12389830439594525,0.4301849540383376,58771,-2425413.7499999953,0.7333927079158433,0.39825764407616,-41.26888686597123,-2425278.3749999977,285.0514130992055,-257.2409762477025,0.8812301325496311,342705.3749999977,0.0012120438767982966,0.2371277234846687,342982.87499999953,66692,-2768119.124999993,-41.5060145894559,0.732180664039045,0.39701913272956274,-2768261.249999997,285.8090159755271,-257.0192035112149,0.2371277234846687,-3.641872535760525,4.1161279827298625,0.9046280814213784,False
pe:exclude_regime_range,regime_filter,pe,pe exclude regime=range,344983.12499999953,0.08778531242603826,0.1292358903616626,0.12462086986912642,0.4283522212876684,58073,-2423135.9999999935,0.7322553431287249,0.3960015842129733,-41.72569007972713,-2423278.1250000023,288.1697177892772,-258.0161648990762,0.8707641096383374,344983.12499999953,7.467908967984105e-05,-0.21967549027122857,344983.1249999949,66692,-2768119.124999993,-41.5060145894559,0.732180664039045,0.39701913272956274,-2768261.249999997,285.8090159755271,-257.0192035112149,-0.21967549027122857,-4.125177358145754,3.6858263776032962,0.9122146875739617,False
ce:exclude_day_monday,day_filter,ce,ce exclude Monday,329731.87500000047,0.2797712639008403,0.10391051400467821,0.11911154519827079,0.41733985768122267,59762,-2438387.2499999925,0.7359755782629591,0.39876510156955924,-40.801633981459666,-2438529.375000001,285.2198292140492,-257.03323035818653,0.8960894859953218,329731.87500000047,0.003794914223914092,0.7043806079962351,329731.8749999963,66692,-2768119.124999993,-41.5060145894559,0.732180664039045,0.39701913272956274,-2768261.249999997,285.8090159755271,-257.0192035112149,0.7043806079962351,-3.1503562517048582,4.5591174676973285,0.7202287360991597,False
pe:min_adx_18,minimum_trend_strength,pe,pe require ADX >= 18,327222.0,0.3091878301918034,0.1347238049541174,0.11820488402241487,0.3984739119040776,57707,-2440897.124999993,0.7283294965631015,0.3953939730015423,-42.29811158091727,-2441039.2500000023,286.7981494061448,-257.517067927773,0.8652761950458826,327222.0,-0.0038511674759434955,-0.7920969914613707,327221.9999999949,66692,-2768119.124999993,-41.5060145894559,0.732180664039045,0.39701913272956274,-2768261.249999997,285.8090159755271,-257.0192035112149,-0.7920969914613707,-4.695297211833726,3.111103228910984,0.6908121698081966,False
ce:avoid_expiry_proxy,time_filter,ce,ce avoid weekday-3 expiry proxy,310577.6249999958,0.3209699441450916,0.09447909794278175,0.11196364685594624,0.39219233509150003,60391,-2457541.499999997,0.7357527009623228,0.3976751502707357,-40.69383682999118,-2458316.624999997,284.91905396402416,-255.67443298969073,0.9055209020572182,310577.6249999958,0.003572036923277788,0.8121777594647241,309944.625,66692,-2768119.124999993,-41.5060145894559,0.732180664039045,0.39701913272956274,-2768261.249999997,285.8090159755271,-257.0192035112149,0.8121777594647241,-3.0348936764441996,4.659249195373648,0.6790300558549084,False
ce:exclude_day_thursday,day_filter,ce,ce exclude Thursday,310577.6249999958,0.3209699441450916,0.09447909794278175,0.11196364685594624,0.39219233509150003,60391,-2457541.499999997,0.7357527009623228,0.3976751502707357,-40.69383682999118,-2458316.624999997,284.91905396402416,-255.67443298969073,0.9055209020572182,310577.6249999958,0.003572036923277788,0.8121777594647241,309944.625,66692,-2768119.124999993,-41.5060145894559,0.732180664039045,0.39701913272956274,-2768261.249999997,285.8090159755271,-257.0192035112149,0.8121777594647241,-3.0348936764441996,4.659249195373648,0.6790300558549084,False
pe:ema_distance_above_0.000180,ema_distance_filter,pe,pe require EMA20 distance >= 0.000180,319691.2499999949,0.1791681131515962,0.1250074971510826,0.11548449410256897,0.3915910373476603,58355,-2448427.874999998,0.7329000727073749,0.3976180275897524,-41.95746508439719,-2448570.0000000023,289.54373356893524,-260.77352995562137,0.8749925028489174,319691.2499999949,0.0007194086683298684,-0.45145049494129097,319691.2499999949,66692,-2768119.124999993,-41.5060145894559,0.732180664039045,0.39701913272956274,-2768261.249999997,285.8090159755271,-257.0192035112149,-0.45145049494129097,-4.358470675490356,3.4555696856077733,0.8208318868484038,False
ce:exclude_day_tuesday,day_filter,ce,ce exclude Tuesday,303053.25000000326,0.22698921260184513,0.09716307803034852,0.10947422321502345,0.3797128953672426,60212,-2465065.8749999898,0.7348224216281023,0.39636617285590914,-40.93977736995931,-2465207.9999999977,286.2163852342247,-255.76146274693215,0.9028369219696515,303053.25000000326,0.0026417575890572698,0.5662372194965926,303053.24999999953,66692,-2768119.124999993,-41.5060145894559,0.732180664039045,0.39701913272956274,-2768261.249999997,285.8090159755271,-257.0192035112149,0.5662372194965926,-3.2814577847784125,4.413932223771598,0.7730107873981549,False
all:vwap_distance_below_0.002153,vwap_distance_filter,all,all require absolute VWAP distance <= 0.002153,352226.6249999921,0.9993424609248973,0.24998500569783477,0.12723749429357453,0.37245908642351067,50020,-2415892.500000001,0.6810140955032622,0.387624950019992,-48.298530587764915,-2416034.624999999,266.0154146681109,-247.25491740393727,0.7500149943021652,352226.6249999921,-0.05116656853578283,-6.792515998309014,352226.62499999814,66692,-2768119.124999993,-41.5060145894559,0.732180664039045,0.39701913272956274,-2768261.249999997,285.8090159755271,-257.0192035112149,-6.792515998309014,-10.700503287005597,-2.8845287096124306,0.0006575390751027378,False
ce:rsi_35_65,rsi_range,ce,ce require RSI between 35 and 65,302867.9999999986,0.17657153261970815,0.11876986745036888,0.10935420202843911,0.36910363754921716,58771,-2465251.1249999944,0.7298734107830104,0.39630089670075375,-41.94672755270447,-2465540.249999998,285.9915739985404,-257.22324901352863,0.8812301325496311,302867.9999999986,-0.002307253256034647,-0.440712963248572,302720.99999999907,66692,-2768119.124999993,-41.5060145894559,0.732180664039045,0.39701913272956274,-2768261.249999997,285.8090159755271,-257.0192035112149,-0.440712963248572,-4.311856447922051,3.430430521424907,0.8234284673802919,False
ce:exclude_day_wednesday,day_filter,ce,ce exclude Wednesday,277438.49999999674,0.0235239596126553,0.09896239429016973,0.10022121286421191,0.33954064143042095,60092,-2490680.6249999963,0.7339987927486105,0.39569327031884444,-41.447790471277315,-2490822.749999998,289.0376766338635,-257.84596849699847,0.9010376057098303,277438.49999999674,0.0018181287095654364,0.05822411817858608,277438.49999999907,66692,-2768119.124999993,-41.5060145894559,0.732180664039045,0.39701913272956274,-2768261.249999997,285.8090159755271,-257.0192035112149,0.05822411817858608,-3.811907143378772,3.9283553797359443,0.9764760403873447,False
ce:vwap_distance_below_0.002153,vwap_distance_filter,ce,ce require absolute VWAP distance <= 0.002153,279362.6249999986,0.4401338161980588,0.1250074971510826,0.10091627912647294,0.33044479213774325,58355,-2488756.4999999944,0.7208223131349161,0.3935909519321395,-42.64855625053542,-2488898.6249999986,279.77360893416954,-251.91727894424506,0.8749925028489174,279362.6249999986,-0.011358350904128955,-1.1425416610795196,279362.6249999986,66692,-2768119.124999993,-41.5060145894559,0.732180664039045,0.39701913272956274,-2768261.249999997,285.8090159755271,-257.0192035112149,-1.1425416610795196,-4.983411198872831,2.6983278767137917,0.5598661838019412,False
ce:max_stop_probability_0.1470,stop_risk_filter,ce,ce require stop-hit probability <= 0.1470,309368.6250000023,0.9994417030985352,0.23692496851196543,0.11175557400877564,0.314378635402891,50891,-2458750.4999999907,0.6766046992402129,0.38142304140221256,-48.31405356546326,-2458892.6249999967,265.0134137859979,-241.51606972681054,0.7630750314880346,309368.6250000023,-0.05557596479883209,-6.80803897600736,309368.62500000047,66692,-2768119.124999993,-41.5060145894559,0.732180664039045,0.39701913272956274,-2768261.249999997,285.8090159755271,-257.0192035112149,-6.80803897600736,-10.674556360588692,-2.941521591426028,0.000558296901464802,False
all:exclude_regime_volatile_trend,regime_filter,all,all exclude regime=volatile_trend,298645.4999999977,0.997406730559673,0.22044623043243572,0.10792911976786816,0.3076495070605012,51990,-2469473.6249999953,0.6890041256665961,0.38955568378534333,-47.49901182919783,-2469485.249999999,270.13585024440835,-250.19803384062755,0.7795537695675643,298645.4999999977,-0.04317653837244895,-5.992997239741932,298775.99999999814,66692,-2768119.124999993,-41.5060145894559,0.732180664039045,0.39701913272956274,-2768261.249999997,285.8090159755271,-257.0192035112149,-5.992997239741932,-9.892511270736463,-2.093483208747401,0.002593269440326984,False
ce:exclude_regime_trend,regime_filter,ce,ce exclude regime=trend,245872.49999999674,0.2471699044552269,0.07510645954537276,0.08881838735415572,0.30253461787806973,61683,-2522246.6249999963,0.7361092278559804,0.39785678387886453,-40.89046617382417,-2522388.749999998,286.6905331893568,-257.334526950622,0.9248935404546272,245872.49999999674,0.003928563816935404,0.6155484156317286,245872.49999999907,66692,-2768119.124999993,-41.5060145894559,0.732180664039045,0.39701913272956274,-2768261.249999997,285.8090159755271,-257.0192035112149,0.6155484156317286,-3.2156269476082753,4.446723778871732,0.7528300955447731,False
pe:exclude_day_monday,day_filter,pe,pe exclude Monday,241214.62499999814,0.306995352019624,0.10391051400467821,0.087135787852393,0.2820170640932231,59762,-2526904.499999995,0.7276806229290622,0.39710853050433387,-42.282796760483166,-2527046.624999997,284.52259080566347,-257.5407889258951,0.8960894859953218,241214.62499999814,-0.004500041109982811,-0.7767821710272642,241214.625,66692,-2768119.124999993,-41.5060145894559,0.732180664039045,0.39701913272956274,-2768261.249999997,285.8090159755271,-257.0192035112149,-0.7767821710272642,-4.633334875916804,3.0797705338622756,0.693004647980376,False
all:max_stop_probability_0.1443,stop_risk_filter,all,all require stop-hit probability <= 0.1443,438003.3749999977,1.0,0.49823067234450913,0.15822328004627403,0.27651718812196047,33464,-2330115.7499999953,0.5078101812169267,0.34870308391106863,-69.63052085823557,-2330257.874999999,206.02154212014756,-217.2140915347555,0.5017693276554909,438003.3749999977,-0.22437048282211836,-28.12450626877967,438003.37499999814,66692,-2768119.124999993,-41.5060145894559,0.732180664039045,0.39701913272956274,-2768261.249999997,285.8090159755271,-257.0192035112149,-28.12450626877967,-31.97094669243113,-24.278065845128207,1.3972498065956397e-46,False
ce:exclude_regime_volatile_trend,regime_filter,ce,ce exclude regime=volatile_trend,231867.375,0.47265498547860196,0.11022311521621786,0.08370610794049867,0.2649563082785402,59341,-2536251.749999993,0.7212517351861445,0.39471865994843364,-42.740293389056355,-2536540.8749999977,280.1718770012382,-253.3191610056238,0.8897768847837821,231867.375,-0.010928928852900532,-1.2342787996004532,231720.37499999953,66692,-2768119.124999993,-41.5060145894559,0.732180664039045,0.39701913272956274,-2768261.249999997,285.8090159755271,-257.0192035112149,-1.2342787996004532,-5.061717466195843,2.5931598669949367,0.527345014521398,False
all:ema_distance_below_0.000723,ema_distance_filter,all,all require EMA20 distance <= 0.000723,263893.4999999972,0.999983729922597,0.24998500569783477,0.09542849324643705,0.2348238577400492,50020,-2504225.624999996,0.6683810411427037,0.3837065173930428,-50.06448670531779,-2504090.249999999,262.975544469338,-244.96432510461605,0.7500149943021652,263893.4999999972,-0.06379962289634133,-8.558472115861889,264170.99999999814,66692,-2768119.124999993,-41.5060145894559,0.732180664039045,0.39701913272956274,-2768261.249999997,285.8090159755271,-257.0192035112149,-8.558472115861889,-12.449813550638508,-4.66713068108527,1.6270077403060187e-05,False
pe:exclude_regime_trend,regime_filter,pe,pe exclude regime=trend,199467.3749999986,0.055728442884601326,0.07510645954537276,0.07160957080911255,0.231360649222704,61683,-2568651.7499999944,0.7318959011773553,0.39733800236694067,-41.64278245221527,-2570027.25,286.10503284507746,-257.72851993328663,0.9248935404546272,199467.3749999986,-0.00028476286168976905,-0.13676786275937047,198233.9999999972,66692,-2768119.124999993,-41.5060145894559,0.732180664039045,0.39701913272956274,-2768261.249999997,285.8090159755271,-257.0192035112149,-0.13676786275937047,-3.971629658640719,3.698093933121978,0.9442715571153987,False
pe:exclude_day_friday,day_filter,pe,pe exclude Friday,197126.2499999958,0.5455298204539376,0.10301085587476755,0.07072499028044954,0.21458220559815283,59822,-2570992.874999997,0.725071095344093,0.39605830630871586,-42.97738081307875,-2572476.0000000023,286.18113999915613,-258.8359109025991,0.8969891441252325,197126.2499999958,-0.007109568694952051,-1.4713662236228515,195785.24999999488,66692,-2768119.124999993,-41.5060145894559,0.732180664039045,0.39701913272956274,-2768261.249999997,285.8090159755271,-257.0192035112149,-1.4713662236228515,-5.326903468229251,2.384171020983548,0.4544701795460624,False
pe:exclude_day_tuesday,day_filter,pe,pe exclude Tuesday,176380.49999999115,0.5659510521453277,0.09716307803034852,0.06371526531319949,0.1861973743355172,60212,-2591738.625000002,0.7230491469037441,0.39429017471600347,-43.04355651697339,-2591880.749999998,285.00816625247455,-256.5906473636588,0.9028369219696515,176380.49999999115,-0.009131517135300915,-1.5375419275174877,176380.49999999907,66692,-2768119.124999993,-41.5060145894559,0.732180664039045,0.39701913272956274,-2768261.249999997,285.8090159755271,-257.0192035112149,-1.5375419275174877,-5.389839097767345,2.3147552427323688,0.43404894785467235,False
pe:ema_distance_below_0.000723,ema_distance_filter,pe,pe require EMA20 distance <= 0.000723,165508.1249999958,0.8869103175215469,0.1250074971510826,0.05988799828773342,0.15619159025609783,58355,-2602610.999999997,0.7081788390495399,0.39292262873789735,-44.59962299717243,-2602475.6249999986,275.45477888263787,-251.75051162987637,0.8749925028489174,165508.1249999958,-0.024001824989505094,-3.0936084077165305,165785.6249999986,66692,-2768119.124999993,-41.5060145894559,0.732180664039045,0.39701913272956274,-2768261.249999997,285.8090159755271,-257.0192035112149,-3.0936084077165305,-6.92045330316314,0.7332364877300792,0.11308968247845314,False
pe:avoid_expiry_proxy,time_filter,pe,pe avoid weekday-3 expiry proxy,136499.62500000373,0.7086048118692121,0.09447909794278175,0.04930879446439467,0.12664429465086277,60391,-2631619.4999999893,0.7195113099543341,0.394214369690848,-43.57635243662117,-2631761.624999999,283.5572100642671,-256.4581784386616,0.9055209020572182,136499.62500000373,-0.012669354084710927,-2.07033784716527,136499.62499999814,66692,-2768119.124999993,-41.5060145894559,0.732180664039045,0.39701913272956274,-2768261.249999997,285.8090159755271,-257.0192035112149,-2.07033784716527,-5.916412481353563,1.7757367870230225,0.2913951881307879,False
pe:exclude_day_thursday,day_filter,pe,pe exclude Thursday,136499.62500000373,0.7086048118692121,0.09447909794278175,0.04930879446439467,0.12664429465086277,60391,-2631619.4999999893,0.7195113099543341,0.394214369690848,-43.57635243662117,-2631761.624999999,283.5572100642671,-256.4581784386616,0.9055209020572182,136499.62500000373,-0.012669354084710927,-2.07033784716527,136499.62499999814,66692,-2768119.124999993,-41.5060145894559,0.732180664039045,0.39701913272956274,-2768261.249999997,285.8090159755271,-257.0192035112149,-2.07033784716527,-5.916412481353563,1.7757367870230225,0.2913951881307879,False
ce:max_stop_probability_0.1829,stop_risk_filter,ce,ce require stop-hit probability <= 0.1829,113148.00000000093,0.998665317222486,0.16544713009056555,0.040873309916107464,0.05421834731806474,55658,-2654971.124999992,0.6813784277168508,0.3848862697186388,-47.70151864960998,-2655113.2499999963,265.0409567267297,-243.38937083771458,0.8345528699094344,113148.00000000093,-0.05080223632219427,-6.195504060154079,113148.00000000093,66692,-2768119.124999993,-41.5060145894559,0.732180664039045,0.39701913272956274,-2768261.249999997,285.8090159755271,-257.0192035112149,-6.195504060154079,-9.980296259804366,-2.4107118605037923,0.0013346827775140297,False
ce:ema_distance_below_0.000723,ema_distance_filter,ce,ce require EMA20 distance <= 0.000723,98487.37500000047,0.9704389011716401,0.1250074971510826,0.03552423926751826,0.053378980985288954,58355,-2669631.7499999925,0.7023354876707879,0.38970096821180705,-45.748123554108346,-2669920.874999998,276.9869783650677,-251.82772575391695,0.8749925028489174,98487.37500000047,-0.02984517636825712,-4.242108964652445,98340.37499999907,66692,-2768119.124999993,-41.5060145894559,0.732180664039045,0.39701913272956274,-2768261.249999997,285.8090159755271,-257.0192035112149,-4.242108964652445,-8.063263328222977,-0.4209546010819136,0.02956109882835991,False
all:avoid_open_30m,time_filter,all,all avoid first 30 minutes,82444.12500000186,0.8868874504930416,0.09692316919570565,0.02978191635634087,0.04319406166749064,60228,-2685674.999999991,0.7101590628511448,0.3912798034136946,-44.59180115560854,-2685817.1249999977,279.2309099974542,-252.74209331187595,0.9030768308042944,82444.12500000186,-0.022021601187900197,-3.085786566152642,82444.12499999953,66692,-2768119.124999993,-41.5060145894559,0.732180664039045,0.39701913272956274,-2768261.249999997,285.8090159755271,-257.0192035112149,-3.085786566152642,-6.90319796888521,0.7316248365799263,0.11311254950695833,False
ce:avoid_open_30m,time_filter,ce,ce avoid first 30 minutes,54244.500000000466,0.4856255936236007,0.04846158459785277,0.019595152011032214,0.023400529093794864,63460,-2713874.6249999925,0.722925910447131,0.3945950204853451,-42.76512173022365,-2714016.749999997,282.77172936384346,-254.94576902053663,0.9515384154021472,54244.500000000466,-0.009254753591914078,-1.259107140767746,54244.5,66692,-2768119.124999993,-41.5060145894559,0.732180664039045,0.39701913272956274,-2768261.249999997,285.8090159755271,-257.0192035112149,-1.259107140767746,-5.043912291723782,2.525698010188289,0.5143744063763993,False
pe:vwap_distance_below_0.002153,vwap_distance_filter,pe,pe require absolute VWAP distance <= 0.002153,73088.24999999302,0.9836174783481625,0.1250074971510826,0.026402222694840913,0.014522877625645334,58355,-2695030.875,0.7003715863962866,0.39239139748093566,-46.183375460543225,-2695172.9999999986,275.11338326491403,-253.67563880192915,0.8749925028489174,73088.24999999302,-0.03180907764275842,-4.677360871087323,73088.2499999986,66692,-2768119.124999993,-41.5060145894559,0.732180664039045,0.39701913272956274,-2768261.249999997,285.8090159755271,-257.0192035112149,-4.677360871087323,-8.49675950691886,-0.857962235255787,0.016382521651837463,False
pe:exclude_regime_volatile_trend,regime_filter,pe,pe exclude regime=volatile_trend,66778.1249999972,0.9605735938665099,0.11022311521621786,0.0242230118273695,0.012618953473432882,59341,-2701340.999999996,0.7056589258116731,0.3927807081107497,-45.522337001398625,-2701205.6249999986,277.8550980350096,-254.6995150278911,0.8897768847837821,66778.1249999972,-0.026521738227371916,-4.016322411942724,67055.6249999986,66692,-2768119.124999993,-41.5060145894559,0.732180664039045,0.39701913272956274,-2768261.249999997,285.8090159755271,-257.0192035112149,-4.016322411942724,-7.838218335393382,-0.19442648849206678,0.03942640613349015,False
ce:exclude_day_sunday,day_filter,ce,ce exclude Sunday,19768.124999998603,0.08075161869517455,0.0024740598572542405,0.007140989673572182,-0.008694007940251752,66527,-2748350.9999999944,0.7331074456025513,0.39687645617568806,-41.31181324875606,-2748493.124999997,285.923659243268,-256.64423723955736,0.9975259401427458,19768.124999998603,0.0009267815635062293,0.1942013406998413,19768.125,66692,-2768119.124999993,-41.5060145894559,0.732180664039045,0.39701913272956274,-2768261.249999997,285.8090159755271,-257.0192035112149,0.1942013406998413,-3.5603122613822533,3.948714942781936,0.9192483813048254,False
pe:avoid_open_30m,time_filter,pe,pe avoid first 30 minutes,28199.625000001397,0.6126627206318563,0.04846158459785277,0.010186764345308316,-0.01616222852588866,63460,-2739919.4999999916,0.7206170593151114,0.3939962180901355,-43.175535770564004,-2740061.6249999986,282.65087689477286,-255.01311529760503,0.9515384154021472,28199.625000001397,-0.011563604723933585,-1.6695211811081023,28199.624999998603,66692,-2768119.124999993,-41.5060145894559,0.732180664039045,0.39701913272956274,-2768261.249999997,285.8090159755271,-257.0192035112149,-1.6695211811081023,-5.454861787119837,2.1158194249036324,0.38733727936814366,False
all:exclude_day_sunday,day_filter,all,all exclude Sunday,-6280.5,0.1250153667875361,0.004948119714508481,-0.0022687526330833143,-0.049062577038827285,66362,-2774399.624999993,0.7299477489121116,0.396808414454055,-41.807052605406604,-2774541.749999997,284.78207477309866,-256.6530765195233,0.9950518802854915,-6280.5,-0.0022329151269334657,-0.30103801595070223,-6280.5,66692,-2768119.124999993,-41.5060145894559,0.732180664039045,0.39701913272956274,-2768261.249999997,285.8090159755271,-257.0192035112149,-0.30103801595070223,-4.051332440574397,3.449256408672993,0.8749846332124639,False
pe:avoid_closing_45m,time_filter,pe,pe avoid last 45 minutes,14360.624999998603,0.9554895064296076,0.09086547112097398,0.0051875974494818905,-0.05772420456778438,60632,-2753758.4999999944,0.7089754200183108,0.39508840216387386,-45.41757652724625,-2753900.6249999977,280.0471665623044,-257.98970403795283,0.909134528879026,14360.624999998603,-0.023205244020734206,-3.9115619377903457,14360.624999999534,66692,-2768119.124999993,-41.5060145894559,0.732180664039045,0.39701913272956274,-2768261.249999997,285.8090159755271,-257.0192035112149,-3.9115619377903457,-7.727242701726488,-0.09588117385420336,0.0445104935703924,False
ce:max_stop_probability_0.2485,stop_risk_filter,ce,ce require stop-hit probability <= 0.2485,6798.375000001397,0.9487382264434961,0.08464283572242548,0.00245582854580634,-0.06548445385945714,61047,-2761320.7499999916,0.7008750784370359,0.39073173128900685,-45.23270185267076,-2761462.8749999977,271.24507923531655,-248.19405347636706,0.9153571642775745,6798.375000001397,-0.031305585602009134,-3.726687263214856,6798.374999999534,66692,-2768119.124999993,-41.5060145894559,0.732180664039045,0.39701913272956274,-2768261.249999997,285.8090159755271,-257.0192035112149,-3.726687263214856,-7.473865740526488,0.020491214096775234,0.05126177355650385,False
ce:exclude_high_volatility,volatility_filter,ce,ce exclude volatility above p75 (0.000377),20095.500000002794,0.9962526158863655,0.1250074971510826,0.00725924982694446,-0.06626723975744092,58355,-2748023.62499999,0.6887266847544594,0.3869762659583583,-47.0914853054578,-2748165.7499999977,269.25456669028443,-246.78752830346895,0.8749925028489174,20095.500000002794,-0.04345397928458561,-5.5854707160019,20095.499999999534,66692,-2768119.124999993,-41.5060145894559,0.732180664039045,0.39701913272956274,-2768261.249999997,285.8090159755271,-257.0192035112149,-5.5854707160019,-9.362198958438817,-1.8087424735649833,0.0037473841136345426,False
pe:exclude_day_sunday,day_filter,pe,pe exclude Sunday,-26048.62499999907,0.20395927490057697,0.0024740598572542405,-0.009409742306655497,-0.07790044536291649,66527,-2794167.749999992,0.7290305059124167,0.39695161363055603,-42.00050731282024,-2794309.874999997,284.67036977431104,-257.02891086517604,0.9975259401427458,-26048.62499999907,-0.003150158126628333,-0.49449272336433836,-26048.625,66692,-2768119.124999993,-41.5060145894559,0.732180664039045,0.39701913272956274,-2768261.249999997,285.8090159755271,-257.0192035112149,-0.49449272336433836,-4.244207805626193,3.255222358897516,0.796040725099423,False
pe:max_stop_probability_0.1218,stop_risk_filter,pe,pe require stop-hit probability <= 0.1218,53866.87499999395,0.9999999995723048,0.24365741018413,0.019458739669169108,-0.08833100058607275,50442,-2714252.249999999,0.6452655139847512,0.3802981642282225,-53.80937016771736,-2714394.3749999986,257.3764009800345,-244.77762404427529,0.75634258981587,53866.87499999395,-0.08691515005429384,-12.30335557826146,53866.8749999986,66692,-2768119.124999993,-41.5060145894559,0.732180664039045,0.39701913272956274,-2768261.249999997,285.8090159755271,-257.0192035112149,-12.30335557826146,-16.165661525523582,-8.441049630999336,4.2769520033716047e-10,False
ce:atr_below_12.5347,atr_range,ce,ce require ATR <= 12.5347,-30022.124999998603,0.9992089709531424,0.1250074971510826,-0.01084511983831007,-0.14294792893757624,58355,-2798141.2499999916,0.6825295456413645,0.3862736697797961,-47.9503255933509,-2798283.374999997,266.8791202697309,-246.10106382978714,0.8749925028489174,-30022.124999998603,-0.04965111839768055,-6.444311003894995,-30022.125,66692,-2768119.124999993,-41.5060145894559,0.732180664039045,0.39701913272956274,-2768261.249999997,285.8090159755271,-257.0192035112149,-6.444311003894995,-10.208068409926756,-2.6805535978632333,0.0007910290468575443,False
all:max_stop_probability_0.1862,stop_risk_filter,all,all require stop-hit probability <= 0.1862,-22324.12500000233,1.0,0.3121063995681641,-0.008064312932892115,-0.2607078418542793,45877,-2790443.2499999953,0.5783825516178366,0.36807114676199404,-60.82444907034016,-2790585.3749999963,226.6955614118206,-228.2923838432616,0.6878936004318359,-22324.12500000233,-0.15379811242120844,-19.318434480884257,-22324.12499999907,66692,-2768119.124999993,-41.5060145894559,0.732180664039045,0.39701913272956274,-2768261.249999997,285.8090159755271,-257.0192035112149,-19.318434480884257,-23.031940392138488,-15.604928569630026,2.0590672763534773e-24,False
pe:exclude_high_volatility,volatility_filter,pe,pe exclude volatility above p75 (0.000377),-122356.50000000652,0.9999701841780365,0.1250074971510826,-0.044199766188975836,-0.28450519087045,58355,-2890475.6249999995,0.6744326757800663,0.3870962214034787,-49.5326128866421,-2890617.749999999,265.0758112355572,-248.2322072638819,0.8749925028489174,-122356.50000000652,-0.057747988258978755,-8.026598297186197,-122356.50000000186,66692,-2768119.124999993,-41.5060145894559,0.732180664039045,0.39701913272956274,-2768261.249999997,285.8090159755271,-257.0192035112149,-8.026598297186197,-11.79489246814677,-4.258304126225625,2.9815821963522008e-05,False
pe:max_stop_probability_0.1862,stop_risk_filter,pe,pe require stop-hit probability <= 0.1862,-133204.12500000373,0.9999992492301493,0.14706411563605826,-0.04811833601326486,-0.3139304917770954,56884,-2901323.2499999967,0.6632842750472968,0.3855565712678433,-51.004205927853114,-2901465.3749999977,260.58786248404175,-246.52484121080337,0.8529358843639417,-133204.12500000373,-0.06889638899174821,-9.498191338397213,-133204.12500000047,66692,-2768119.124999993,-41.5060145894559,0.732180664039045,0.39701913272956274,-2768261.249999997,285.8090159755271,-257.0192035112149,-9.498191338397213,-13.26080307638268,-5.735579600411745,7.507698507779467e-07,False
pe:atr_below_12.5347,atr_range,pe,pe require ATR <= 12.5347,-153174.7500000042,0.9999919101405572,0.1250074971510826,-0.05533247629717102,-0.3316255684602038,58355,-2921293.874999997,0.6701676776291858,0.3866849455916374,-50.06072958615367,-2921435.999999999,263.0450753379128,-247.46873428331935,0.8749925028489174,-153174.7500000042,-0.062012986409859194,-8.554714996697768,-153174.75000000186,66692,-2768119.124999993,-41.5060145894559,0.732180664039045,0.39701913272956274,-2768261.249999997,285.8090159755271,-257.0192035112149,-8.554714996697768,-12.31183421630286,-4.797595777092678,8.089859442761733e-06,False
all:exclude_high_volatility,volatility_filter,all,all exclude volatility above p75 (0.000377),-102343.50000000326,0.9999999999999999,0.24998500569783477,-0.036970318462536934,-0.3356271570455584,50020,-2870462.6249999963,0.6105804287459489,0.3737305077968813,-57.386297980807605,-2870604.7499999977,240.7546940194714,-235.3039288450487,0.7500149943021652,-102343.50000000326,-0.12160023529309616,-15.880283391351703,-102343.50000000047,66692,-2768119.124999993,-41.5060145894559,0.732180664039045,0.39701913272956274,-2768261.249999997,285.8090159755271,-257.0192035112149,-15.880283391351703,-19.63133385830182,-12.129232924401588,1.0608346530065018e-16,False
pe:max_stop_probability_0.2271,stop_risk_filter,pe,pe require stop-hit probability <= 0.2271,-184444.50000000326,0.9998145901668143,0.08969591555209022,-0.06662828517359086,-0.35972512167458076,60710,-2952563.6249999963,0.6807555971041891,0.3887168506012189,-48.63389268654252,-2952705.749999998,266.7924859104201,-249.2145051332489,0.9103040844479098,-184444.50000000326,-0.051425066934855934,-7.127878097086615,-184444.50000000093,66692,-2768119.124999993,-41.5060145894559,0.732180664039045,0.39701913272956274,-2768261.249999997,285.8090159755271,-257.0192035112149,-7.127878097086615,-10.865233650098665,-3.390522544074565,0.00018540983318571458,False
all:max_stop_probability_0.2445,stop_risk_filter,all,all require stop-hit probability <= 0.2445,-148587.0000000014,0.9999999999925153,0.19699514184609845,-0.05367520858083774,-0.3689151535072064,53554,-2916706.1249999944,0.6299201894563072,0.37881390745789295,-54.46289959666868,-2916848.2499999977,244.71747301227404,-236.9101361709802,0.8030048581539015,-148587.0000000014,-0.10226047458273779,-12.956885007212776,-148587.00000000047,66692,-2768119.124999993,-41.5060145894559,0.732180664039045,0.39701913272956274,-2768261.249999997,285.8090159755271,-257.0192035112149,-12.956885007212776,-16.665294492636725,-9.248475521788826,7.48463283163303e-12,False
all:atr_below_12.5350,atr_range,all,all require ATR <= 12.5350,-183367.5000000028,1.0,0.24998500569783477,-0.06623923229789153,-0.4617835878709954,50020,-2951486.624999996,0.597633261027301,0.3724310275889644,-59.006130047980726,-2951628.7499999986,235.32277631649583,-233.6757231372048,0.7500149943021652,-183367.5000000028,-0.13454740301174406,-17.500115458524824,-183367.5000000014,66692,-2768119.124999993,-41.5060145894559,0.732180664039045,0.39701913272956274,-2768261.249999997,285.8090159755271,-257.0192035112149,-17.500115458524824,-21.217685557310105,-13.782545359739544,2.795732078511647e-20,False
