date,open,high,low,close,volume
2026-08-13 09:15:00,57799.15,57799.15,57590.85,57663.15,0
2026-08-13 09:16:00,57661.35,57697.0,57646.15,57694.25,0
2026-08-13 09:17:00,57694.9,57694.95,57615.4,57633.75,0
2026-08-13 09:18:00,57630.25,57642.0,57605.45,57637.55,0
2026-08-13 09:19:00,57646.05,57667.85,57634.0,57635.35,0
2026-08-13 09:20:00,57636.15,57643.55,57623.0,57635.4,0
2026-08-13 09:21:00,57638.35,57654.15,57603.7,57603.7,0
2026-08-13 09:22:00,57606.95,57618.15,57584.7,57604.8,0
2026-08-13 09:23:00,57610.2,57610.2,57573.8,57581.2,0
2026-08-13 09:24:00,57578.75,57594.85,57565.35,57592.2,0
2026-08-13 09:25:00,57597.5,57600.0,57569.3,57591.75,0
2026-08-13 09:26:00,57591.5,57598.95,57577.55,57579.5,0
2026-08-13 09:27:00,57585.3,57585.3,57557.5,57563.5,0
2026-08-13 09:28:00,57569.1,57570.8,57554.75,57566.0,0
2026-08-13 09:29:00,57566.55,57597.05,57556.7,57594.2,0
2026-08-13 09:30:00,57598.35,57619.55,57574.25,57582.2,0
2026-08-13 09:31:00,57583.85,57597.15,57575.2,57576.8,0
2026-08-13 09:32:00,57576.7,57579.75,57554.35,57570.8,0
2026-08-13 09:33:00,57573.15,57576.85,57550.25,57552.4,0
2026-08-13 09:34:00,57558.55,57574.4,57551.4,57567.55,0
2026-08-13 09:35:00,57566.85,57572.45,57557.8,57568.05,0
2026-08-13 09:36:00,57569.45,57576.9,57555.5,57566.85,0
2026-08-13 09:37:00,57571.2,57576.65,57560.6,57567.5,0
2026-08-13 09:38:00,57569.0,57584.6,57562.5,57576.3,0
2026-08-13 09:39:00,57581.5,57605.9,57574.75,57604.1,0
2026-08-13 09:40:00,57606.95,57631.3,57602.5,57626.95,0
2026-08-13 09:41:00,57629.8,57644.95,57618.25,57620.0,0
2026-08-13 09:42:00,57622.95,57626.05,57610.95,57618.75,0
2026-08-13 09:43:00,57622.6,57624.75,57609.65,57618.0,0
2026-08-13 09:44:00,57620.0,57635.15,57617.3,57628.95,0
2026-08-13 09:45:00,57631.15,57676.1,57623.1,57676.1,0
2026-08-13 09:46:00,57678.55,57687.45,57647.75,57647.75,0
2026-08-13 09:47:00,57648.7,57648.7,57615.75,57628.3,0
2026-08-13 09:48:00,57632.15,57724.9,57630.0,57720.05,0
2026-08-13 09:49:00,57720.9,57725.35,57684.75,57686.15,0
2026-08-13 09:50:00,57687.05,57729.9,57686.0,57717.1,0
2026-08-13 09:51:00,57717.9,57720.45,57696.75,57699.3,0
2026-08-13 09:52:00,57700.7,57703.8,57669.4,57672.95,0
2026-08-13 09:53:00,57673.3,57695.5,57667.45,57689.2,0
2026-08-13 09:54:00,57692.75,57704.4,57691.2,57704.4,0
2026-08-13 09:55:00,57707.4,57715.85,57691.25,57696.25,0
2026-08-13 09:56:00,57697.2,57699.55,57681.85,57688.35,0
2026-08-13 09:57:00,57689.55,57689.55,57673.1,57680.65,0
2026-08-13 09:58:00,57678.4,57689.75,57669.55,57687.95,0
2026-08-13 09:59:00,57688.8,57704.8,57687.4,57698.0,0
2026-08-13 10:00:00,57698.55,57702.45,57684.7,57685.25,0
2026-08-13 10:01:00,57685.7,57688.45,57676.35,57681.5,0
2026-08-13 10:02:00,57682.85,57682.85,57671.85,57674.65,0
2026-08-13 10:03:00,57677.85,57693.0,57669.85,57688.85,0
2026-08-13 10:04:00,57689.15,57693.4,57667.0,57668.75,0
2026-08-13 10:05:00,57672.85,57676.85,57662.05,57670.55,0
2026-08-13 10:06:00,57673.25,57674.6,57664.0,57670.0,0
2026-08-13 10:07:00,57674.3,57675.9,57664.4,57667.1,0
2026-08-13 10:08:00,57668.95,57670.15,57645.9,57651.2,0
2026-08-13 10:09:00,57651.75,57686.1,57643.2,57660.15,0
2026-08-13 10:10:00,57663.65,57673.45,57651.45,57661.15,0
2026-08-13 10:11:00,57664.95,57666.35,57628.25,57630.2,0
2026-08-13 10:12:00,57630.95,57630.95,57610.85,57622.6,0
2026-08-13 10:13:00,57626.2,57634.3,57613.7,57617.45,0
2026-08-13 10:14:00,57618.6,57619.95,57603.95,57611.7,0
2026-08-13 10:15:00,57613.4,57620.05,57606.3,57607.6,0
2026-08-13 10:16:00,57608.25,57608.25,57583.55,57589.55,0
2026-08-13 10:17:00,57592.05,57592.3,57574.7,57581.4,0
2026-08-13 10:18:00,57586.5,57592.85,57579.9,57585.45,0
2026-08-13 10:19:00,57588.5,57593.5,57581.9,57586.55,0
2026-08-13 10:20:00,57588.6,57590.65,57572.05,57581.9,0
2026-08-13 10:21:00,57580.3,57605.8,57580.3,57604.0,0
2026-08-13 10:22:00,57603.2,57608.15,57598.2,57606.55,0
2026-08-13 10:23:00,57608.45,57608.45,57586.0,57587.05,0
2026-08-13 10:24:00,57591.15,57592.6,57579.65,57588.35,0
2026-08-13 10:25:00,57590.35,57600.95,57588.45,57593.7,0
2026-08-13 10:26:00,57593.75,57604.35,57591.8,57603.5,0
2026-08-13 10:27:00,57604.65,57605.15,57592.2,57600.9,0
2026-08-13 10:28:00,57600.3,57601.6,57586.6,57591.7,0
2026-08-13 10:29:00,57593.85,57599.9,57577.9,57581.85,0
2026-08-13 10:30:00,57582.75,57583.95,57554.05,57556.15,0
2026-08-13 10:31:00,57561.25,57577.5,57554.8,57572.65,0
2026-08-13 10:32:00,57575.25,57592.1,57571.95,57589.4,0
2026-08-13 10:33:00,57595.6,57601.0,57584.55,57587.8,0
2026-08-13 10:34:00,57589.75,57590.7,57577.4,57589.7,0
2026-08-13 10:35:00,57590.0,57593.55,57583.15,57589.1,0
2026-08-13 10:36:00,57587.65,57590.7,57579.25,57584.6,0
2026-08-13 10:37:00,57583.9,57588.95,57577.8,57583.1,0
2026-08-13 10:38:00,57587.6,57587.6,57566.45,57575.4,0
2026-08-13 10:39:00,57578.3,57578.8,57570.35,57574.45,0
2026-08-13 10:40:00,57574.55,57577.15,57568.8,57573.1,0
2026-08-13 10:41:00,57575.0,57590.05,57565.9,57589.5,0
2026-08-13 10:42:00,57587.95,57601.9,57585.95,57599.1,0
2026-08-13 10:43:00,57601.05,57601.2,57577.8,57588.15,0
2026-08-13 10:44:00,57588.55,57602.45,57581.75,57601.3,0
2026-08-13 10:45:00,57602.45,57603.05,57587.55,57596.5,0
2026-08-13 10:46:00,57597.75,57612.05,57592.15,57607.7,0
2026-08-13 10:47:00,57609.85,57620.85,57605.35,57617.05,0
2026-08-13 10:48:00,57618.65,57627.5,57611.9,57623.95,0
2026-08-13 10:49:00,57625.35,57632.4,57620.75,57629.9,0
2026-08-13 10:50:00,57631.55,57635.35,57621.9,57631.65,0
2026-08-13 10:51:00,57632.2,57639.45,57627.95,57639.0,0
2026-08-13 10:52:00,57639.6,57648.05,57634.1,57635.1,0
2026-08-13 10:53:00,57641.7,57645.9,57632.15,57641.75,0
2026-08-13 10:54:00,57643.2,57651.65,57634.75,57645.6,0
2026-08-13 10:55:00,57647.1,57650.1,57638.25,57645.55,0
2026-08-13 10:56:00,57648.05,57656.15,57644.55,57652.3,0
2026-08-13 10:57:00,57654.1,57655.1,57645.3,57649.2,0
2026-08-13 10:58:00,57649.45,57650.65,57634.75,57635.55,0
2026-08-13 10:59:00,57637.7,57641.0,57632.1,57634.2,0
2026-08-13 11:00:00,57638.75,57639.8,57620.5,57623.55,0
2026-08-13 11:01:00,57626.2,57627.05,57598.2,57600.1,0
2026-08-13 11:02:00,57603.05,57604.05,57591.45,57602.4,0
2026-08-13 11:03:00,57603.1,57608.85,57591.1,57595.4,0
2026-08-13 11:04:00,57597.1,57597.75,57578.8,57583.25,0
2026-08-13 11:05:00,57583.7,57590.35,57573.0,57579.7,0
2026-08-13 11:06:00,57579.55,57579.55,57565.65,57571.0,0
2026-08-13 11:07:00,57575.6,57575.95,57563.35,57574.4,0
2026-08-13 11:08:00,57574.9,57582.0,57570.25,57580.4,0
2026-08-13 11:09:00,57581.3,57600.5,57581.05,57595.45,0
2026-08-13 11:10:00,57599.2,57600.85,57591.55,57596.15,0
2026-08-13 11:11:00,57599.25,57601.05,57589.35,57593.25,0
2026-08-13 11:12:00,57595.0,57595.45,57580.2,57584.3,0
2026-08-13 11:13:00,57584.95,57588.65,57577.3,57580.95,0
2026-08-13 11:14:00,57583.5,57584.7,57571.3,57573.45,0
2026-08-13 11:15:00,57574.15,57575.9,57557.1,57561.3,0
2026-08-13 11:16:00,57562.3,57562.45,57551.95,57556.25,0
2026-08-13 11:17:00,57557.6,57562.2,57553.3,57561.15,0
2026-08-13 11:18:00,57563.45,57572.2,57560.25,57568.65,0
2026-08-13 11:19:00,57571.9,57575.7,57566.1,57570.7,0
2026-08-13 11:20:00,57572.95,57574.15,57563.6,57568.9,0
2026-08-13 11:21:00,57569.45,57570.6,57548.6,57555.6,0
2026-08-13 11:22:00,57560.3,57577.55,57557.15,57576.25,0
2026-08-13 11:23:00,57575.55,57584.25,57568.45,57568.95,0
2026-08-13 11:24:00,57571.7,57578.15,57565.5,57576.0,0
2026-08-13 11:25:00,57574.0,57593.4,57571.65,57591.5,0
2026-08-13 11:26:00,57591.8,57596.85,57584.45,57592.6,0
2026-08-13 11:27:00,57592.6,57595.4,57585.85,57595.0,0
2026-08-13 11:28:00,57594.65,57599.95,57586.35,57598.8,0
2026-08-13 11:29:00,57599.1,57601.75,57591.75,57595.0,0
2026-08-13 11:30:00,57596.3,57600.45,57588.4,57590.5,0
2026-08-13 11:31:00,57592.75,57602.0,57589.8,57598.85,0
2026-08-13 11:32:00,57600.1,57605.35,57592.7,57599.95,0
2026-08-13 11:33:00,57600.5,57605.05,57590.35,57594.9,0
2026-08-13 11:34:00,57598.0,57602.8,57589.85,57594.55,0
2026-08-13 11:35:00,57598.0,57610.05,57595.25,57608.1,0
2026-08-13 11:36:00,57609.25,57627.3,57604.75,57620.4,0
2026-08-13 11:37:00,57623.15,57628.2,57615.2,57619.45,0
2026-08-13 11:38:00,57620.7,57624.3,57609.3,57612.7,0
2026-08-13 11:39:00,57614.15,57626.8,57610.3,57624.4,0
2026-08-13 11:40:00,57627.85,57634.8,57622.15,57624.35,0
2026-08-13 11:41:00,57625.65,57626.65,57611.95,57615.2,0
2026-08-13 11:42:00,57616.9,57617.45,57603.15,57604.6,0
2026-08-13 11:43:00,57607.95,57614.35,57598.9,57601.6,0
2026-08-13 11:44:00,57606.35,57612.0,57593.9,57610.15,0
2026-08-13 11:45:00,57611.35,57631.8,57610.15,57617.55,0
2026-08-13 11:46:00,57617.7,57620.75,57600.35,57602.7,0
2026-08-13 11:47:00,57603.95,57607.7,57597.8,57599.4,0
2026-08-13 11:48:00,57601.35,57602.05,57593.35,57593.95,0
2026-08-13 11:49:00,57598.25,57598.7,57581.9,57592.15,0
2026-08-13 11:50:00,57594.0,57596.25,57585.4,57593.3,0
2026-08-13 11:51:00,57595.55,57605.75,57590.7,57603.15,0
2026-08-13 11:52:00,57604.3,57612.9,57599.55,57607.3,0
2026-08-13 11:53:00,57606.85,57616.65,57606.8,57613.85,0
2026-08-13 11:54:00,57614.25,57614.25,57598.85,57604.6,0
2026-08-13 11:55:00,57606.35,57608.35,57591.4,57601.15,0
2026-08-13 11:56:00,57604.2,57604.2,57585.15,57595.95,0
2026-08-13 11:57:00,57598.9,57609.6,57589.75,57607.5,0
2026-08-13 11:58:00,57607.5,57625.7,57603.55,57624.7,0
2026-08-13 11:59:00,57626.1,57648.3,57617.25,57646.05,0
2026-08-13 12:00:00,57648.8,57693.7,57639.55,57686.95,0
2026-08-13 12:01:00,57687.45,57695.1,57679.05,57684.6,0
2026-08-13 12:02:00,57687.65,57705.25,57681.65,57698.8,0
2026-08-13 12:03:00,57697.6,57703.9,57684.55,57701.25,0
2026-08-13 12:04:00,57701.75,57706.5,57688.35,57688.95,0
2026-08-13 12:05:00,57692.3,57692.3,57676.3,57679.7,0
2026-08-13 12:06:00,57685.65,57685.65,57669.35,57681.2,0
2026-08-13 12:07:00,57683.4,57690.15,57674.45,57681.45,0
2026-08-13 12:08:00,57684.9,57690.0,57670.6,57673.75,0
2026-08-13 12:09:00,57678.2,57678.2,57663.35,57667.3,0
2026-08-13 12:10:00,57669.85,57673.1,57659.1,57664.9,0
2026-08-13 12:11:00,57668.7,57668.7,57646.55,57650.55,0
2026-08-13 12:12:00,57655.4,57655.4,57639.35,57641.55,0
2026-08-13 12:13:00,57642.8,57647.85,57635.95,57644.25,0
2026-08-13 12:14:00,57645.2,57661.1,57644.1,57658.8,0
2026-08-13 12:15:00,57660.65,57675.35,57653.65,57667.45,0
2026-08-13 12:16:00,57666.8,57674.35,57648.35,57648.35,0
2026-08-13 12:17:00,57649.65,57652.9,57616.4,57619.8,0
2026-08-13 12:18:00,57624.25,57627.35,57609.6,57615.85,0
2026-08-13 12:19:00,57619.05,57628.4,57617.8,57622.85,0
2026-08-13 12:20:00,57624.95,57627.05,57617.2,57620.1,0
2026-08-13 12:21:00,57623.75,57623.75,57612.3,57613.85,0
2026-08-13 12:22:00,57616.45,57630.2,57612.25,57627.8,0
2026-08-13 12:23:00,57630.5,57645.25,57626.15,57645.15,0
2026-08-13 12:24:00,57644.9,57648.5,57632.05,57642.15,0
2026-08-13 12:25:00,57643.9,57659.9,57640.5,57653.45,0
2026-08-13 12:26:00,57656.35,57668.7,57653.45,57660.45,0
2026-08-13 12:27:00,57662.55,57668.2,57648.7,57655.3,0
2026-08-13 12:28:00,57655.3,57665.4,57655.15,57655.75,0
2026-08-13 12:29:00,57658.85,57665.75,57649.1,57661.85,0
2026-08-13 12:30:00,57666.55,57670.15,57658.7,57662.5,0
2026-08-13 12:31:00,57664.1,57670.9,57650.65,57660.15,0
2026-08-13 12:32:00,57662.9,57664.55,57650.6,57658.45,0
2026-08-13 12:33:00,57661.95,57671.15,57657.8,57665.6,0
2026-08-13 12:34:00,57667.25,57670.05,57658.9,57662.5,0
2026-08-13 12:35:00,57664.9,57668.0,57656.9,57664.55,0
2026-08-13 12:36:00,57667.75,57669.2,57660.5,57665.5,0
2026-08-13 12:37:00,57668.05,57669.2,57658.75,57662.6,0
2026-08-13 12:38:00,57665.15,57666.15,57641.2,57651.2,0
2026-08-13 12:39:00,57651.25,57651.6,57638.35,57643.55,0
2026-08-13 12:40:00,57645.4,57660.05,57643.3,57659.35,0
2026-08-13 12:41:00,57660.5,57671.0,57651.65,57653.35,0
2026-08-13 12:42:00,57653.1,57661.25,57647.45,57656.35,0
2026-08-13 12:43:00,57658.7,57658.8,57643.15,57649.6,0
2026-08-13 12:44:00,57650.9,57659.6,57648.55,57654.4,0
2026-08-13 12:45:00,57655.95,57656.65,57639.8,57643.9,0
2026-08-13 12:46:00,57646.75,57651.4,57629.15,57645.45,0
2026-08-13 12:47:00,57651.4,57651.4,57638.95,57641.05,0
2026-08-13 12:48:00,57643.3,57646.45,57630.7,57632.9,0
2026-08-13 12:49:00,57633.75,57648.25,57633.45,57643.35,0
2026-08-13 12:50:00,57644.3,57645.95,57629.45,57631.9,0
2026-08-13 12:51:00,57632.2,57633.3,57615.3,57622.55,0
2026-08-13 12:52:00,57624.95,57631.55,57620.4,57625.75,0
2026-08-13 12:53:00,57626.7,57638.7,57617.75,57626.2,0
2026-08-13 12:54:00,57630.9,57631.2,57620.6,57627.85,0
2026-08-13 12:55:00,57629.8,57634.1,57625.55,57631.75,0
2026-08-13 12:56:00,57634.45,57634.45,57613.65,57617.3,0
2026-08-13 12:57:00,57618.25,57618.25,57602.35,57602.9,0
2026-08-13 12:58:00,57606.6,57609.0,57601.85,57607.75,0
2026-08-13 12:59:00,57608.05,57617.55,57606.3,57615.25,0
2026-08-13 13:00:00,57617.65,57622.7,57614.8,57617.25,0
2026-08-13 13:01:00,57618.75,57620.45,57609.1,57612.55,0
2026-08-13 13:02:00,57617.75,57620.5,57608.8,57614.9,0
2026-08-13 13:03:00,57614.9,57617.2,57604.0,57610.35,0
2026-08-13 13:04:00,57611.3,57613.15,57592.3,57599.7,0
2026-08-13 13:05:00,57602.3,57609.05,57594.55,57605.4,0
2026-08-13 13:06:00,57607.1,57612.95,57601.2,57610.3,0
2026-08-13 13:07:00,57609.1,57615.6,57599.95,57607.85,0
2026-08-13 13:08:00,57608.05,57610.2,57599.7,57603.7,0
2026-08-13 13:09:00,57607.65,57619.8,57602.45,57617.9,0
2026-08-13 13:10:00,57618.3,57627.7,57613.55,57620.55,0
2026-08-13 13:11:00,57622.45,57624.85,57594.6,57599.35,0
2026-08-13 13:12:00,57601.3,57604.4,57588.15,57596.4,0
2026-08-13 13:13:00,57597.0,57600.15,57574.05,57582.15,0
2026-08-13 13:14:00,57582.15,57594.0,57575.6,57589.65,0
2026-08-13 13:15:00,57592.5,57592.5,57557.45,57558.95,0
2026-08-13 13:16:00,57568.3,57576.95,57563.0,57576.6,0
2026-08-13 13:17:00,57577.55,57602.7,57575.5,57594.6,0
2026-08-13 13:18:00,57595.7,57595.7,57572.6,57576.65,0
2026-08-13 13:19:00,57580.75,57582.4,57561.1,57564.25,0
2026-08-13 13:20:00,57565.95,57577.3,57560.5,57574.45,0
2026-08-13 13:21:00,57577.45,57585.1,57572.2,57582.2,0
2026-08-13 13:22:00,57584.8,57586.95,57574.95,57574.95,0
2026-08-13 13:23:00,57578.45,57579.95,57565.1,57567.85,0
2026-08-13 13:24:00,57567.35,57587.75,57565.85,57586.95,0
2026-08-13 13:25:00,57587.3,57587.3,57565.3,57573.0,0
2026-08-13 13:26:00,57574.3,57580.6,57563.85,57574.45,0
2026-08-13 13:27:00,57577.7,57585.7,57570.95,57582.35,0
2026-08-13 13:28:00,57584.85,57584.85,57572.85,57572.85,0
2026-08-13 13:29:00,57574.95,57579.85,57569.25,57576.9,0
2026-08-13 13:30:00,57579.8,57580.5,57559.25,57562.1,0
2026-08-13 13:31:00,57561.55,57574.0,57553.25,57572.15,0
2026-08-13 13:32:00,57570.4,57593.1,57566.5,57590.7,0
2026-08-13 13:33:00,57591.4,57602.2,57588.6,57589.25,0
2026-08-13 13:34:00,57590.6,57594.7,57567.65,57573.25,0
2026-08-13 13:35:00,57575.15,57588.75,57568.65,57580.85,0
2026-08-13 13:36:00,57581.5,57583.0,57573.85,57579.95,0
2026-08-13 13:37:00,57579.95,57589.55,57572.35,57583.85,0
2026-08-13 13:38:00,57583.85,57592.55,57576.55,57590.1,0
2026-08-13 13:39:00,57591.35,57601.05,57583.45,57597.0,0
2026-08-13 13:40:00,57597.95,57601.05,57592.5,57595.95,0
2026-08-13 13:41:00,57599.8,57599.8,57586.85,57592.8,0
2026-08-13 13:42:00,57595.2,57602.85,57593.9,57600.55,0
2026-08-13 13:43:00,57603.4,57626.7,57599.15,57621.25,0
2026-08-13 13:44:00,57624.85,57636.65,57615.75,57623.15,0
2026-08-13 13:45:00,57625.5,57625.7,57613.7,57621.1,0
2026-08-13 13:46:00,57622.75,57625.85,57618.2,57625.25,0
2026-08-13 13:47:00,57627.5,57649.35,57621.3,57639.9,0
2026-08-13 13:48:00,57641.95,57641.95,57602.35,57602.4,0
2026-08-13 13:49:00,57608.5,57619.85,57592.05,57616.1,0
2026-08-13 13:50:00,57618.6,57622.25,57599.45,57608.5,0
2026-08-13 13:51:00,57609.15,57612.4,57597.45,57608.25,0
2026-08-13 13:52:00,57608.4,57618.2,57602.05,57615.8,0
2026-08-13 13:53:00,57614.1,57618.8,57606.7,57615.55,0
2026-08-13 13:54:00,57617.45,57626.5,57611.2,57618.3,0
2026-08-13 13:55:00,57622.75,57637.3,57617.25,57632.7,0
2026-08-13 13:56:00,57636.8,57643.45,57629.25,57638.65,0
2026-08-13 13:57:00,57637.5,57638.85,57625.4,57634.55,0
2026-08-13 13:58:00,57638.45,57640.15,57623.15,57630.7,0
2026-08-13 13:59:00,57631.6,57653.2,57627.5,57650.3,0
2026-08-13 14:00:00,57650.65,57654.35,57628.95,57633.15,0
2026-08-13 14:01:00,57633.7,57634.85,57610.4,57617.45,0
2026-08-13 14:02:00,57616.9,57625.5,57612.15,57625.5,0
2026-08-13 14:03:00,57626.75,57632.05,57613.75,57630.65,0
2026-08-13 14:04:00,57632.6,57640.3,57625.9,57627.1,0
2026-08-13 14:05:00,57629.45,57631.8,57614.95,57616.1,0
2026-08-13 14:06:00,57620.75,57621.05,57600.75,57602.55,0
2026-08-13 14:07:00,57605.0,57605.65,57596.15,57597.1,0
2026-08-13 14:08:00,57599.55,57603.65,57589.25,57589.55,0
2026-08-13 14:09:00,57592.85,57592.85,57580.7,57589.2,0
2026-08-13 14:10:00,57591.75,57593.75,57584.7,57588.1,0
2026-08-13 14:11:00,57590.75,57596.9,57584.6,57588.3,0
2026-08-13 14:12:00,57590.6,57593.15,57578.95,57583.25,0
2026-08-13 14:13:00,57587.35,57587.7,57573.4,57574.45,0
2026-08-13 14:14:00,57576.1,57590.15,57567.3,57583.3,0
2026-08-13 14:15:00,57583.55,57584.85,57571.45,57578.65,0
2026-08-13 14:16:00,57579.2,57585.3,57573.95,57580.7,0
2026-08-13 14:17:00,57581.9,57582.05,57565.05,57568.1,0
2026-08-13 14:18:00,57568.55,57571.95,57556.45,57557.45,0
2026-08-13 14:19:00,57560.75,57588.45,57554.15,57584.5,0
2026-08-13 14:20:00,57588.95,57598.8,57586.0,57593.9,0
2026-08-13 14:21:00,57592.5,57615.95,57590.55,57615.2,0
2026-08-13 14:22:00,57616.0,57619.85,57604.55,57608.15,0
2026-08-13 14:23:00,57609.55,57613.95,57604.05,57605.85,0
2026-08-13 14:24:00,57607.55,57614.3,57602.55,57608.25,0
2026-08-13 14:25:00,57608.45,57614.3,57601.3,57602.95,0
2026-08-13 14:26:00,57604.05,57618.35,57594.8,57617.45,0
2026-08-13 14:27:00,57618.0,57624.0,57611.25,57617.35,0
2026-08-13 14:28:00,57619.1,57622.9,57603.25,57606.55,0
2026-08-13 14:29:00,57610.05,57621.45,57593.65,57613.4,0
2026-08-13 14:30:00,57616.3,57645.1,57611.8,57630.0,0
2026-08-13 14:31:00,57633.8,57635.2,57618.45,57622.0,0
2026-08-13 14:32:00,57626.7,57626.7,57598.6,57598.6,0
2026-08-13 14:33:00,57604.2,57608.2,57596.9,57597.2,0
2026-08-13 14:34:00,57601.1,57604.25,57594.1,57600.1,0
2026-08-13 14:35:00,57603.9,57603.9,57591.4,57591.4,0
2026-08-13 14:36:00,57595.95,57605.0,57584.55,57600.6,0
2026-08-13 14:37:00,57601.0,57610.85,57597.35,57607.55,0
2026-08-13 14:38:00,57608.85,57611.9,57602.9,57608.25,0
2026-08-13 14:39:00,57610.35,57613.7,57603.2,57607.65,0
2026-08-13 14:40:00,57608.3,57617.7,57604.65,57613.2,0
2026-08-13 14:41:00,57614.05,57618.65,57604.7,57613.0,0
2026-08-13 14:42:00,57613.75,57619.85,57610.05,57610.05,0
2026-08-13 14:43:00,57613.95,57613.95,57598.05,57601.05,0
2026-08-13 14:44:00,57602.9,57607.9,57592.7,57597.5,0
2026-08-13 14:45:00,57602.25,57605.7,57589.8,57599.85,0
2026-08-13 14:46:00,57600.7,57611.75,57592.0,57609.25,0
2026-08-13 14:47:00,57610.95,57614.65,57600.25,57600.7,0
2026-08-13 14:48:00,57601.25,57605.3,57590.1,57595.9,0
2026-08-13 14:49:00,57597.4,57608.35,57594.0,57600.75,0
2026-08-13 14:50:00,57605.0,57625.75,57603.4,57614.55,0
2026-08-13 14:51:00,57615.9,57615.9,57596.05,57603.85,0
2026-08-13 14:52:00,57602.85,57611.35,57599.3,57603.4,0
2026-08-13 14:53:00,57602.4,57607.3,57589.2,57599.65,0
2026-08-13 14:54:00,57598.85,57609.4,57592.55,57601.7,0
2026-08-13 14:55:00,57603.1,57612.2,57594.05,57594.05,0
2026-08-13 14:56:00,57594.8,57604.3,57592.6,57597.3,0
2026-08-13 14:57:00,57597.85,57601.5,57590.45,57598.65,0
2026-08-13 14:58:00,57598.95,57607.7,57570.2,57571.0,0
2026-08-13 14:59:00,57572.35,57593.7,57571.45,57584.9,0
2026-08-13 15:00:00,57587.6,57589.7,57580.1,57585.25,0
2026-08-13 15:01:00,57586.75,57602.65,57586.75,57601.45,0
2026-08-13 15:02:00,57601.05,57619.25,57597.15,57611.85,0
2026-08-13 15:03:00,57612.5,57614.35,57587.25,57603.2,0
2026-08-13 15:04:00,57601.2,57612.3,57592.4,57596.7,0
2026-08-13 15:05:00,57598.95,57598.95,57569.0,57581.75,0
2026-08-13 15:06:00,57586.05,57598.1,57580.2,57587.4,0
2026-08-13 15:07:00,57591.9,57592.35,57581.35,57589.5,0
2026-08-13 15:08:00,57589.85,57596.2,57582.2,57591.5,0
2026-08-13 15:09:00,57593.4,57605.6,57576.0,57599.0,0
2026-08-13 15:10:00,57596.0,57607.75,57580.9,57599.75,0
2026-08-13 15:11:00,57601.05,57603.95,57589.8,57594.0,0
2026-08-13 15:12:00,57595.4,57612.0,57578.0,57600.5,0
2026-08-13 15:13:00,57610.25,57620.35,57596.1,57617.3,0
2026-08-13 15:14:00,57621.6,57621.6,57585.7,57591.0,0
2026-08-13 15:15:00,57591.0,57591.0,57591.0,57591.0,0
2026-08-13 15:16:00,57591.0,57591.0,57591.0,57591.0,0
2026-08-13 15:17:00,57591.0,57591.0,57591.0,57591.0,0
2026-08-13 15:18:00,57591.0,57591.0,57591.0,57591.0,0
2026-08-13 15:19:00,57591.0,57591.0,57591.0,57591.0,0
2026-08-13 15:20:00,57591.0,57591.0,57591.0,57591.0,0
2026-08-13 15:21:00,57591.0,57591.0,57591.0,57591.0,0
2026-08-13 15:22:00,57591.0,57591.0,57591.0,57591.0,0
2026-08-13 15:23:00,57591.0,57591.0,57591.0,57591.0,0
2026-08-13 15:24:00,57591.0,57591.0,57591.0,57591.0,0
2026-08-13 15:25:00,57591.0,57591.0,57591.0,57591.0,0
2026-08-13 15:26:00,57591.0,57591.0,57591.0,57591.0,0
2026-08-13 15:27:00,57591.0,57591.0,57591.0,57591.0,0
2026-08-13 15:28:00,57591.0,57591.0,57591.0,57591.0,0
2026-08-13 15:29:00,57591.0,57635.25,57591.0,57635.25,0
2026-08-14 09:15:00,57589.75,57604.7,57501.5,57538.45,0
2026-08-14 09:16:00,57534.5,57553.3,57494.9,57546.85,0
2026-08-14 09:17:00,57544.8,57563.25,57524.4,57559.75,0
2026-08-14 09:18:00,57563.15,57587.4,57540.85,57540.85,0
2026-08-14 09:19:00,57546.7,57550.2,57530.2,57544.25,0
2026-08-14 09:20:00,57542.25,57553.5,57527.05,57530.05,0
2026-08-14 09:21:00,57528.3,57529.4,57491.35,57502.6,0
2026-08-14 09:22:00,57500.35,57520.15,57490.15,57505.6,0
2026-08-14 09:23:00,57507.0,57523.5,57497.05,57516.6,0
2026-08-14 09:24:00,57515.9,57547.45,57509.3,57516.3,0
2026-08-14 09:25:00,57517.25,57525.95,57498.1,57517.1,0
2026-08-14 09:26:00,57518.4,57532.15,57512.05,57528.55,0
2026-08-14 09:27:00,57529.85,57539.35,57512.25,57526.9,0
2026-08-14 09:28:00,57527.2,57534.2,57498.45,57502.35,0
2026-08-14 09:29:00,57504.6,57510.5,57482.1,57489.9,0
2026-08-14 09:30:00,57493.45,57498.95,57476.35,57478.95,0
2026-08-14 09:31:00,57477.6,57487.0,57460.6,57485.15,0
2026-08-14 09:32:00,57482.75,57518.5,57478.2,57488.7,0
2026-08-14 09:33:00,57490.1,57561.5,57487.6,57556.8,0
2026-08-14 09:34:00,57558.8,57559.1,57512.75,57514.4,0
2026-08-14 09:35:00,57517.3,57521.2,57506.05,57519.05,0
2026-08-14 09:36:00,57520.9,57536.1,57517.7,57527.75,0
2026-08-14 09:37:00,57527.95,57536.65,57518.6,57531.85,0
2026-08-14 09:38:00,57533.8,57562.95,57533.8,57545.95,0
2026-08-14 09:39:00,57548.3,57556.3,57539.45,57549.1,0
2026-08-14 09:40:00,57549.25,57568.6,57540.85,57560.25,0
2026-08-14 09:41:00,57563.1,57565.65,57537.5,57563.0,0
2026-08-14 09:42:00,57563.45,57564.75,57550.85,57553.75,0
2026-08-14 09:43:00,57558.35,57558.9,57536.5,57543.75,0
2026-08-14 09:44:00,57542.0,57562.3,57534.05,57562.3,0
2026-08-14 09:45:00,57562.05,57566.65,57548.95,57565.95,0
2026-08-14 09:46:00,57566.4,57608.95,57566.4,57607.65,0
2026-08-14 09:47:00,57608.05,57615.85,57592.9,57608.9,0
2026-08-14 09:48:00,57610.3,57616.25,57596.35,57613.85,0
2026-08-14 09:49:00,57615.25,57617.3,57599.25,57606.15,0
2026-08-14 09:50:00,57606.4,57619.2,57598.6,57608.9,0
2026-08-14 09:51:00,57608.55,57613.1,57587.3,57592.6,0
2026-08-14 09:52:00,57589.35,57596.45,57576.05,57589.6,0
2026-08-14 09:53:00,57590.9,57597.25,57574.3,57578.65,0
2026-08-14 09:54:00,57577.45,57580.3,57540.65,57547.9,0
2026-08-14 09:55:00,57546.6,57573.9,57536.35,57569.3,0
2026-08-14 09:56:00,57569.15,57588.1,57569.15,57580.4,0
2026-08-14 09:57:00,57579.05,57583.15,57566.4,57568.0,0
2026-08-14 09:58:00,57568.3,57587.0,57566.85,57582.85,0
2026-08-14 09:59:00,57581.25,57608.95,57581.25,57604.7,0
2026-08-14 10:00:00,57602.75,57603.7,57580.35,57590.25,0
2026-08-14 10:01:00,57591.25,57592.6,57575.0,57588.45,0
2026-08-14 10:02:00,57588.05,57605.75,57583.4,57598.0,0
2026-08-14 10:03:00,57596.15,57601.5,57583.95,57591.1,0
2026-08-14 10:04:00,57588.45,57594.5,57584.25,57592.05,0
2026-08-14 10:05:00,57591.1,57593.85,57579.9,57592.35,0
2026-08-14 10:06:00,57588.95,57593.6,57573.3,57579.8,0
2026-08-14 10:07:00,57580.35,57617.25,57579.15,57613.55,0
2026-08-14 10:08:00,57610.25,57621.9,57602.25,57621.9,0
2026-08-14 10:09:00,57618.15,57644.55,57612.7,57637.25,0
2026-08-14 10:10:00,57636.45,57675.0,57634.5,57675.0,0
2026-08-14 10:11:00,57674.05,57681.45,57646.2,57648.7,0
2026-08-14 10:12:00,57648.5,57650.35,57627.8,57632.0,0
2026-08-14 10:13:00,57631.65,57637.75,57620.1,57626.8,0
2026-08-14 10:14:00,57629.9,57637.3,57620.4,57633.5,0
2026-08-14 10:15:00,57630.4,57634.55,57612.8,57619.7,0
2026-08-14 10:16:00,57623.15,57624.1,57610.05,57614.8,0
2026-08-14 10:17:00,57616.4,57618.45,57596.95,57606.6,0
2026-08-14 10:18:00,57608.95,57612.0,57580.7,57580.7,0
2026-08-14 10:19:00,57580.7,57585.7,57553.3,57556.95,0
2026-08-14 10:20:00,57555.6,57571.05,57551.9,57551.9,0
2026-08-14 10:21:00,57553.2,57558.3,57544.6,57547.55,0
2026-08-14 10:22:00,57546.25,57554.55,57545.1,57551.8,0
2026-08-14 10:23:00,57553.45,57556.2,57546.55,57549.15,0
2026-08-14 10:24:00,57552.05,57553.8,57528.8,57534.1,0
2026-08-14 10:25:00,57536.8,57543.6,57524.2,57529.05,0
2026-08-14 10:26:00,57531.2,57534.6,57520.7,57524.2,0
2026-08-14 10:27:00,57522.35,57538.3,57519.9,57531.4,0
2026-08-14 10:28:00,57533.45,57540.6,57523.2,57525.0,0
2026-08-14 10:29:00,57529.2,57531.7,57520.6,57527.65,0
2026-08-14 10:30:00,57528.75,57531.65,57493.15,57498.65,0
2026-08-14 10:31:00,57497.25,57509.2,57438.7,57471.05,0
2026-08-14 10:32:00,57476.55,57495.05,57458.6,57473.15,0
2026-08-14 10:33:00,57477.6,57484.55,57456.0,57478.1,0
2026-08-14 10:34:00,57483.3,57483.3,57466.35,57476.9,0
2026-08-14 10:35:00,57478.2,57501.4,57474.6,57498.85,0
2026-08-14 10:36:00,57498.15,57501.9,57482.15,57488.05,0
2026-08-14 10:37:00,57487.45,57506.25,57479.15,57496.7,0
2026-08-14 10:38:00,57501.2,57518.45,57500.85,57504.2,0
2026-08-14 10:39:00,57505.35,57516.15,57501.3,57514.4,0
2026-08-14 10:40:00,57517.05,57520.8,57494.25,57499.95,0
2026-08-14 10:41:00,57501.55,57503.7,57488.3,57498.6,0
2026-08-14 10:42:00,57503.8,57505.85,57490.95,57500.85,0
2026-08-14 10:43:00,57499.0,57510.6,57493.25,57503.2,0
2026-08-14 10:44:00,57503.2,57511.05,57497.65,57507.4,0
2026-08-14 10:45:00,57507.7,57517.65,57503.2,57516.3,0
2026-08-14 10:46:00,57514.9,57516.75,57494.4,57498.35,0
2026-08-14 10:47:00,57500.05,57504.15,57489.15,57494.45,0
2026-08-14 10:48:00,57491.75,57497.35,57484.9,57493.7,0
2026-08-14 10:49:00,57493.9,57503.75,57488.25,57502.35,0
2026-08-14 10:50:00,57502.4,57507.05,57495.1,57504.9,0
2026-08-14 10:51:00,57504.85,57511.1,57498.4,57508.25,0
2026-08-14 10:52:00,57507.15,57513.85,57502.05,57512.2,0
2026-08-14 10:53:00,57511.45,57514.2,57503.7,57511.4,0
2026-08-14 10:54:00,57514.8,57529.1,57506.1,57513.15,0
2026-08-14 10:55:00,57506.9,57510.8,57496.5,57508.2,0
2026-08-14 10:56:00,57508.25,57510.75,57498.7,57504.1,0
2026-08-14 10:57:00,57506.45,57506.45,57482.2,57490.9,0
2026-08-14 10:58:00,57491.05,57494.5,57476.5,57480.95,0
2026-08-14 10:59:00,57483.3,57484.65,57470.4,57475.15,0
2026-08-14 11:00:00,57476.2,57476.5,57450.6,57455.9,0
2026-08-14 11:01:00,57456.45,57459.45,57445.2,57447.3,0
2026-08-14 11:02:00,57449.1,57469.35,57444.85,57465.45,0
2026-08-14 11:03:00,57467.25,57470.85,57454.85,57470.85,0
2026-08-14 11:04:00,57468.6,57474.15,57457.25,57469.05,0
2026-08-14 11:05:00,57469.95,57476.65,57461.4,57465.9,0
2026-08-14 11:06:00,57471.15,57476.3,57461.85,57474.25,0
2026-08-14 11:07:00,57471.6,57478.45,57463.9,57468.0,0
2026-08-14 11:08:00,57469.5,57472.75,57454.9,57460.25,0
2026-08-14 11:09:00,57460.7,57467.75,57455.8,57466.45,0
2026-08-14 11:10:00,57465.1,57476.25,57461.1,57464.7,0
2026-08-14 11:11:00,57464.5,57468.75,57454.2,57461.4,0
2026-08-14 11:12:00,57463.25,57465.25,57447.45,57455.0,0
2026-08-14 11:13:00,57454.1,57459.25,57444.2,57453.5,0
2026-08-14 11:14:00,57453.6,57461.95,57446.35,57457.05,0
2026-08-14 11:15:00,57458.25,57464.0,57448.5,57462.1,0
2026-08-14 11:16:00,57463.1,57465.35,57448.55,57448.75,0
2026-08-14 11:17:00,57448.95,57454.65,57441.8,57452.45,0
2026-08-14 11:18:00,57449.95,57458.3,57445.05,57458.3,0
2026-08-14 11:19:00,57452.0,57469.85,57450.5,57465.5,0
2026-08-14 11:20:00,57468.5,57473.4,57462.35,57468.65,0
2026-08-14 11:21:00,57470.4,57479.45,57465.45,57470.9,0
2026-08-14 11:22:00,57476.1,57476.1,57453.7,57462.4,0
2026-08-14 11:23:00,57463.15,57466.05,57446.75,57450.1,0
2026-08-14 11:24:00,57453.7,57456.0,57438.55,57448.8,0
2026-08-14 11:25:00,57453.9,57459.45,57441.65,57454.8,0
2026-08-14 11:26:00,57454.85,57454.85,57426.4,57439.6,0
2026-08-14 11:27:00,57442.0,57447.15,57432.4,57437.95,0
2026-08-14 11:28:00,57437.75,57437.75,57410.15,57412.95,0
2026-08-14 11:29:00,57414.15,57414.15,57398.2,57409.0,0
2026-08-14 11:30:00,57408.3,57409.3,57380.45,57400.85,0
2026-08-14 11:31:00,57401.7,57419.8,57397.5,57417.55,0
2026-08-14 11:32:00,57418.5,57422.25,57407.95,57414.95,0
2026-08-14 11:33:00,57413.5,57437.55,57412.0,57431.85,0
2026-08-14 11:34:00,57429.75,57434.55,57417.1,57431.4,0
2026-08-14 11:35:00,57429.95,57436.3,57421.1,57433.4,0
2026-08-14 11:36:00,57434.5,57443.25,57421.9,57424.25,0
2026-08-14 11:37:00,57423.1,57425.65,57396.7,57403.8,0
2026-08-14 11:38:00,57403.75,57414.4,57398.6,57412.8,0
2026-08-14 11:39:00,57412.3,57441.55,57408.65,57433.4,0
2026-08-14 11:40:00,57439.8,57445.15,57431.95,57439.35,0
2026-08-14 11:41:00,57435.25,57447.3,57433.5,57439.15,0
2026-08-14 11:42:00,57440.4,57449.35,57436.9,57447.95,0
2026-08-14 11:43:00,57449.95,57461.85,57447.25,57458.5,0
2026-08-14 11:44:00,57457.8,57462.45,57446.7,57454.85,0
2026-08-14 11:45:00,57456.3,57456.6,57436.4,57439.7,0
2026-08-14 11:46:00,57440.35,57460.7,57437.8,57450.6,0
2026-08-14 11:47:00,57454.0,57458.5,57446.0,57454.1,0
2026-08-14 11:48:00,57454.55,57457.9,57437.1,57446.5,0
2026-08-14 11:49:00,57445.05,57446.5,57424.75,57430.45,0
2026-08-14 11:50:00,57428.4,57431.15,57417.8,57428.0,0
2026-08-14 11:51:00,57430.55,57434.75,57421.75,57428.55,0
2026-08-14 11:52:00,57430.2,57437.1,57419.85,57436.15,0
2026-08-14 11:53:00,57436.45,57453.8,57432.4,57450.65,0
2026-08-14 11:54:00,57443.05,57459.2,57424.25,57424.25,0
2026-08-14 11:55:00,57421.35,57432.6,57417.05,57428.25,0
2026-08-14 11:56:00,57427.15,57432.9,57418.95,57421.85,0
2026-08-14 11:57:00,57421.85,57424.8,57406.4,57417.65,0
2026-08-14 11:58:00,57415.6,57421.6,57412.25,57417.45,0
2026-08-14 11:59:00,57416.75,57428.6,57414.45,57421.8,0
2026-08-14 12:00:00,57426.7,57428.95,57414.75,57418.05,0
2026-08-14 12:01:00,57416.95,57419.95,57404.35,57409.1,0
2026-08-14 12:02:00,57409.15,57415.7,57400.65,57412.75,0
2026-08-14 12:03:00,57413.05,57413.3,57400.45,57406.3,0
2026-08-14 12:04:00,57407.15,57409.3,57385.45,57388.9,0
2026-08-14 12:05:00,57389.5,57408.4,57385.45,57407.85,0
2026-08-14 12:06:00,57402.1,57426.45,57401.0,57424.0,0
2026-08-14 12:07:00,57425.1,57430.75,57411.5,57426.75,0
2026-08-14 12:08:00,57425.45,57429.75,57407.15,57411.3,0
2026-08-14 12:09:00,57412.3,57424.4,57405.0,57413.25,0
2026-08-14 12:10:00,57414.8,57422.5,57409.05,57421.25,0
2026-08-14 12:11:00,57420.05,57451.6,57416.5,57443.8,0
2026-08-14 12:12:00,57448.25,57455.45,57443.5,57443.5,0
2026-08-14 12:13:00,57448.25,57451.9,57441.9,57449.35,0
2026-08-14 12:14:00,57448.45,57457.9,57445.1,57457.55,0
2026-08-14 12:15:00,57459.15,57460.3,57450.95,57454.15,0
2026-08-14 12:16:00,57456.45,57462.8,57451.9,57461.6,0
2026-08-14 12:17:00,57464.55,57467.1,57446.6,57450.2,0
2026-08-14 12:18:00,57445.7,57455.65,57443.4,57454.35,0
2026-08-14 12:19:00,57453.4,57464.5,57446.1,57463.2,0
2026-08-14 12:20:00,57462.1,57464.9,57456.0,57462.25,0
2026-08-14 12:21:00,57461.3,57481.9,57459.65,57468.9,0
2026-08-14 12:22:00,57467.35,57482.05,57464.95,57479.0,0
2026-08-14 12:23:00,57476.2,57486.25,57470.2,57483.9,0
2026-08-14 12:24:00,57481.2,57492.5,57477.7,57487.55,0
2026-08-14 12:25:00,57488.45,57495.15,57477.05,57483.3,0
2026-08-14 12:26:00,57482.65,57482.65,57463.65,57470.1,0
2026-08-14 12:27:00,57468.75,57477.5,57459.6,57469.7,0
2026-08-14 12:28:00,57473.0,57475.95,57459.0,57468.35,0
2026-08-14 12:29:00,57468.4,57470.9,57455.95,57466.4,0
2026-08-14 12:30:00,57466.65,57470.1,57458.55,57463.4,0
2026-08-14 12:31:00,57464.7,57468.25,57448.6,57448.6,0
2026-08-14 12:32:00,57451.85,57455.5,57444.1,57445.15,0
2026-08-14 12:33:00,57448.25,57455.95,57443.3,57454.1,0
2026-08-14 12:34:00,57452.95,57468.0,57448.75,57466.45,0
2026-08-14 12:35:00,57465.35,57466.05,57444.0,57451.7,0
2026-08-14 12:36:00,57451.7,57454.9,57434.3,57434.3,0
2026-08-14 12:37:00,57441.85,57454.55,57432.35,57454.55,0
2026-08-14 12:38:00,57451.5,57459.9,57441.95,57445.85,0
2026-08-14 12:39:00,57446.25,57452.1,57441.25,57443.85,0
2026-08-14 12:40:00,57444.15,57446.7,57432.85,57437.6,0
2026-08-14 12:41:00,57437.95,57447.15,57429.7,57432.85,0
2026-08-14 12:42:00,57433.75,57433.75,57411.35,57422.5,0
2026-08-14 12:43:00,57424.5,57428.05,57414.35,57420.25,0
2026-08-14 12:44:00,57419.05,57428.7,57415.8,57422.7,0
2026-08-14 12:45:00,57423.2,57431.0,57416.6,57425.8,0
2026-08-14 12:46:00,57425.75,57433.1,57421.25,57431.25,0
2026-08-14 12:47:00,57428.05,57438.65,57423.75,57429.6,0
2026-08-14 12:48:00,57427.35,57444.75,57423.05,57431.05,0
2026-08-14 12:49:00,57432.35,57439.6,57426.35,57431.5,0
2026-08-14 12:50:00,57430.4,57437.7,57415.55,57434.65,0
2026-08-14 12:51:00,57432.6,57442.0,57428.5,57440.1,0
2026-08-14 12:52:00,57438.6,57449.3,57434.7,57441.0,0
2026-08-14 12:53:00,57444.45,57448.3,57437.3,57441.7,0
2026-08-14 12:54:00,57443.35,57449.65,57438.0,57449.2,0
2026-08-14 12:55:00,57448.05,57455.25,57444.4,57449.8,0
2026-08-14 12:56:00,57446.9,57454.4,57442.3,57448.0,0
2026-08-14 12:57:00,57449.9,57452.8,57437.3,57445.7,0
2026-08-14 12:58:00,57446.95,57446.95,57430.35,57433.8,0
2026-08-14 12:59:00,57433.7,57439.75,57424.85,57439.25,0
2026-08-14 13:00:00,57440.1,57443.45,57431.7,57434.8,0
2026-08-14 13:01:00,57438.1,57443.25,57432.7,57438.1,0
2026-08-14 13:02:00,57436.65,57443.4,57431.25,57443.4,0
2026-08-14 13:03:00,57442.15,57448.6,57436.0,57445.15,0
2026-08-14 13:04:00,57447.5,57453.75,57439.15,57439.85,0
2026-08-14 13:05:00,57441.4,57454.8,57438.4,57450.6,0
2026-08-14 13:06:00,57450.6,57454.0,57438.65,57443.75,0
2026-08-14 13:07:00,57443.6,57448.15,57439.45,57446.35,0
2026-08-14 13:08:00,57444.3,57446.6,57434.9,57441.65,0
2026-08-14 13:09:00,57440.55,57443.45,57432.7,57437.95,0
2026-08-14 13:10:00,57436.6,57465.85,57434.1,57461.3,0
2026-08-14 13:11:00,57461.3,57461.85,57449.75,57460.1,0
2026-08-14 13:12:00,57457.95,57472.55,57451.4,57463.1,0
2026-08-14 13:13:00,57463.0,57473.55,57459.4,57469.45,0
2026-08-14 13:14:00,57468.1,57472.55,57459.95,57469.85,0
2026-08-14 13:15:00,57469.2,57472.8,57463.0,57467.8,0
2026-08-14 13:16:00,57466.0,57468.5,57441.25,57449.5,0
2026-08-14 13:17:00,57449.35,57460.95,57444.95,57451.75,0
2026-08-14 13:18:00,57455.3,57464.7,57448.1,57462.5,0
2026-08-14 13:19:00,57463.6,57464.15,57441.0,57455.15,0
2026-08-14 13:20:00,57451.45,57459.9,57444.65,57459.1,0
2026-08-14 13:21:00,57457.0,57461.8,57450.3,57459.65,0
2026-08-14 13:22:00,57459.7,57466.15,57449.25,57452.75,0
2026-08-14 13:23:00,57454.55,57460.35,57445.2,57447.1,0
2026-08-14 13:24:00,57447.0,57457.05,57443.4,57451.05,0
2026-08-14 13:25:00,57452.15,57455.5,57424.7,57425.7,0
2026-08-14 13:26:00,57427.0,57431.1,57419.8,57427.35,0
2026-08-14 13:27:00,57427.1,57438.4,57424.15,57434.25,0
2026-08-14 13:28:00,57433.25,57439.8,57427.2,57437.0,0
2026-08-14 13:29:00,57436.3,57444.35,57432.0,57434.9,0
2026-08-14 13:30:00,57435.75,57442.0,57421.0,57426.95,0
2026-08-14 13:31:00,57426.35,57431.25,57414.35,57418.1,0
2026-08-14 13:32:00,57418.95,57421.55,57393.1,57399.6,0
2026-08-14 13:33:00,57399.45,57404.35,57393.3,57394.95,0
2026-08-14 13:34:00,57398.8,57403.85,57381.3,57394.05,0
2026-08-14 13:35:00,57393.2,57401.9,57389.1,57397.1,0
2026-08-14 13:36:00,57395.75,57402.25,57391.1,57399.05,0
2026-08-14 13:37:00,57397.05,57410.0,57396.15,57403.35,0
2026-08-14 13:38:00,57404.15,57409.6,57401.7,57405.55,0
2026-08-14 13:39:00,57407.9,57430.25,57406.65,57424.5,0
2026-08-14 13:40:00,57425.7,57434.95,57420.5,57430.3,0
2026-08-14 13:41:00,57429.9,57436.8,57423.05,57423.75,0
2026-08-14 13:42:00,57423.75,57431.95,57422.15,57426.85,0
2026-08-14 13:43:00,57425.75,57451.6,57425.75,57447.8,0
2026-08-14 13:44:00,57448.2,57452.35,57443.1,57444.85,0
2026-08-14 13:45:00,57446.05,57513.3,57444.05,57510.95,0
2026-08-14 13:46:00,57511.95,57541.7,57511.85,57538.55,0
2026-08-14 13:47:00,57538.85,57540.6,57508.6,57509.25,0
2026-08-14 13:48:00,57509.45,57510.85,57495.5,57495.5,0
2026-08-14 13:49:00,57498.45,57505.95,57496.05,57501.8,0
2026-08-14 13:50:00,57500.4,57516.6,57499.2,57510.85,0
2026-08-14 13:51:00,57512.3,57517.95,57500.3,57505.3,0
2026-08-14 13:52:00,57504.05,57519.9,57501.35,57511.45,0
2026-08-14 13:53:00,57511.45,57522.1,57511.45,57515.95,0
2026-08-14 13:54:00,57515.45,57531.75,57515.25,57522.15,0
2026-08-14 13:55:00,57525.15,57532.45,57520.5,57526.2,0
2026-08-14 13:56:00,57525.0,57529.4,57515.55,57520.65,0
2026-08-14 13:57:00,57522.25,57536.1,57517.75,57531.5,0
2026-08-14 13:58:00,57531.3,57543.6,57528.75,57537.8,0
2026-08-14 13:59:00,57535.15,57554.75,57532.95,57547.05,0
2026-08-14 14:00:00,57545.95,57567.7,57543.2,57563.45,0
2026-08-14 14:01:00,57564.85,57583.15,57559.05,57578.8,0
2026-08-14 14:02:00,57579.75,57598.35,57576.5,57594.85,0
2026-08-14 14:03:00,57594.2,57601.45,57582.6,57586.4,0
2026-08-14 14:04:00,57589.35,57589.35,57555.65,57570.5,0
2026-08-14 14:05:00,57573.45,57584.8,57571.45,57575.5,0
2026-08-14 14:06:00,57573.45,57583.6,57557.35,57568.8,0
2026-08-14 14:07:00,57569.4,57590.25,57562.55,57583.1,0
2026-08-14 14:08:00,57582.05,57596.75,57569.65,57592.25,0
2026-08-14 14:09:00,57592.4,57608.8,57585.2,57598.45,0
2026-08-14 14:10:00,57601.4,57605.55,57593.55,57603.65,0
2026-08-14 14:11:00,57603.65,57604.85,57585.25,57585.25,0
2026-08-14 14:12:00,57589.5,57596.05,57577.4,57581.05,0
2026-08-14 14:13:00,57582.5,57588.65,57577.15,57582.65,0
2026-08-14 14:14:00,57582.05,57589.45,57565.45,57583.2,0
2026-08-14 14:15:00,57581.5,57594.9,57572.25,57584.4,0
2026-08-14 14:16:00,57585.1,57589.3,57577.35,57586.35,0
2026-08-14 14:17:00,57586.35,57587.05,57572.15,57572.65,0
2026-08-14 14:18:00,57574.05,57584.05,57571.0,57572.6,0
2026-08-14 14:19:00,57573.95,57576.9,57547.7,57555.85,0
2026-08-14 14:20:00,57553.6,57562.85,57546.2,57549.55,0
2026-08-14 14:21:00,57549.55,57554.1,57541.2,57541.2,0
2026-08-14 14:22:00,57544.55,57555.0,57534.25,57534.6,0
2026-08-14 14:23:00,57533.55,57541.55,57525.95,57538.8,0
2026-08-14 14:24:00,57540.85,57544.3,57532.55,57538.6,0
2026-08-14 14:25:00,57539.0,57547.3,57534.15,57539.95,0
2026-08-14 14:26:00,57542.4,57545.25,57530.1,57536.8,0
2026-08-14 14:27:00,57537.3,57540.0,57518.3,57518.95,0
2026-08-14 14:28:00,57520.0,57539.3,57516.05,57533.85,0
2026-08-14 14:29:00,57534.25,57536.7,57523.2,57530.7,0
2026-08-14 14:30:00,57530.7,57534.0,57518.6,57532.1,0
2026-08-14 14:31:00,57535.35,57550.65,57530.05,57545.7,0
2026-08-14 14:32:00,57545.1,57559.25,57542.1,57552.15,0
2026-08-14 14:33:00,57553.55,57557.25,57544.25,57547.45,0
2026-08-14 14:34:00,57549.55,57551.15,57532.0,57537.9,0
2026-08-14 14:35:00,57539.3,57541.7,57526.9,57537.8,0
2026-08-14 14:36:00,57540.5,57543.3,57533.1,57537.4,0
2026-08-14 14:37:00,57535.85,57538.65,57516.9,57517.3,0
2026-08-14 14:38:00,57519.3,57536.45,57516.85,57529.05,0
2026-08-14 14:39:00,57529.75,57535.9,57520.05,57522.9,0
2026-08-14 14:40:00,57522.3,57543.8,57521.4,57541.05,0
2026-08-14 14:41:00,57539.85,57546.65,57533.8,57541.9,0
2026-08-14 14:42:00,57541.35,57546.9,57534.3,57542.65,0
2026-08-14 14:43:00,57542.65,57542.65,57527.6,57529.75,0
2026-08-14 14:44:00,57531.95,57531.95,57517.65,57518.75,0
2026-08-14 14:45:00,57519.1,57531.95,57514.2,57525.25,0
2026-08-14 14:46:00,57526.7,57534.55,57508.4,57515.1,0
2026-08-14 14:47:00,57510.6,57518.7,57507.3,57509.45,0
2026-08-14 14:48:00,57507.0,57514.0,57500.7,57503.65,0
2026-08-14 14:49:00,57502.05,57509.9,57498.35,57503.0,0
2026-08-14 14:50:00,57500.0,57523.6,57498.9,57507.4,0
2026-08-14 14:51:00,57502.3,57530.3,57502.3,57517.35,0
2026-08-14 14:52:00,57514.2,57530.75,57514.2,57528.9,0
2026-08-14 14:53:00,57529.0,57535.55,57520.0,57522.25,0
2026-08-14 14:54:00,57520.9,57531.65,57517.0,57530.2,0
2026-08-14 14:55:00,57527.35,57535.85,57521.3,57526.15,0
2026-08-14 14:56:00,57523.7,57537.15,57521.6,57537.0,0
2026-08-14 14:57:00,57534.6,57546.95,57530.2,57541.85,0
2026-08-14 14:58:00,57538.1,57542.45,57518.75,57520.1,0
2026-08-14 14:59:00,57522.05,57527.2,57511.8,57514.95,0
2026-08-14 15:00:00,57518.85,57526.65,57511.1,57523.9,0
2026-08-14 15:01:00,57523.75,57528.15,57514.35,57525.1,0
2026-08-14 15:02:00,57525.35,57531.05,57517.85,57523.85,0
2026-08-14 15:03:00,57524.25,57530.3,57519.3,57524.95,0
2026-08-14 15:04:00,57524.7,57528.45,57519.3,57527.2,0
2026-08-14 15:05:00,57525.35,57526.9,57511.4,57526.45,0
2026-08-14 15:06:00,57526.45,57526.45,57500.85,57511.35,0
2026-08-14 15:07:00,57511.9,57519.35,57508.85,57512.3,0
2026-08-14 15:08:00,57515.95,57535.0,57509.8,57524.7,0
2026-08-14 15:09:00,57528.05,57528.25,57494.45,57505.4,0
2026-08-14 15:10:00,57503.65,57512.15,57494.9,57502.0,0
2026-08-14 15:11:00,57499.6,57505.95,57489.4,57491.45,0
2026-08-14 15:12:00,57491.9,57506.4,57476.65,57490.4,0
2026-08-14 15:13:00,57488.2,57514.4,57483.65,57514.4,0
2026-08-14 15:14:00,57503.6,57525.55,57459.1,57459.1,0
2026-08-14 15:15:00,57459.1,57459.1,57459.1,57459.1,0
2026-08-14 15:16:00,57459.1,57459.1,57459.1,57459.1,0
2026-08-14 15:17:00,57459.1,57459.1,57459.1,57459.1,0
2026-08-14 15:18:00,57459.1,57459.1,57459.1,57459.1,0
2026-08-14 15:19:00,57459.1,57459.1,57459.1,57459.1,0
2026-08-14 15:20:00,57459.1,57459.1,57459.1,57459.1,0
2026-08-14 15:21:00,57459.1,57459.1,57459.1,57459.1,0
2026-08-14 15:22:00,57459.1,57459.1,57459.1,57459.1,0
2026-08-14 15:23:00,57459.1,57459.1,57459.1,57459.1,0
2026-08-14 15:24:00,57459.1,57459.1,57459.1,57459.1,0
2026-08-14 15:25:00,57459.1,57459.1,57459.1,57459.1,0
2026-08-14 15:26:00,57459.1,57459.1,57459.1,57459.1,0
2026-08-14 15:27:00,57459.1,57459.1,57459.1,57459.1,0
2026-08-14 15:28:00,57459.1,57491.1,57459.1,57491.1,0
2026-08-14 15:29:00,57491.1,57491.1,57491.1,57491.1,0
2026-08-17 09:15:00,57418.3,57482.05,57229.6,57271.4,0
2026-08-17 09:16:00,57279.8,57279.8,57215.05,57235.8,0
2026-08-17 09:17:00,57234.6,57241.8,57199.5,57212.35,0
2026-08-17 09:18:00,57213.9,57260.2,57162.15,57254.4,0
2026-08-17 09:19:00,57256.7,57299.5,57240.5,57290.85,0
2026-08-17 09:20:00,57290.85,57290.85,57244.2,57260.9,0
2026-08-17 09:21:00,57260.65,57261.85,57232.6,57239.9,0
2026-08-17 09:22:00,57232.65,57234.2,57196.0,57223.8,0
2026-08-17 09:23:00,57219.5,57265.65,57196.4,57262.7,0
2026-08-17 09:24:00,57258.25,57278.75,57245.15,57271.1,0
2026-08-17 09:25:00,57265.95,57305.8,57264.25,57304.65,0
2026-08-17 09:26:00,57301.55,57306.7,57279.75,57289.5,0
2026-08-17 09:27:00,57290.55,57295.25,57261.45,57261.45,0
2026-08-17 09:28:00,57265.9,57273.0,57251.95,57264.55,0
2026-08-17 09:29:00,57262.25,57274.35,57249.95,57265.85,0
2026-08-17 09:30:00,57267.25,57272.45,57239.45,57257.8,0
2026-08-17 09:31:00,57259.05,57263.7,57241.8,57251.35,0
2026-08-17 09:32:00,57247.1,57260.4,57230.9,57230.9,0
2026-08-17 09:33:00,57232.2,57238.0,57213.6,57225.75,0
2026-08-17 09:34:00,57222.7,57247.3,57222.6,57235.25,0
2026-08-17 09:35:00,57233.25,57256.55,57229.0,57245.1,0
2026-08-17 09:36:00,57254.3,57271.05,57249.3,57261.35,0
2026-08-17 09:37:00,57264.4,57283.9,57253.2,57280.8,0
2026-08-17 09:38:00,57279.55,57297.9,57277.55,57294.4,0
2026-08-17 09:39:00,57291.55,57299.65,57265.8,57274.95,0
2026-08-17 09:40:00,57274.0,57307.9,57271.95,57307.9,0
2026-08-17 09:41:00,57304.4,57351.3,57301.05,57351.3,0
2026-08-17 09:42:00,57351.05,57363.6,57319.15,57319.8,0
2026-08-17 09:43:00,57320.1,57335.35,57317.55,57320.2,0
2026-08-17 09:44:00,57321.05,57339.6,57318.75,57319.3,0
2026-08-17 09:45:00,57319.2,57332.25,57309.5,57321.4,0
2026-08-17 09:46:00,57320.85,57330.35,57308.85,57315.55,0
2026-08-17 09:47:00,57314.15,57316.4,57292.0,57294.7,0
2026-08-17 09:48:00,57295.55,57313.45,57288.25,57307.9,0
2026-08-17 09:49:00,57309.15,57326.3,57303.75,57321.5,0
2026-08-17 09:50:00,57319.4,57332.05,57313.15,57330.3,0
2026-08-17 09:51:00,57330.3,57332.6,57302.05,57321.3,0
2026-08-17 09:52:00,57321.1,57340.05,57316.45,57318.8,0
2026-08-17 09:53:00,57320.65,57325.35,57286.05,57294.8,0
2026-08-17 09:54:00,57295.4,57315.2,57280.7,57307.15,0
2026-08-17 09:55:00,57307.15,57322.1,57305.85,57314.2,0
2026-08-17 09:56:00,57311.25,57318.5,57291.15,57296.1,0
2026-08-17 09:57:00,57299.6,57313.35,57291.4,57305.85,0
2026-08-17 09:58:00,57305.15,57308.0,57291.95,57299.3,0
2026-08-17 09:59:00,57298.8,57305.85,57286.05,57287.85,0
2026-08-17 10:00:00,57290.1,57294.2,57278.55,57288.25,0
2026-08-17 10:01:00,57285.5,57312.5,57278.05,57312.35,0
2026-08-17 10:02:00,57313.05,57324.85,57298.75,57301.8,0
2026-08-17 10:03:00,57300.2,57309.45,57290.05,57294.3,0
2026-08-17 10:04:00,57294.05,57307.05,57285.8,57296.15,0
2026-08-17 10:05:00,57292.8,57305.8,57291.95,57299.9,0
2026-08-17 10:06:00,57295.5,57301.05,57288.0,57298.7,0
2026-08-17 10:07:00,57298.0,57303.7,57284.85,57286.7,0
2026-08-17 10:08:00,57285.45,57304.4,57281.4,57300.8,0
2026-08-17 10:09:00,57298.65,57309.0,57291.55,57300.45,0
2026-08-17 10:10:00,57301.7,57304.55,57282.35,57284.75,0
2026-08-17 10:11:00,57280.55,57291.7,57259.6,57259.6,0
2026-08-17 10:12:00,57257.55,57274.05,57254.65,57270.85,0
2026-08-17 10:13:00,57267.9,57279.9,57266.0,57276.6,0
2026-08-17 10:14:00,57276.05,57280.5,57263.6,57269.85,0
2026-08-17 10:15:00,57269.85,57278.65,57259.45,57272.55,0
2026-08-17 10:16:00,57274.1,57277.2,57262.4,57269.95,0
2026-08-17 10:17:00,57267.85,57275.25,57215.4,57221.6,0
2026-08-17 10:18:00,57223.75,57231.05,57174.95,57182.65,0
2026-08-17 10:19:00,57180.7,57196.6,57175.95,57187.0,0
2026-08-17 10:20:00,57184.6,57191.0,57173.0,57186.45,0
2026-08-17 10:21:00,57186.05,57189.6,57175.25,57183.45,0
2026-08-17 10:22:00,57182.75,57186.95,57167.65,57173.0,0
2026-08-17 10:23:00,57173.2,57175.55,57149.6,57157.1,0
2026-08-17 10:24:00,57156.35,57160.5,57122.0,57122.0,0
2026-08-17 10:25:00,57119.95,57146.95,57119.6,57140.75,0
2026-08-17 10:26:00,57141.75,57159.85,57139.25,57152.75,0
2026-08-17 10:27:00,57156.0,57170.35,57151.25,57160.0,0
2026-08-17 10:28:00,57157.95,57166.0,57151.95,57160.7,0
2026-08-17 10:29:00,57157.6,57166.0,57155.35,57158.3,0
2026-08-17 10:30:00,57159.45,57164.25,57149.3,57152.2,0
2026-08-17 10:31:00,57151.05,57158.15,57134.55,57138.5,0
2026-08-17 10:32:00,57138.9,57146.95,57133.7,57140.55,0
2026-08-17 10:33:00,57139.75,57161.1,57138.3,57141.05,0
2026-08-17 10:34:00,57137.9,57154.35,57131.55,57151.85,0
2026-08-17 10:35:00,57147.85,57157.5,57142.25,57151.55,0
2026-08-17 10:36:00,57150.7,57156.3,57144.6,57153.25,0
2026-08-17 10:37:00,57149.5,57162.05,57144.05,57150.8,0
2026-08-17 10:38:00,57148.75,57151.25,57137.05,57138.15,0
2026-08-17 10:39:00,57138.5,57156.95,57137.25,57150.2,0
2026-08-17 10:40:00,57148.5,57165.45,57146.4,57154.05,0
2026-08-17 10:41:00,57154.7,57163.5,57147.65,57156.35,0
2026-08-17 10:42:00,57154.6,57173.5,57154.6,57160.65,0
2026-08-17 10:43:00,57159.2,57163.85,57135.1,57140.75,0
2026-08-17 10:44:00,57142.4,57152.35,57139.4,57148.1,0
2026-08-17 10:45:00,57144.15,57150.2,57132.4,57143.2,0
2026-08-17 10:46:00,57141.25,57159.6,57139.4,57154.35,0
2026-08-17 10:47:00,57153.65,57163.55,57148.5,57155.0,0
2026-08-17 10:48:00,57158.05,57166.35,57154.3,57163.0,0
2026-08-17 10:49:00,57161.35,57182.65,57161.35,57175.6,0
2026-08-17 10:50:00,57175.4,57181.55,57168.35,57173.95,0
2026-08-17 10:51:00,57175.1,57183.85,57168.95,57170.05,0
2026-08-17 10:52:00,57171.9,57183.75,57165.0,57178.45,0
2026-08-17 10:53:00,57177.4,57195.25,57176.55,57191.05,0
2026-08-17 10:54:00,57190.7,57198.75,57184.85,57185.45,0
2026-08-17 10:55:00,57185.35,57192.85,57173.0,57175.55,0
2026-08-17 10:56:00,57175.95,57198.8,57174.4,57190.0,0
2026-08-17 10:57:00,57190.55,57204.65,57187.85,57192.25,0
2026-08-17 10:58:00,57192.25,57198.75,57189.75,57193.1,0
2026-08-17 10:59:00,57191.5,57199.2,57187.0,57195.0,0
2026-08-17 11:00:00,57189.0,57196.05,57174.2,57179.75,0
2026-08-17 11:01:00,57178.2,57192.3,57176.35,57179.7,0
2026-08-17 11:02:00,57178.2,57185.7,57173.25,57175.3,0
2026-08-17 11:03:00,57172.65,57188.35,57172.4,57186.65,0
2026-08-17 11:04:00,57184.65,57189.9,57168.15,57168.15,0
2026-08-17 11:05:00,57167.6,57172.65,57153.8,57157.05,0
2026-08-17 11:06:00,57155.2,57163.45,57146.05,57149.95,0
2026-08-17 11:07:00,57151.75,57159.05,57137.45,57144.75,0
2026-08-17 11:08:00,57144.65,57161.55,57139.15,57158.1,0
2026-08-17 11:09:00,57156.9,57163.75,57147.0,57152.8,0
2026-08-17 11:10:00,57150.75,57159.9,57146.2,57148.35,0
2026-08-17 11:11:00,57147.75,57156.45,57139.2,57139.2,0
2026-08-17 11:12:00,57144.55,57156.65,57140.95,57140.95,0
2026-08-17 11:13:00,57140.4,57147.25,57132.4,57140.55,0
2026-08-17 11:14:00,57139.35,57150.95,57131.7,57134.45,0
2026-08-17 11:15:00,57134.2,57141.2,57123.3,57129.9,0
2026-08-17 11:16:00,57129.7,57142.1,57126.9,57134.5,0
2026-08-17 11:17:00,57129.6,57144.4,57128.7,57140.45,0
2026-08-17 11:18:00,57140.95,57163.15,57140.85,57162.55,0
2026-08-17 11:19:00,57157.0,57164.2,57148.4,57152.0,0
2026-08-17 11:20:00,57151.85,57155.05,57134.55,57146.6,0
2026-08-17 11:21:00,57147.3,57152.25,57136.5,57138.6,0
2026-08-17 11:22:00,57134.7,57145.95,57130.3,57135.35,0
2026-08-17 11:23:00,57132.55,57143.35,57129.2,57133.65,0
2026-08-17 11:24:00,57133.0,57141.45,57130.85,57137.6,0
2026-08-17 11:25:00,57134.55,57147.85,57132.15,57140.1,0
2026-08-17 11:26:00,57136.0,57161.45,57136.0,57153.45,0
2026-08-17 11:27:00,57152.0,57161.15,57147.45,57154.75,0
2026-08-17 11:28:00,57150.95,57168.55,57146.9,57162.9,0
2026-08-17 11:29:00,57160.55,57165.75,57150.1,57151.75,0
2026-08-17 11:30:00,57150.9,57155.7,57135.5,57139.4,0
2026-08-17 11:31:00,57134.15,57148.0,57132.9,57134.35,0
2026-08-17 11:32:00,57131.95,57165.85,57128.4,57154.15,0
2026-08-17 11:33:00,57155.25,57177.5,57155.25,57157.9,0
2026-08-17 11:34:00,57160.3,57170.45,57158.1,57166.2,0
2026-08-17 11:35:00,57164.95,57171.75,57158.65,57164.35,0
2026-08-17 11:36:00,57166.15,57175.5,57159.2,57164.6,0
2026-08-17 11:37:00,57160.0,57163.65,57149.3,57156.3,0
2026-08-17 11:38:00,57156.65,57163.75,57146.05,57149.1,0
2026-08-17 11:39:00,57147.55,57152.1,57134.9,57140.15,0
2026-08-17 11:40:00,57139.8,57157.35,57137.55,57151.55,0
2026-08-17 11:41:00,57151.2,57164.25,57143.25,57147.4,0
2026-08-17 11:42:00,57148.1,57157.2,57141.2,57143.3,0
2026-08-17 11:43:00,57143.3,57164.45,57140.25,57155.3,0
2026-08-17 11:44:00,57150.5,57162.65,57140.9,57151.4,0
2026-08-17 11:45:00,57147.95,57156.35,57143.05,57148.05,0
2026-08-17 11:46:00,57147.85,57156.3,57142.85,57149.25,0
2026-08-17 11:47:00,57147.85,57168.0,57144.95,57151.0,0
2026-08-17 11:48:00,57149.0,57164.8,57143.85,57158.65,0
2026-08-17 11:49:00,57155.05,57170.3,57149.7,57160.75,0
2026-08-17 11:50:00,57161.1,57188.05,57156.05,57188.05,0
2026-08-17 11:51:00,57187.05,57206.35,57186.35,57206.35,0
2026-08-17 11:52:00,57204.2,57220.1,57204.15,57216.55,0
2026-08-17 11:53:00,57216.35,57218.25,57188.7,57192.05,0
2026-08-17 11:54:00,57191.95,57200.5,57177.2,57179.8,0
2026-08-17 11:55:00,57177.9,57197.7,57176.8,57192.2,0
2026-08-17 11:56:00,57192.1,57209.3,57188.7,57189.45,0
2026-08-17 11:57:00,57189.45,57200.2,57187.05,57197.7,0
2026-08-17 11:58:00,57195.65,57205.55,57190.75,57203.35,0
2026-08-17 11:59:00,57204.65,57220.65,57197.05,57214.05,0
2026-08-17 12:00:00,57215.7,57222.65,57208.55,57214.4,0
2026-08-17 12:01:00,57211.9,57223.6,57209.55,57214.75,0
2026-08-17 12:02:00,57213.65,57227.7,57212.7,57219.5,0
2026-08-17 12:03:00,57219.35,57235.45,57218.3,57232.9,0
2026-08-17 12:04:00,57232.9,57235.05,57210.9,57216.35,0
2026-08-17 12:05:00,57218.55,57225.05,57207.05,57215.15,0
2026-08-17 12:06:00,57214.45,57216.0,57189.75,57189.75,0
2026-08-17 12:07:00,57189.1,57206.5,57189.1,57203.55,0
2026-08-17 12:08:00,57200.9,57213.85,57196.75,57208.15,0
2026-08-17 12:09:00,57209.05,57210.95,57196.6,57201.65,0
2026-08-17 12:10:00,57199.3,57211.55,57199.3,57205.5,0
2026-08-17 12:11:00,57203.45,57208.2,57193.05,57202.5,0
2026-08-17 12:12:00,57201.1,57206.4,57194.1,57206.4,0
2026-08-17 12:13:00,57203.45,57224.8,57200.4,57218.5,0
2026-08-17 12:14:00,57217.7,57227.55,57213.25,57220.55,0
2026-08-17 12:15:00,57219.6,57233.7,57212.75,57224.05,0
2026-08-17 12:16:00,57221.8,57267.7,57219.15,57263.15,0
2026-08-17 12:17:00,57262.65,57289.6,57262.05,57283.8,0
2026-08-17 12:18:00,57280.4,57283.05,57260.6,57266.95,0
2026-08-17 12:19:00,57265.3,57285.65,57265.3,57283.5,0
2026-08-17 12:20:00,57284.6,57284.8,57270.1,57275.45,0
2026-08-17 12:21:00,57275.45,57283.3,57274.5,57277.0,0
2026-08-17 12:22:00,57273.45,57279.7,57269.65,57271.35,0
2026-08-17 12:23:00,57271.35,57279.5,57270.25,57274.05,0
2026-08-17 12:24:00,57273.8,57290.6,57269.3,57278.8,0
2026-08-17 12:25:00,57278.9,57284.65,57267.45,57269.3,0
2026-08-17 12:26:00,57269.3,57290.0,57267.7,57288.8,0
2026-08-17 12:27:00,57288.8,57302.75,57285.3,57295.55,0
2026-08-17 12:28:00,57296.4,57302.1,57291.05,57292.45,0
2026-08-17 12:29:00,57292.15,57299.2,57285.2,57296.1,0
2026-08-17 12:30:00,57290.85,57316.9,57290.85,57314.55,0
2026-08-17 12:31:00,57313.7,57325.9,57313.15,57323.7,0
2026-08-17 12:32:00,57319.45,57374.45,57319.45,57368.8,0
2026-08-17 12:33:00,57368.3,57370.55,57353.25,57356.25,0
2026-08-17 12:34:00,57355.55,57379.9,57355.15,57356.5,0
2026-08-17 12:35:00,57357.65,57362.9,57339.25,57343.7,0
2026-08-17 12:36:00,57339.65,57359.75,57339.35,57357.75,0
2026-08-17 12:37:00,57354.75,57368.8,57350.3,57364.6,0
2026-08-17 12:38:00,57361.85,57373.25,57350.3,57352.0,0
2026-08-17 12:39:00,57352.7,57365.3,57347.65,57353.3,0
2026-08-17 12:40:00,57352.6,57368.9,57350.45,57365.7,0
2026-08-17 12:41:00,57364.0,57380.8,57360.35,57364.45,0
2026-08-17 12:42:00,57366.7,57381.8,57366.2,57381.8,0
2026-08-17 12:43:00,57380.3,57388.5,57367.4,57372.65,0
2026-08-17 12:44:00,57370.15,57379.0,57366.3,57367.05,0
2026-08-17 12:45:00,57367.05,57382.25,57367.05,57379.35,0
2026-08-17 12:46:00,57377.9,57430.6,57375.9,57426.1,0
2026-08-17 12:47:00,57426.95,57461.6,57422.9,57444.05,0
2026-08-17 12:48:00,57445.6,57451.35,57412.75,57424.8,0
2026-08-17 12:49:00,57422.65,57437.45,57416.05,57428.25,0
2026-08-17 12:50:00,57429.6,57456.55,57429.05,57456.3,0
2026-08-17 12:51:00,57457.15,57480.65,57451.25,57470.4,0
2026-08-17 12:52:00,57469.25,57486.45,57466.2,57476.9,0
2026-08-17 12:53:00,57475.5,57484.05,57472.65,57478.05,0
2026-08-17 12:54:00,57477.85,57481.65,57466.85,57477.65,0
2026-08-17 12:55:00,57478.4,57508.3,57478.4,57497.35,0
2026-08-17 12:56:00,57496.85,57499.25,57479.9,57493.1,0
2026-08-17 12:57:00,57493.85,57503.85,57486.1,57502.55,0
2026-08-17 12:58:00,57504.75,57547.95,57502.3,57547.95,0
2026-08-17 12:59:00,57547.15,57574.9,57545.25,57574.25,0
2026-08-17 13:00:00,57574.0,57639.95,57569.9,57626.1,0
2026-08-17 13:01:00,57622.5,57624.25,57593.05,57596.9,0
2026-08-17 13:02:00,57599.3,57649.75,57593.0,57647.0,0
2026-08-17 13:03:00,57646.2,57675.7,57636.85,57671.35,0
2026-08-17 13:04:00,57670.6,57671.5,57615.95,57621.05,0
2026-08-17 13:05:00,57619.5,57658.05,57617.4,57650.5,0
2026-08-17 13:06:00,57651.15,57655.75,57637.3,57640.75,0
2026-08-17 13:07:00,57641.25,57642.5,57627.7,57636.4,0
2026-08-17 13:08:00,57638.3,57639.25,57618.9,57619.65,0
2026-08-17 13:09:00,57623.5,57626.5,57607.2,57617.75,0
2026-08-17 13:10:00,57617.75,57636.05,57613.55,57622.0,0
2026-08-17 13:11:00,57621.45,57655.25,57612.9,57650.7,0
2026-08-17 13:12:00,57649.0,57665.55,57641.25,57662.75,0
2026-08-17 13:13:00,57661.8,57683.3,57655.6,57658.15,0
2026-08-17 13:14:00,57660.45,57667.9,57654.95,57656.35,0
2026-08-17 13:15:00,57656.55,57676.9,57656.55,57662.4,0
2026-08-17 13:16:00,57662.4,57668.05,57653.95,57659.1,0
2026-08-17 13:17:00,57658.8,57662.45,57646.2,57651.9,0
2026-08-17 13:18:00,57655.05,57657.85,57639.25,57647.6,0
2026-08-17 13:19:00,57649.05,57660.45,57643.4,57657.95,0
2026-08-17 13:20:00,57659.65,57673.45,57657.9,57661.15,0
2026-08-17 13:21:00,57661.7,57675.0,57659.3,57670.1,0
2026-08-17 13:22:00,57671.6,57672.5,57644.0,57647.8,0
2026-08-17 13:23:00,57643.3,57654.55,57635.5,57640.6,0
2026-08-17 13:24:00,57639.55,57644.8,57626.65,57628.4,0
2026-08-17 13:25:00,57627.25,57633.25,57618.65,57628.35,0
2026-08-17 13:26:00,57630.95,57641.5,57618.5,57622.25,0
2026-08-17 13:27:00,57626.65,57641.55,57623.1,57639.5,0
2026-08-17 13:28:00,57639.25,57648.0,57633.25,57647.3,0
2026-08-17 13:29:00,57643.7,57646.7,57632.7,57635.95,0
2026-08-17 13:30:00,57637.25,57647.8,57630.55,57642.25,0
2026-08-17 13:31:00,57640.65,57658.95,57632.45,57653.85,0
2026-08-17 13:32:00,57652.95,57655.2,57638.55,57645.95,0
2026-08-17 13:33:00,57646.55,57646.55,57623.05,57632.1,0
2026-08-17 13:34:00,57630.9,57638.3,57621.6,57631.15,0
2026-08-17 13:35:00,57631.3,57633.35,57619.6,57627.35,0
2026-08-17 13:36:00,57625.75,57636.65,57613.0,57636.65,0
2026-08-17 13:37:00,57634.8,57636.75,57620.9,57623.7,0
2026-08-17 13:38:00,57628.3,57645.1,57617.9,57639.05,0
2026-08-17 13:39:00,57640.75,57640.75,57624.95,57635.9,0
2026-08-17 13:40:00,57637.15,57637.15,57617.2,57634.7,0
2026-08-17 13:41:00,57634.15,57643.6,57618.7,57641.5,0
2026-08-17 13:42:00,57634.8,57663.95,57634.8,57656.05,0
2026-08-17 13:43:00,57660.7,57665.9,57639.0,57645.55,0
2026-08-17 13:44:00,57644.25,57660.5,57639.35,57655.05,0
2026-08-17 13:45:00,57656.45,57669.7,57653.05,57669.7,0
2026-08-17 13:46:00,57671.0,57672.25,57652.2,57654.45,0
2026-08-17 13:47:00,57655.4,57658.5,57639.5,57643.35,0
2026-08-17 13:48:00,57644.45,57645.6,57618.45,57621.6,0
2026-08-17 13:49:00,57622.85,57629.1,57610.65,57613.25,0
2026-08-17 13:50:00,57613.7,57614.8,57595.4,57603.4,0
2026-08-17 13:51:00,57602.95,57604.65,57580.8,57588.15,0
2026-08-17 13:52:00,57589.1,57592.9,57580.5,57590.3,0
2026-08-17 13:53:00,57588.8,57594.6,57577.4,57578.7,0
2026-08-17 13:54:00,57581.4,57587.6,57573.9,57579.6,0
2026-08-17 13:55:00,57582.85,57593.55,57575.25,57578.2,0
2026-08-17 13:56:00,57580.15,57582.15,57568.0,57569.0,0
2026-08-17 13:57:00,57570.8,57572.4,57560.0,57567.6,0
2026-08-17 13:58:00,57567.2,57598.25,57567.2,57598.25,0
2026-08-17 13:59:00,57601.1,57605.65,57589.9,57600.85,0
2026-08-17 14:00:00,57600.65,57605.25,57585.85,57594.2,0
2026-08-17 14:01:00,57594.6,57599.45,57582.25,57588.95,0
2026-08-17 14:02:00,57591.45,57605.05,57586.95,57595.5,0
2026-08-17 14:03:00,57597.45,57598.7,57589.05,57591.55,0
2026-08-17 14:04:00,57593.35,57598.25,57587.4,57593.4,0
2026-08-17 14:05:00,57595.65,57603.05,57590.55,57599.2,0
2026-08-17 14:06:00,57599.55,57599.55,57586.6,57592.65,0
2026-08-17 14:07:00,57593.4,57598.8,57585.75,57597.0,0
2026-08-17 14:08:00,57594.0,57599.1,57586.55,57593.35,0
2026-08-17 14:09:00,57593.85,57597.85,57586.6,57588.55,0
2026-08-17 14:10:00,57590.8,57595.2,57581.25,57589.85,0
2026-08-17 14:11:00,57589.8,57591.2,57578.75,57582.5,0
2026-08-17 14:12:00,57584.25,57588.0,57571.25,57584.4,0
2026-08-17 14:13:00,57582.7,57584.8,57568.5,57577.95,0
2026-08-17 14:14:00,57574.1,57583.35,57568.35,57572.4,0
2026-08-17 14:15:00,57570.9,57571.7,57560.7,57569.7,0
2026-08-17 14:16:00,57573.25,57595.95,57567.75,57590.4,0
2026-08-17 14:17:00,57597.55,57599.1,57589.3,57596.0,0
2026-08-17 14:18:00,57600.55,57611.55,57595.0,57605.05,0
2026-08-17 14:19:00,57609.85,57619.4,57603.0,57611.8,0
2026-08-17 14:20:00,57609.3,57613.25,57593.65,57608.55,0
2026-08-17 14:21:00,57609.25,57609.25,57570.6,57572.4,0
2026-08-17 14:22:00,57576.45,57580.5,57562.7,57569.4,0
2026-08-17 14:23:00,57570.65,57578.1,57545.8,57551.05,0
2026-08-17 14:24:00,57548.55,57554.5,57542.95,57548.5,0
2026-08-17 14:25:00,57547.3,57553.4,57539.95,57549.15,0
2026-08-17 14:26:00,57545.05,57572.5,57541.95,57563.35,0
2026-08-17 14:27:00,57566.0,57570.7,57557.6,57566.15,0
2026-08-17 14:28:00,57564.6,57587.3,57561.05,57578.75,0
2026-08-17 14:29:00,57577.95,57588.35,57572.8,57585.35,0
2026-08-17 14:30:00,57587.75,57597.25,57581.4,57587.3,0
2026-08-17 14:31:00,57591.55,57592.1,57573.8,57581.35,0
2026-08-17 14:32:00,57583.2,57591.35,57578.75,57584.95,0
2026-08-17 14:33:00,57586.25,57588.8,57576.3,57584.65,0
2026-08-17 14:34:00,57585.1,57591.3,57579.8,57588.2,0
2026-08-17 14:35:00,57588.7,57595.15,57577.55,57581.65,0
2026-08-17 14:36:00,57582.85,57586.1,57559.7,57570.9,0
2026-08-17 14:37:00,57570.35,57588.0,57567.9,57578.25,0
2026-08-17 14:38:00,57582.3,57583.15,57565.5,57572.2,0
2026-08-17 14:39:00,57569.5,57593.5,57566.8,57588.1,0
2026-08-17 14:40:00,57587.45,57604.7,57578.4,57598.85,0
2026-08-17 14:41:00,57600.35,57605.0,57592.95,57597.8,0
2026-08-17 14:42:00,57599.35,57627.05,57594.95,57626.1,0
2026-08-17 14:43:00,57629.2,57631.2,57620.15,57627.3,0
2026-08-17 14:44:00,57624.75,57632.7,57617.75,57629.1,0
2026-08-17 14:45:00,57631.45,57640.25,57623.5,57632.65,0
2026-08-17 14:46:00,57635.25,57635.25,57621.2,57628.3,0
2026-08-17 14:47:00,57629.65,57630.75,57611.55,57619.7,0
2026-08-17 14:48:00,57618.05,57635.65,57608.1,57629.6,0
2026-08-17 14:49:00,57630.95,57630.95,57618.8,57630.85,0
2026-08-17 14:50:00,57628.55,57648.05,57617.55,57642.6,0
2026-08-17 14:51:00,57644.0,57645.9,57622.15,57622.8,0
2026-08-17 14:52:00,57624.6,57630.4,57614.15,57620.35,0
2026-08-17 14:53:00,57620.75,57628.6,57616.15,57628.2,0
2026-08-17 14:54:00,57628.8,57689.55,57628.55,57689.55,0
2026-08-17 14:55:00,57689.15,57690.75,57670.85,57681.7,0
2026-08-17 14:56:00,57682.45,57687.65,57676.3,57680.35,0
2026-08-17 14:57:00,57680.35,57681.45,57669.9,57673.15,0
2026-08-17 14:58:00,57673.25,57685.0,57668.65,57679.45,0
2026-08-17 14:59:00,57679.2,57686.45,57674.7,57677.5,0
2026-08-17 15:00:00,57674.85,57675.4,57648.65,57659.2,0
2026-08-17 15:01:00,57658.2,57668.4,57654.95,57665.55,0
2026-08-17 15:02:00,57664.3,57692.6,57661.75,57691.25,0
2026-08-17 15:03:00,57688.45,57707.35,57685.7,57706.55,0
2026-08-17 15:04:00,57706.55,57714.3,57696.8,57705.1,0
2026-08-17 15:05:00,57706.45,57707.85,57669.95,57690.1,0
2026-08-17 15:06:00,57689.95,57692.05,57675.9,57683.7,0
2026-08-17 15:07:00,57684.85,57695.6,57681.15,57694.7,0
2026-08-17 15:08:00,57692.95,57715.4,57684.35,57709.15,0
2026-08-17 15:09:00,57712.6,57717.35,57696.05,57700.25,0
2026-08-17 15:10:00,57698.6,57719.2,57694.1,57715.9,0
2026-08-17 15:11:00,57718.4,57743.0,57708.15,57743.0,0
2026-08-17 15:12:00,57741.6,57757.25,57730.05,57757.25,0
2026-08-17 15:13:00,57743.2,57750.55,57718.0,57747.6,0
2026-08-17 15:14:00,57749.4,57750.5,57668.2,57711.95,0
2026-08-17 15:15:00,57716.05,57716.05,57716.05,57716.05,0
2026-08-17 15:16:00,57716.05,57716.05,57716.05,57716.05,0
2026-08-17 15:17:00,57716.05,57716.05,57716.05,57716.05,0
2026-08-17 15:18:00,57716.05,57716.05,57716.05,57716.05,0
2026-08-17 15:19:00,57716.05,57716.05,57716.05,57716.05,0
2026-08-17 15:20:00,57716.05,57716.05,57716.05,57716.05,0
2026-08-17 15:21:00,57716.05,57716.05,57716.05,57716.05,0
2026-08-17 15:22:00,57716.05,57716.05,57716.05,57716.05,0
2026-08-17 15:23:00,57716.05,57716.05,57716.05,57716.05,0
2026-08-17 15:24:00,57716.05,57716.05,57716.05,57716.05,0
2026-08-17 15:25:00,57716.05,57716.05,57716.05,57716.05,0
2026-08-17 15:26:00,57716.05,57716.05,57716.05,57716.05,0
2026-08-17 15:27:00,57716.05,57716.05,57716.05,57716.05,0
2026-08-17 15:28:00,57716.05,57716.05,57497.8,57497.8,0
2026-08-17 15:29:00,57497.8,57497.8,57497.8,57497.8,0
2026-08-18 09:15:00,57325.55,57584.65,57322.2,57576.2,0
2026-08-18 09:16:00,57575.3,57584.7,57537.5,57544.75,0
2026-08-18 09:17:00,57544.4,57544.85,57496.35,57499.15,0
2026-08-18 09:18:00,57497.35,57497.35,57468.7,57476.5,0
2026-08-18 09:19:00,57485.85,57485.85,57434.85,57450.5,0
2026-08-18 09:20:00,57447.45,57448.65,57406.45,57414.0,0
2026-08-18 09:21:00,57413.1,57424.75,57408.75,57421.7,0
2026-08-18 09:22:00,57420.75,57428.25,57400.7,57413.0,0
2026-08-18 09:23:00,57414.8,57421.9,57402.55,57415.85,0
2026-08-18 09:24:00,57419.3,57425.65,57402.3,57405.3,0
2026-08-18 09:25:00,57410.3,57417.7,57386.55,57397.3,0
2026-08-18 09:26:00,57401.25,57424.2,57399.55,57421.9,0
2026-08-18 09:27:00,57423.65,57424.25,57391.7,57397.8,0
2026-08-18 09:28:00,57404.2,57405.55,57387.65,57390.4,0
2026-08-18 09:29:00,57392.35,57394.3,57373.4,57379.5,0
2026-08-18 09:30:00,57381.15,57381.15,57347.5,57353.9,0
2026-08-18 09:31:00,57360.65,57362.4,57333.7,57342.7,0
2026-08-18 09:32:00,57344.45,57351.5,57331.45,57350.05,0
2026-08-18 09:33:00,57349.3,57360.65,57347.35,57359.35,0
2026-08-18 09:34:00,57361.75,57382.9,57353.5,57372.25,0
2026-08-18 09:35:00,57370.85,57382.35,57359.0,57382.35,0
2026-08-18 09:36:00,57388.2,57409.1,57380.85,57401.3,0
2026-08-18 09:37:00,57405.05,57406.45,57388.65,57396.4,0
2026-08-18 09:38:00,57399.75,57402.55,57382.3,57385.3,0
2026-08-18 09:39:00,57389.15,57418.75,57380.6,57418.75,0
2026-08-18 09:40:00,57418.6,57419.45,57397.35,57402.7,0
2026-08-18 09:41:00,57403.55,57415.65,57396.4,57404.75,0
2026-08-18 09:42:00,57407.0,57407.7,57378.15,57385.6,0
2026-08-18 09:43:00,57385.35,57389.05,57362.35,57372.1,0
2026-08-18 09:44:00,57373.8,57373.8,57339.95,57339.95,0
2026-08-18 09:45:00,57342.05,57342.35,57324.9,57336.45,0
2026-08-18 09:46:00,57337.8,57337.8,57326.25,57330.05,0
2026-08-18 09:47:00,57328.1,57339.7,57325.45,57339.7,0
2026-08-18 09:48:00,57337.8,57371.35,57337.8,57369.3,0
2026-08-18 09:49:00,57374.95,57377.4,57360.95,57375.6,0
2026-08-18 09:50:00,57376.4,57377.05,57366.15,57373.05,0
2026-08-18 09:51:00,57375.25,57379.6,57354.95,57358.9,0
2026-08-18 09:52:00,57360.1,57360.1,57345.95,57353.95,0
2026-08-18 09:53:00,57356.3,57373.75,57349.9,57368.05,0
2026-08-18 09:54:00,57371.25,57371.25,57352.55,57359.4,0
2026-08-18 09:55:00,57355.9,57360.9,57328.9,57336.85,0
2026-08-18 09:56:00,57338.35,57343.75,57328.5,57342.9,0
2026-08-18 09:57:00,57343.05,57345.75,57332.2,57335.5,0
2026-08-18 09:58:00,57335.45,57341.3,57323.7,57328.75,0
2026-08-18 09:59:00,57333.15,57338.35,57326.2,57332.7,0
2026-08-18 10:00:00,57330.65,57331.1,57306.5,57315.65,0
2026-08-18 10:01:00,57319.7,57324.75,57311.95,57319.9,0
2026-08-18 10:02:00,57320.45,57322.5,57293.35,57296.95,0
2026-08-18 10:03:00,57297.45,57302.6,57280.2,57297.15,0
2026-08-18 10:04:00,57296.45,57310.1,57289.1,57310.1,0
2026-08-18 10:05:00,57309.4,57322.1,57308.0,57316.0,0
2026-08-18 10:06:00,57319.35,57329.1,57315.1,57327.0,0
2026-08-18 10:07:00,57326.85,57331.35,57317.15,57325.85,0
2026-08-18 10:08:00,57326.0,57328.4,57316.15,57319.15,0
2026-08-18 10:09:00,57317.05,57320.0,57311.55,57314.1,0
2026-08-18 10:10:00,57315.7,57318.65,57311.0,57317.25,0
2026-08-18 10:11:00,57317.25,57320.1,57305.85,57309.65,0
2026-08-18 10:12:00,57312.3,57315.1,57304.8,57313.1,0
2026-08-18 10:13:00,57310.7,57315.75,57303.25,57305.6,0
2026-08-18 10:14:00,57303.65,57308.75,57299.65,57305.05,0
2026-08-18 10:15:00,57306.25,57306.25,57279.3,57282.0,0
2026-08-18 10:16:00,57285.9,57286.1,57274.9,57277.75,0
2026-08-18 10:17:00,57278.3,57284.5,57274.4,57281.0,0
2026-08-18 10:18:00,57280.7,57292.05,57276.6,57285.65,0
2026-08-18 10:19:00,57289.55,57300.45,57283.35,57298.2,0
2026-08-18 10:20:00,57299.5,57314.1,57296.45,57310.9,0
2026-08-18 10:21:00,57312.3,57315.9,57297.3,57302.55,0
2026-08-18 10:22:00,57305.65,57310.45,57299.2,57303.85,0
2026-08-18 10:23:00,57305.5,57307.4,57290.4,57292.95,0
2026-08-18 10:24:00,57296.0,57305.95,57288.8,57299.15,0
2026-08-18 10:25:00,57304.95,57314.85,57285.2,57301.2,0
2026-08-18 10:26:00,57305.45,57318.3,57297.0,57313.6,0
2026-08-18 10:27:00,57316.15,57351.5,57314.35,57351.5,0
2026-08-18 10:28:00,57352.2,57365.4,57348.75,57356.05,0
2026-08-18 10:29:00,57362.6,57366.5,57340.15,57345.5,0
2026-08-18 10:30:00,57349.0,57356.55,57343.95,57352.1,0
2026-08-18 10:31:00,57355.05,57356.75,57338.7,57339.85,0
2026-08-18 10:32:00,57342.35,57346.1,57333.8,57341.65,0
2026-08-18 10:33:00,57342.35,57350.25,57339.5,57344.95,0
2026-08-18 10:34:00,57346.85,57362.5,57344.85,57357.9,0
2026-08-18 10:35:00,57357.45,57366.2,57353.9,57356.6,0
2026-08-18 10:36:00,57358.15,57362.15,57345.1,57357.45,0
2026-08-18 10:37:00,57358.15,57365.2,57357.2,57364.15,0
2026-08-18 10:38:00,57363.75,57370.75,57359.55,57360.75,0
2026-08-18 10:39:00,57359.45,57366.8,57343.25,57343.25,0
2026-08-18 10:40:00,57347.0,57347.0,57317.0,57318.25,0
2026-08-18 10:41:00,57319.95,57320.6,57308.7,57315.9,0
2026-08-18 10:42:00,57319.25,57319.25,57300.9,57303.6,0
2026-08-18 10:43:00,57307.0,57307.0,57294.25,57301.85,0
2026-08-18 10:44:00,57304.9,57310.6,57298.4,57310.55,0
2026-08-18 10:45:00,57310.55,57310.55,57289.3,57295.75,0
2026-08-18 10:46:00,57298.65,57300.4,57279.15,57280.1,0
2026-08-18 10:47:00,57280.55,57283.05,57268.1,57268.1,0
2026-08-18 10:48:00,57268.8,57283.15,57261.3,57282.75,0
2026-08-18 10:49:00,57284.25,57287.1,57274.25,57281.6,0
2026-08-18 10:50:00,57283.5,57289.4,57281.0,57286.75,0
2026-08-18 10:51:00,57288.5,57292.15,57250.25,57255.2,0
2026-08-18 10:52:00,57254.55,57260.65,57239.4,57246.0,0
2026-08-18 10:53:00,57247.05,57249.0,57237.05,57237.05,0
2026-08-18 10:54:00,57240.0,57259.85,57230.95,57258.25,0
2026-08-18 10:55:00,57259.9,57264.65,57249.5,57250.9,0
2026-08-18 10:56:00,57254.75,57258.4,57244.55,57254.65,0
2026-08-18 10:57:00,57254.75,57258.6,57245.15,57254.95,0
2026-08-18 10:58:00,57255.05,57263.2,57248.2,57252.8,0
2026-08-18 10:59:00,57259.2,57268.95,57252.2,57267.7,0
2026-08-18 11:00:00,57267.05,57272.9,57255.05,57257.95,0
2026-08-18 11:01:00,57259.95,57264.65,57253.55,57261.15,0
2026-08-18 11:02:00,57260.3,57267.95,57253.4,57259.5,0
2026-08-18 11:03:00,57261.85,57265.2,57254.2,57261.1,0
2026-08-18 11:04:00,57264.1,57274.0,57259.6,57273.3,0
2026-08-18 11:05:00,57274.0,57274.55,57262.95,57265.25,0
2026-08-18 11:06:00,57267.9,57279.7,57263.75,57271.45,0
2026-08-18 11:07:00,57273.25,57292.1,57269.6,57286.55,0
2026-08-18 11:08:00,57289.0,57306.95,57285.0,57301.3,0
2026-08-18 11:09:00,57302.5,57308.05,57298.05,57303.25,0
2026-08-18 11:10:00,57304.2,57305.2,57289.9,57295.1,0
2026-08-18 11:11:00,57299.0,57300.25,57287.9,57290.95,0
2026-08-18 11:12:00,57292.65,57293.25,57277.1,57278.8,0
2026-08-18 11:13:00,57279.35,57288.2,57269.3,57286.9,0
2026-08-18 11:14:00,57288.05,57307.4,57280.75,57301.2,0
2026-08-18 11:15:00,57302.9,57310.75,57286.6,57307.45,0
2026-08-18 11:16:00,57308.15,57313.05,57294.35,57302.4,0
2026-08-18 11:17:00,57301.6,57301.6,57284.9,57287.45,0
2026-08-18 11:18:00,57290.25,57290.25,57276.4,57279.25,0
2026-08-18 11:19:00,57284.1,57285.7,57273.8,57284.05,0
2026-08-18 11:20:00,57285.05,57287.7,57273.65,57276.15,0
2026-08-18 11:21:00,57278.55,57280.35,57267.95,57271.6,0
2026-08-18 11:22:00,57270.55,57278.15,57265.0,57270.05,0
2026-08-18 11:23:00,57270.6,57273.9,57261.5,57268.65,0
2026-08-18 11:24:00,57268.65,57279.05,57265.5,57272.3,0
2026-08-18 11:25:00,57272.85,57282.7,57269.1,57282.05,0
2026-08-18 11:26:00,57280.0,57281.6,57263.5,57264.5,0
2026-08-18 11:27:00,57261.1,57262.1,57237.25,57244.5,0
2026-08-18 11:28:00,57245.1,57249.5,57238.1,57244.1,0
2026-08-18 11:29:00,57245.9,57251.25,57242.6,57247.0,0
2026-08-18 11:30:00,57249.7,57249.75,57227.8,57229.35,0
2026-08-18 11:31:00,57233.8,57235.9,57217.6,57223.85,0
2026-08-18 11:32:00,57224.35,57243.75,57222.15,57239.25,0
2026-08-18 11:33:00,57239.25,57250.75,57231.95,57238.05,0
2026-08-18 11:34:00,57239.3,57257.25,57236.1,57255.5,0
2026-08-18 11:35:00,57256.35,57272.75,57255.25,57265.85,0
2026-08-18 11:36:00,57266.15,57267.0,57249.05,57265.45,0
2026-08-18 11:37:00,57265.45,57275.95,57256.45,57266.4,0
2026-08-18 11:38:00,57267.75,57301.1,57266.25,57295.7,0
2026-08-18 11:39:00,57302.75,57303.75,57286.15,57286.95,0
2026-08-18 11:40:00,57290.05,57294.2,57268.4,57269.15,0
2026-08-18 11:41:00,57271.65,57279.15,57267.25,57277.7,0
2026-08-18 11:42:00,57278.1,57279.5,57270.1,57274.55,0
2026-08-18 11:43:00,57274.55,57278.6,57267.6,57271.55,0
2026-08-18 11:44:00,57272.35,57285.25,57267.6,57282.2,0
2026-08-18 11:45:00,57282.05,57289.75,57273.95,57285.2,0
2026-08-18 11:46:00,57289.5,57291.95,57280.05,57289.4,0
2026-08-18 11:47:00,57288.0,57293.05,57273.75,57278.4,0
2026-08-18 11:48:00,57279.65,57289.25,57271.35,57284.7,0
2026-08-18 11:49:00,57284.8,57295.5,57278.95,57287.35,0
2026-08-18 11:50:00,57289.1,57318.6,57285.4,57318.3,0
2026-08-18 11:51:00,57315.15,57319.65,57293.05,57294.65,0
2026-08-18 11:52:00,57297.85,57308.9,57292.4,57305.8,0
2026-08-18 11:53:00,57304.65,57317.8,57301.75,57314.55,0
2026-08-18 11:54:00,57314.75,57324.9,57308.25,57314.5,0
2026-08-18 11:55:00,57317.95,57324.1,57306.35,57323.75,0
2026-08-18 11:56:00,57323.75,57323.75,57310.65,57319.25,0
2026-08-18 11:57:00,57322.45,57340.25,57317.85,57339.3,0
2026-08-18 11:58:00,57338.7,57343.95,57329.2,57338.7,0
2026-08-18 11:59:00,57340.45,57346.5,57331.45,57341.4,0
2026-08-18 12:00:00,57343.45,57350.85,57339.65,57349.65,0
2026-08-18 12:01:00,57349.65,57350.65,57337.65,57342.15,0
2026-08-18 12:02:00,57344.95,57349.4,57334.85,57335.4,0
2026-08-18 12:03:00,57337.65,57344.9,57329.45,57343.4,0
2026-08-18 12:04:00,57344.25,57377.05,57342.55,57370.8,0
2026-08-18 12:05:00,57373.15,57384.55,57372.1,57376.9,0
2026-08-18 12:06:00,57383.75,57383.75,57365.3,57369.65,0
2026-08-18 12:07:00,57370.65,57387.0,57363.8,57384.2,0
2026-08-18 12:08:00,57382.8,57386.95,57363.3,57368.45,0
2026-08-18 12:09:00,57369.2,57376.3,57363.4,57369.45,0
2026-08-18 12:10:00,57370.9,57374.7,57356.2,57366.35,0
2026-08-18 12:11:00,57369.5,57373.85,57363.45,57367.25,0
2026-08-18 12:12:00,57364.6,57368.2,57354.0,57362.9,0
2026-08-18 12:13:00,57362.2,57365.25,57339.35,57342.4,0
2026-08-18 12:14:00,57342.05,57354.3,57333.25,57350.55,0
2026-08-18 12:15:00,57350.25,57360.0,57346.35,57352.5,0
2026-08-18 12:16:00,57353.85,57354.6,57327.25,57337.7,0
2026-08-18 12:17:00,57337.4,57345.0,57326.45,57340.35,0
2026-08-18 12:18:00,57340.85,57348.0,57336.9,57345.7,0
2026-08-18 12:19:00,57345.7,57346.45,57328.85,57341.1,0
2026-08-18 12:20:00,57341.1,57346.75,57333.8,57337.05,0
2026-08-18 12:21:00,57340.35,57347.2,57335.85,57342.95,0
2026-08-18 12:22:00,57345.05,57352.65,57334.0,57352.25,0
2026-08-18 12:23:00,57352.25,57354.75,57339.2,57346.3,0
2026-08-18 12:24:00,57347.25,57349.2,57337.95,57341.75,0
2026-08-18 12:25:00,57344.9,57357.35,57336.4,57350.2,0
2026-08-18 12:26:00,57353.1,57358.45,57344.45,57345.3,0
2026-08-18 12:27:00,57352.95,57354.35,57339.15,57345.65,0
2026-08-18 12:28:00,57348.9,57364.85,57346.0,57362.05,0
2026-08-18 12:29:00,57363.95,57375.15,57354.85,57356.95,0
2026-08-18 12:30:00,57358.95,57363.15,57346.05,57356.15,0
2026-08-18 12:31:00,57357.15,57375.55,57354.8,57365.7,0
2026-08-18 12:32:00,57366.35,57368.45,57355.55,57362.15,0
2026-08-18 12:33:00,57362.1,57367.05,57356.9,57365.55,0
2026-08-18 12:34:00,57364.4,57365.0,57353.8,57358.15,0
2026-08-18 12:35:00,57358.15,57363.35,57351.1,57359.45,0
2026-08-18 12:36:00,57358.6,57367.45,57350.15,57363.35,0
2026-08-18 12:37:00,57366.25,57367.6,57348.35,57348.35,0
2026-08-18 12:38:00,57352.65,57352.65,57338.9,57340.35,0
2026-08-18 12:39:00,57343.45,57350.75,57338.65,57346.0,0
2026-08-18 12:40:00,57347.25,57349.05,57327.6,57335.4,0
2026-08-18 12:41:00,57335.95,57343.95,57319.9,57335.35,0
2026-08-18 12:42:00,57336.45,57342.2,57326.75,57334.1,0
2026-08-18 12:43:00,57338.45,57342.05,57320.85,57329.75,0
2026-08-18 12:44:00,57331.1,57331.1,57304.5,57310.8,0
2026-08-18 12:45:00,57310.8,57320.7,57305.2,57313.6,0
2026-08-18 12:46:00,57318.0,57318.3,57300.45,57306.45,0
2026-08-18 12:47:00,57307.75,57317.6,57306.25,57310.15,0
2026-08-18 12:48:00,57312.8,57315.35,57306.6,57314.25,0
2026-08-18 12:49:00,57316.75,57329.8,57315.15,57324.85,0
2026-08-18 12:50:00,57326.1,57344.45,57322.45,57334.1,0
2026-08-18 12:51:00,57336.55,57338.7,57324.25,57328.85,0
2026-08-18 12:52:00,57331.1,57340.3,57320.15,57326.85,0
2026-08-18 12:53:00,57323.5,57336.2,57317.4,57330.5,0
2026-08-18 12:54:00,57331.25,57346.05,57319.55,57338.05,0
2026-08-18 12:55:00,57338.05,57348.35,57334.95,57345.1,0
2026-08-18 12:56:00,57340.8,57352.3,57333.45,57347.7,0
2026-08-18 12:57:00,57348.7,57353.6,57338.1,57341.25,0
2026-08-18 12:58:00,57342.65,57342.8,57328.4,57333.55,0
2026-08-18 12:59:00,57333.0,57338.65,57325.45,57331.05,0
2026-08-18 13:00:00,57333.7,57334.05,57308.75,57312.35,0
2026-08-18 13:01:00,57312.3,57312.3,57290.95,57297.9,0
2026-08-18 13:02:00,57300.4,57306.3,57296.25,57305.4,0
2026-08-18 13:03:00,57305.15,57307.45,57293.1,57302.2,0
2026-08-18 13:04:00,57303.95,57314.1,57296.95,57311.6,0
2026-08-18 13:05:00,57306.25,57310.3,57286.7,57292.95,0
2026-08-18 13:06:00,57292.65,57297.3,57287.05,57291.25,0
2026-08-18 13:07:00,57293.4,57312.1,57289.2,57305.9,0
2026-08-18 13:08:00,57308.8,57314.9,57305.55,57305.55,0
2026-08-18 13:09:00,57310.65,57320.25,57305.15,57314.95,0
2026-08-18 13:10:00,57316.8,57326.55,57313.95,57319.3,0
2026-08-18 13:11:00,57326.95,57337.25,57321.2,57331.95,0
2026-08-18 13:12:00,57334.9,57337.65,57325.0,57333.6,0
2026-08-18 13:13:00,57331.5,57334.85,57322.9,57324.4,0
2026-08-18 13:14:00,57331.0,57331.9,57316.15,57322.95,0
2026-08-18 13:15:00,57323.3,57326.2,57315.65,57320.35,0
2026-08-18 13:16:00,57322.0,57323.65,57305.95,57309.85,0
2026-08-18 13:17:00,57313.2,57319.0,57305.85,57307.3,0
2026-08-18 13:18:00,57310.35,57320.55,57306.0,57315.3,0
2026-08-18 13:19:00,57314.2,57325.95,57314.2,57323.95,0
2026-08-18 13:20:00,57323.45,57324.3,57292.95,57295.8,0
2026-08-18 13:21:00,57296.5,57307.85,57290.0,57297.7,0
2026-08-18 13:22:00,57300.9,57316.1,57295.75,57308.25,0
2026-08-18 13:23:00,57316.25,57319.05,57279.05,57290.15,0
2026-08-18 13:24:00,57292.45,57307.7,57285.85,57301.75,0
2026-08-18 13:25:00,57305.8,57311.35,57295.0,57299.15,0
2026-08-18 13:26:00,57295.45,57296.3,57280.9,57289.75,0
2026-08-18 13:27:00,57293.05,57306.95,57277.35,57291.65,0
2026-08-18 13:28:00,57294.75,57306.4,57288.15,57296.65,0
2026-08-18 13:29:00,57296.85,57309.4,57292.7,57306.05,0
2026-08-18 13:30:00,57305.7,57309.15,57300.4,57306.2,0
2026-08-18 13:31:00,57310.35,57322.75,57306.9,57322.2,0
2026-08-18 13:32:00,57322.2,57322.35,57308.9,57314.3,0
2026-08-18 13:33:00,57315.3,57325.8,57313.3,57325.8,0
2026-08-18 13:34:00,57321.3,57327.95,57310.4,57314.75,0
2026-08-18 13:35:00,57316.15,57328.05,57310.75,57313.9,0
2026-08-18 13:36:00,57317.25,57323.35,57290.5,57294.2,0
2026-08-18 13:37:00,57294.8,57296.3,57276.1,57288.7,0
2026-08-18 13:38:00,57289.95,57294.2,57278.45,57283.1,0
2026-08-18 13:39:00,57286.3,57288.95,57275.75,57285.25,0
2026-08-18 13:40:00,57283.35,57297.45,57281.45,57292.45,0
2026-08-18 13:41:00,57297.0,57310.1,57292.65,57304.95,0
2026-08-18 13:42:00,57307.45,57312.55,57297.75,57305.7,0
2026-08-18 13:43:00,57310.6,57317.1,57304.75,57306.75,0
2026-08-18 13:44:00,57307.45,57316.35,57301.45,57308.45,0
2026-08-18 13:45:00,57308.4,57314.0,57299.1,57311.05,0
2026-08-18 13:46:00,57311.6,57318.9,57300.35,57305.6,0
2026-08-18 13:47:00,57305.95,57314.15,57302.15,57312.2,0
2026-08-18 13:48:00,57315.2,57315.2,57300.35,57309.85,0
2026-08-18 13:49:00,57313.95,57320.9,57305.3,57314.9,0
2026-08-18 13:50:00,57317.85,57323.1,57303.1,57304.7,0
2026-08-18 13:51:00,57307.15,57314.95,57299.3,57299.3,0
2026-08-18 13:52:00,57304.6,57304.6,57288.8,57295.0,0
2026-08-18 13:53:00,57298.55,57304.55,57291.95,57304.25,0
2026-08-18 13:54:00,57303.2,57308.2,57292.55,57296.75,0
2026-08-18 13:55:00,57301.6,57305.6,57294.25,57304.05,0
2026-08-18 13:56:00,57304.6,57307.8,57284.65,57292.9,0
2026-08-18 13:57:00,57297.2,57297.95,57278.0,57279.3,0
2026-08-18 13:58:00,57283.65,57287.55,57276.15,57282.5,0
2026-08-18 13:59:00,57283.05,57290.35,57276.85,57280.4,0
2026-08-18 14:00:00,57286.05,57307.45,57281.45,57296.9,0
2026-08-18 14:01:00,57298.85,57311.8,57297.2,57305.85,0
2026-08-18 14:02:00,57308.3,57338.35,57306.6,57336.15,0
2026-08-18 14:03:00,57337.5,57350.15,57332.05,57350.15,0
2026-08-18 14:04:00,57349.35,57361.3,57345.0,57357.9,0
2026-08-18 14:05:00,57357.15,57364.25,57330.25,57339.9,0
2026-08-18 14:06:00,57330.4,57364.55,57330.05,57356.35,0
2026-08-18 14:07:00,57359.4,57366.75,57347.25,57352.85,0
2026-08-18 14:08:00,57357.5,57360.1,57342.9,57343.75,0
2026-08-18 14:09:00,57347.25,57355.55,57334.95,57342.85,0
2026-08-18 14:10:00,57344.5,57354.95,57339.8,57343.95,0
2026-08-18 14:11:00,57346.1,57346.5,57328.65,57332.85,0
2026-08-18 14:12:00,57336.6,57351.7,57331.55,57344.75,0
2026-08-18 14:13:00,57350.0,57353.2,57339.6,57351.5,0
2026-08-18 14:14:00,57351.4,57353.65,57343.0,57348.75,0
2026-08-18 14:15:00,57351.3,57353.55,57335.0,57337.25,0
2026-08-18 14:16:00,57337.55,57341.7,57332.1,57338.25,0
2026-08-18 14:17:00,57338.5,57343.05,57327.05,57332.05,0
2026-08-18 14:18:00,57334.25,57340.95,57330.3,57337.7,0
2026-08-18 14:19:00,57336.6,57339.9,57316.8,57320.1,0
2026-08-18 14:20:00,57320.25,57337.9,57316.3,57332.75,0
2026-08-18 14:21:00,57333.7,57337.0,57321.0,57324.4,0
2026-08-18 14:22:00,57324.3,57329.3,57312.1,57325.75,0
2026-08-18 14:23:00,57326.95,57327.3,57302.3,57307.5,0
2026-08-18 14:24:00,57315.9,57361.35,57314.1,57345.0,0
2026-08-18 14:25:00,57344.2,57359.45,57340.2,57342.65,0
2026-08-18 14:26:00,57342.2,57349.6,57334.9,57339.35,0
2026-08-18 14:27:00,57340.25,57342.35,57289.8,57310.55,0
2026-08-18 14:28:00,57312.2,57330.75,57303.25,57326.5,0
2026-08-18 14:29:00,57328.4,57346.2,57322.85,57337.35,0
2026-08-18 14:30:00,57340.35,57368.95,57332.85,57356.85,0
2026-08-18 14:31:00,57358.75,57364.6,57333.6,57334.8,0
2026-08-18 14:32:00,57334.0,57350.9,57323.15,57337.5,0
2026-08-18 14:33:00,57339.65,57348.1,57330.75,57345.2,0
2026-08-18 14:34:00,57347.5,57357.75,57343.35,57343.35,0
2026-08-18 14:35:00,57347.2,57353.85,57329.0,57330.8,0
2026-08-18 14:36:00,57332.15,57335.9,57318.25,57320.95,0
2026-08-18 14:37:00,57324.2,57334.95,57314.85,57321.1,0
2026-08-18 14:38:00,57322.95,57333.15,57314.75,57328.75,0
2026-08-18 14:39:00,57330.2,57335.85,57318.25,57332.7,0
2026-08-18 14:40:00,57333.15,57333.35,57319.3,57330.85,0
2026-08-18 14:41:00,57330.85,57340.7,57324.45,57337.75,0
2026-08-18 14:42:00,57335.7,57350.2,57330.4,57344.25,0
2026-08-18 14:43:00,57347.8,57351.85,57341.25,57342.9,0
2026-08-18 14:44:00,57348.1,57361.85,57343.4,57359.45,0
2026-08-18 14:45:00,57358.05,57358.05,57347.85,57350.55,0
2026-08-18 14:46:00,57350.8,57360.75,57339.9,57356.8,0
2026-08-18 14:47:00,57359.2,57361.0,57349.95,57353.95,0
2026-08-18 14:48:00,57359.65,57360.2,57343.15,57357.0,0
2026-08-18 14:49:00,57356.5,57361.0,57351.25,57357.8,0
2026-08-18 14:50:00,57362.05,57377.9,57355.0,57372.6,0
2026-08-18 14:51:00,57374.6,57384.4,57370.1,57374.75,0
2026-08-18 14:52:00,57375.4,57379.4,57358.05,57371.6,0
2026-08-18 14:53:00,57371.05,57371.05,57355.3,57359.4,0
2026-08-18 14:54:00,57359.8,57371.8,57356.85,57368.3,0
2026-08-18 14:55:00,57368.3,57375.2,57361.05,57368.95,0
2026-08-18 14:56:00,57371.9,57400.05,57362.5,57398.4,0
2026-08-18 14:57:00,57403.3,57410.45,57392.3,57401.9,0
2026-08-18 14:58:00,57404.65,57404.65,57383.75,57387.6,0
2026-08-18 14:59:00,57396.8,57396.8,57376.55,57387.1,0
2026-08-18 15:00:00,57385.7,57414.9,57378.3,57407.1,0
2026-08-18 15:01:00,57407.95,57413.95,57393.2,57396.8,0
2026-08-18 15:02:00,57399.75,57399.75,57381.0,57391.8,0
2026-08-18 15:03:00,57400.65,57400.65,57378.4,57386.4,0
2026-08-18 15:04:00,57387.05,57388.75,57368.45,57374.25,0
2026-08-18 15:05:00,57379.05,57379.05,57353.9,57376.0,0
2026-08-18 15:06:00,57377.3,57379.65,57365.4,57373.15,0
2026-08-18 15:07:00,57376.85,57382.55,57360.75,57373.7,0
2026-08-18 15:08:00,57377.15,57379.7,57365.95,57373.5,0
2026-08-18 15:09:00,57374.15,57374.2,57346.75,57360.15,0
2026-08-18 15:10:00,57360.75,57368.8,57348.95,57363.05,0
2026-08-18 15:11:00,57363.15,57368.65,57352.45,57361.85,0
2026-08-18 15:12:00,57362.55,57368.35,57328.0,57336.05,0
2026-08-18 15:13:00,57339.6,57349.35,57330.8,57337.4,0
2026-08-18 15:14:00,57333.1,57336.45,57291.9,57314.55,0
2026-08-18 15:15:00,57308.15,57308.15,57308.15,57308.15,0
2026-08-18 15:16:00,57308.15,57308.15,57308.15,57308.15,0
2026-08-18 15:17:00,57308.15,57308.15,57308.15,57308.15,0
2026-08-18 15:18:00,57308.15,57308.15,57308.15,57308.15,0
2026-08-18 15:19:00,57308.15,57308.15,57308.15,57308.15,0
2026-08-18 15:20:00,57308.15,57308.15,57308.15,57308.15,0
2026-08-18 15:21:00,57308.15,57308.15,57308.15,57308.15,0
2026-08-18 15:22:00,57308.15,57308.15,57308.15,57308.15,0
2026-08-18 15:23:00,57308.15,57308.15,57308.15,57308.15,0
2026-08-18 15:24:00,57308.15,57308.15,57308.15,57308.15,0
2026-08-18 15:25:00,57308.15,57308.15,57308.15,57308.15,0
2026-08-18 15:26:00,57308.15,57308.15,57308.15,57308.15,0
2026-08-18 15:27:00,57308.15,57308.15,57308.15,57308.15,0
2026-08-18 15:28:00,57308.15,57308.15,57308.15,57308.15,0
2026-08-18 15:29:00,57308.15,57308.15,57262.4,57262.4,0
2026-08-18 15:30:00,57308.15,57308.15,57262.4,57262.4,0
2026-08-18 15:31:00,57262.4,57262.4,57262.4,57262.4,0
2026-08-19 09:15:00,57260.65,57356.85,57126.7,57180.25,0
2026-08-19 09:16:00,57178.85,57191.1,57149.3,57151.65,0
2026-08-19 09:17:00,57152.15,57163.9,57130.7,57161.6,0
2026-08-19 09:18:00,57161.85,57176.6,57145.2,57148.1,0
2026-08-19 09:19:00,57154.3,57180.05,57145.35,57154.4,0
2026-08-19 09:20:00,57156.2,57156.2,57106.9,57115.8,0
2026-08-19 09:21:00,57114.25,57164.0,57114.25,57159.95,0
2026-08-19 09:22:00,57161.5,57171.6,57144.05,57155.95,0
2026-08-19 09:23:00,57152.4,57156.0,57138.15,57152.15,0
2026-08-19 09:24:00,57150.4,57157.2,57118.55,57121.4,0
2026-08-19 09:25:00,57130.8,57143.85,57104.3,57104.3,0
2026-08-19 09:26:00,57112.45,57137.65,57094.5,57131.6,0
2026-08-19 09:27:00,57136.25,57147.0,57125.9,57136.7,0
2026-08-19 09:28:00,57137.9,57137.9,57113.2,57120.45,0
2026-08-19 09:29:00,57121.8,57123.85,57100.3,57106.4,0
2026-08-19 09:30:00,57107.5,57111.3,57087.85,57093.45,0
2026-08-19 09:31:00,57094.8,57107.75,57076.2,57080.9,0
2026-08-19 09:32:00,57084.6,57093.05,57066.1,57076.55,0
2026-08-19 09:33:00,57079.85,57082.6,57052.15,57055.4,0
2026-08-19 09:34:00,57064.6,57064.6,57031.5,57036.3,0
2026-08-19 09:35:00,57045.8,57045.8,57012.25,57017.1,0
2026-08-19 09:36:00,57026.7,57029.5,57006.9,57010.8,0
2026-08-19 09:37:00,57021.2,57026.8,57003.35,57007.5,0
2026-08-19 09:38:00,57014.85,57018.4,57001.75,57010.9,0
2026-08-19 09:39:00,57014.85,57040.7,57004.5,57037.4,0
2026-08-19 09:40:00,57043.2,57055.25,57023.4,57053.95,0
2026-08-19 09:41:00,57059.15,57085.5,57053.4,57078.4,0
2026-08-19 09:42:00,57082.9,57087.8,57077.35,57079.7,0
2026-08-19 09:43:00,57086.8,57110.05,57080.55,57105.95,0
2026-08-19 09:44:00,57112.35,57112.8,57092.55,57099.25,0
2026-08-19 09:45:00,57102.05,57112.1,57084.15,57086.05,0
2026-08-19 09:46:00,57088.5,57095.4,57067.95,57072.15,0
2026-08-19 09:47:00,57073.95,57091.2,57070.3,57081.5,0
2026-08-19 09:48:00,57085.5,57099.0,57079.95,57095.05,0
2026-08-19 09:49:00,57098.25,57128.45,57096.3,57126.95,0
2026-08-19 09:50:00,57128.05,57174.45,57114.95,57172.3,0
2026-08-19 09:51:00,57172.85,57213.0,57172.85,57187.8,0
2026-08-19 09:52:00,57190.15,57190.7,57172.6,57190.4,0
2026-08-19 09:53:00,57190.8,57207.75,57186.2,57200.6,0
2026-08-19 09:54:00,57199.45,57207.3,57193.7,57200.5,0
2026-08-19 09:55:00,57199.65,57204.6,57180.1,57190.0,0
2026-08-19 09:56:00,57189.5,57199.1,57183.25,57194.55,0
2026-08-19 09:57:00,57195.25,57201.5,57170.95,57173.25,0
2026-08-19 09:58:00,57173.1,57173.65,57152.5,57171.55,0
2026-08-19 09:59:00,57170.55,57170.55,57156.5,57162.95,0
2026-08-19 10:00:00,57159.2,57168.75,57151.6,57168.75,0
2026-08-19 10:01:00,57168.5,57175.85,57154.3,57168.55,0
2026-08-19 10:02:00,57164.6,57177.25,57161.1,57171.6,0
2026-08-19 10:03:00,57177.85,57216.45,57169.4,57213.0,0
2026-08-19 10:04:00,57211.3,57217.85,57188.8,57189.95,0
2026-08-19 10:05:00,57194.6,57207.8,57189.2,57198.25,0
2026-08-19 10:06:00,57201.85,57205.85,57189.8,57198.85,0
2026-08-19 10:07:00,57199.05,57213.8,57196.5,57213.4,0
2026-08-19 10:08:00,57213.4,57231.15,57201.9,57231.15,0
2026-08-19 10:09:00,57231.7,57232.15,57213.95,57218.55,0
2026-08-19 10:10:00,57215.55,57242.45,57212.9,57242.0,0
2026-08-19 10:11:00,57242.05,57244.95,57217.8,57220.65,0
2026-08-19 10:12:00,57225.2,57225.2,57187.8,57191.1,0
2026-08-19 10:13:00,57191.0,57197.75,57183.95,57184.95,0
2026-08-19 10:14:00,57187.45,57216.8,57179.0,57210.65,0
2026-08-19 10:15:00,57214.7,57222.5,57191.3,57192.1,0
2026-08-19 10:16:00,57197.0,57200.35,57177.55,57180.6,0
2026-08-19 10:17:00,57183.6,57183.6,57158.35,57158.35,0
2026-08-19 10:18:00,57164.1,57164.1,57143.25,57148.45,0
2026-08-19 10:19:00,57148.75,57155.8,57129.95,57145.45,0
2026-08-19 10:20:00,57150.85,57157.55,57115.55,57115.55,0
2026-08-19 10:21:00,57122.45,57122.45,57106.7,57113.75,0
2026-08-19 10:22:00,57113.05,57125.05,57107.4,57113.35,0
2026-08-19 10:23:00,57112.55,57121.3,57105.05,57108.7,0
2026-08-19 10:24:00,57110.35,57111.0,57093.9,57102.75,0
2026-08-19 10:25:00,57104.05,57123.05,57098.7,57112.65,0
2026-08-19 10:26:00,57119.15,57119.15,57107.55,57111.3,0
2026-08-19 10:27:00,57114.55,57120.2,57109.55,57116.55,0
2026-08-19 10:28:00,57117.35,57118.9,57101.85,57106.5,0
2026-08-19 10:29:00,57107.95,57116.55,57101.0,57103.9,0
2026-08-19 10:30:00,57104.65,57104.65,57094.0,57099.1,0
2026-08-19 10:31:00,57096.95,57105.45,57074.5,57100.8,0
2026-08-19 10:32:00,57102.6,57124.3,57097.0,57123.35,0
2026-08-19 10:33:00,57120.85,57124.75,57110.4,57122.45,0
2026-08-19 10:34:00,57123.0,57125.2,57092.3,57096.55,0
2026-08-19 10:35:00,57097.7,57103.15,57078.5,57095.2,0
2026-08-19 10:36:00,57097.3,57104.0,57086.9,57092.95,0
2026-08-19 10:37:00,57095.75,57095.75,57064.2,57078.5,0
2026-08-19 10:38:00,57080.85,57087.05,57072.25,57083.15,0
2026-08-19 10:39:00,57087.9,57091.25,57081.4,57086.05,0
2026-08-19 10:40:00,57089.7,57090.95,57078.7,57082.05,0
2026-08-19 10:41:00,57084.55,57087.0,57064.55,57065.45,0
2026-08-19 10:42:00,57067.05,57076.9,57058.7,57073.0,0
2026-08-19 10:43:00,57073.3,57073.85,57052.85,57067.65,0
2026-08-19 10:44:00,57071.1,57088.05,57071.1,57083.55,0
2026-08-19 10:45:00,57089.15,57089.55,57073.35,57075.15,0
2026-08-19 10:46:00,57071.75,57081.35,57070.35,57074.8,0
2026-08-19 10:47:00,57075.1,57076.35,57064.85,57068.25,0
2026-08-19 10:48:00,57070.7,57078.0,57062.5,57070.0,0
2026-08-19 10:49:00,57073.6,57078.3,57063.0,57065.15,0
2026-08-19 10:50:00,57068.0,57069.3,57058.1,57064.3,0
2026-08-19 10:51:00,57066.2,57067.2,57054.7,57064.65,0
2026-08-19 10:52:00,57066.75,57073.75,57059.55,57061.1,0
2026-08-19 10:53:00,57064.75,57071.9,57056.65,57063.1,0
2026-08-19 10:54:00,57065.0,57080.85,57058.8,57079.55,0
2026-08-19 10:55:00,57082.4,57094.05,57077.55,57086.8,0
2026-08-19 10:56:00,57085.6,57091.55,57079.55,57084.5,0
2026-08-19 10:57:00,57086.2,57088.05,57071.2,57081.8,0
2026-08-19 10:58:00,57086.05,57098.3,57077.65,57091.05,0
2026-08-19 10:59:00,57092.8,57094.65,57069.45,57070.45,0
2026-08-19 11:00:00,57077.55,57083.6,57064.15,57068.8,0
2026-08-19 11:01:00,57071.4,57080.8,57066.85,57070.7,0
2026-08-19 11:02:00,57076.7,57077.9,57057.95,57065.8,0
2026-08-19 11:03:00,57072.55,57076.0,57049.55,57050.25,0
2026-08-19 11:04:00,57057.35,57074.15,57049.1,57072.5,0
2026-08-19 11:05:00,57072.95,57082.2,57066.9,57070.25,0
2026-08-19 11:06:00,57070.45,57074.9,57057.05,57060.9,0
2026-08-19 11:07:00,57062.75,57066.8,57022.2,57025.95,0
2026-08-19 11:08:00,57024.65,57045.55,57014.75,57038.45,0
2026-08-19 11:09:00,57039.1,57047.7,57031.45,57043.3,0
2026-08-19 11:10:00,57040.9,57055.2,57038.9,57043.85,0
2026-08-19 11:11:00,57050.45,57067.4,57040.65,57051.3,0
2026-08-19 11:12:00,57053.1,57056.25,57038.0,57048.5,0
2026-08-19 11:13:00,57052.5,57062.95,57038.45,57062.95,0
2026-08-19 11:14:00,57067.95,57070.75,57047.15,57049.9,0
2026-08-19 11:15:00,57055.35,57069.0,57053.0,57066.35,0
2026-08-19 11:16:00,57068.75,57068.75,57052.85,57061.5,0
2026-08-19 11:17:00,57062.05,57072.05,57058.1,57061.75,0
2026-08-19 11:18:00,57067.1,57069.5,57054.45,57063.15,0
2026-08-19 11:19:00,57064.45,57073.25,57058.2,57065.3,0
2026-08-19 11:20:00,57076.85,57085.45,57059.15,57064.7,0
2026-08-19 11:21:00,57068.95,57083.3,57061.05,57082.6,0
2026-08-19 11:22:00,57080.85,57084.35,57070.5,57077.5,0
2026-08-19 11:23:00,57079.25,57082.75,57060.85,57061.15,0
2026-08-19 11:24:00,57069.15,57070.55,57050.2,57051.3,0
2026-08-19 11:25:00,57056.85,57061.35,57045.35,57054.2,0
2026-08-19 11:26:00,57057.75,57058.25,57041.5,57056.1,0
2026-08-19 11:27:00,57057.65,57060.15,57044.7,57046.9,0
2026-08-19 11:28:00,57052.55,57055.0,57039.5,57041.8,0
2026-08-19 11:29:00,57045.6,57048.3,57028.5,57045.6,0
2026-08-19 11:30:00,57049.9,57077.15,57048.4,57071.5,0
2026-08-19 11:31:00,57072.3,57076.45,57063.5,57068.1,0
2026-08-19 11:32:00,57066.6,57072.55,57058.7,57069.85,0
2026-08-19 11:33:00,57065.95,57073.05,57058.2,57068.35,0
2026-08-19 11:34:00,57075.15,57078.95,57068.5,57070.8,0
2026-08-19 11:35:00,57076.05,57078.35,57059.7,57070.2,0
2026-08-19 11:36:00,57072.15,57077.9,57056.0,57057.4,0
2026-08-19 11:37:00,57055.3,57062.65,57048.6,57049.45,0
2026-08-19 11:38:00,57053.45,57068.2,57049.5,57056.0,0
2026-08-19 11:39:00,57055.45,57066.95,57054.75,57060.35,0
2026-08-19 11:40:00,57063.4,57066.4,57044.75,57059.4,0
2026-08-19 11:41:00,57058.75,57066.75,57055.7,57061.55,0
2026-08-19 11:42:00,57062.8,57066.6,57053.35,57058.75,0
2026-08-19 11:43:00,57057.15,57066.3,57053.1,57062.0,0
2026-08-19 11:44:00,57062.4,57068.9,57056.0,57064.45,0
2026-08-19 11:45:00,57068.9,57069.4,57058.05,57068.2,0
2026-08-19 11:46:00,57069.9,57104.9,57069.1,57096.75,0
2026-08-19 11:47:00,57097.9,57121.15,57090.95,57117.4,0
2026-08-19 11:48:00,57118.3,57125.5,57110.15,57124.0,0
2026-08-19 11:49:00,57125.95,57136.0,57113.1,57128.7,0
2026-08-19 11:50:00,57130.25,57155.6,57124.7,57138.25,0
2026-08-19 11:51:00,57144.1,57156.5,57138.4,57154.8,0
2026-08-19 11:52:00,57155.35,57187.55,57151.95,57183.95,0
2026-08-19 11:53:00,57188.8,57218.9,57184.2,57207.5,0
2026-08-19 11:54:00,57208.05,57209.75,57198.55,57202.8,0
2026-08-19 11:55:00,57204.25,57207.45,57188.05,57197.65,0
2026-08-19 11:56:00,57200.55,57205.9,57182.0,57184.25,0
2026-08-19 11:57:00,57189.9,57194.6,57180.45,57189.9,0
2026-08-19 11:58:00,57190.8,57199.05,57182.4,57187.2,0
2026-08-19 11:59:00,57187.35,57197.6,57183.2,57185.45,0
2026-08-19 12:00:00,57188.4,57192.75,57151.85,57158.6,0
2026-08-19 12:01:00,57159.25,57163.85,57145.8,57146.95,0
2026-08-19 12:02:00,57148.0,57150.95,57138.9,57139.65,0
2026-08-19 12:03:00,57138.1,57143.0,57106.8,57108.5,0
2026-08-19 12:04:00,57112.35,57119.85,57091.65,57098.25,0
2026-08-19 12:05:00,57098.15,57101.1,57087.65,57096.7,0
2026-08-19 12:06:00,57098.95,57127.5,57098.35,57127.15,0
2026-08-19 12:07:00,57125.4,57125.8,57103.8,57103.8,0
2026-08-19 12:08:00,57108.55,57113.35,57094.35,57101.8,0
2026-08-19 12:09:00,57109.15,57111.05,57081.25,57094.15,0
2026-08-19 12:10:00,57100.45,57101.0,57081.95,57094.3,0
2026-08-19 12:11:00,57094.7,57099.85,57089.45,57091.9,0
2026-08-19 12:12:00,57090.35,57092.95,57073.6,57077.75,0
2026-08-19 12:13:00,57079.15,57086.15,57066.65,57069.35,0
2026-08-19 12:14:00,57071.95,57078.2,57064.15,57065.2,0
2026-08-19 12:15:00,57065.7,57078.6,57062.65,57073.0,0
2026-08-19 12:16:00,57073.1,57081.65,57068.2,57075.7,0
2026-08-19 12:17:00,57077.45,57082.4,57066.0,57079.4,0
2026-08-19 12:18:00,57078.4,57084.45,57066.65,57079.75,0
2026-08-19 12:19:00,57081.0,57102.6,57077.35,57093.75,0
2026-08-19 12:20:00,57093.15,57105.0,57087.95,57096.6,0
2026-08-19 12:21:00,57097.75,57110.2,57093.0,57110.2,0
2026-08-19 12:22:00,57109.35,57109.35,57083.15,57093.05,0
2026-08-19 12:23:00,57097.2,57107.9,57092.65,57104.65,0
2026-08-19 12:24:00,57104.65,57116.8,57103.45,57112.1,0
2026-08-19 12:25:00,57112.45,57113.85,57089.05,57094.1,0
2026-08-19 12:26:00,57097.05,57100.55,57080.35,57080.35,0
2026-08-19 12:27:00,57082.9,57091.6,57077.7,57081.3,0
2026-08-19 12:28:00,57083.3,57088.65,57076.55,57085.4,0
2026-08-19 12:29:00,57090.5,57101.45,57086.8,57093.8,0
2026-08-19 12:30:00,57096.3,57098.15,57079.65,57079.65,0
2026-08-19 12:31:00,57084.65,57088.85,57069.9,57074.55,0
2026-08-19 12:32:00,57073.15,57080.4,57063.4,57066.0,0
2026-08-19 12:33:00,57068.9,57074.85,57061.55,57063.55,0
2026-08-19 12:34:00,57067.7,57077.4,57063.75,57065.3,0
2026-08-19 12:35:00,57068.6,57089.25,57066.05,57085.5,0
2026-08-19 12:36:00,57088.85,57098.35,57078.55,57088.3,0
2026-08-19 12:37:00,57095.15,57098.05,57069.8,57075.65,0
2026-08-19 12:38:00,57081.25,57083.7,57046.55,57051.65,0
2026-08-19 12:39:00,57049.65,57080.5,57049.65,57072.1,0
2026-08-19 12:40:00,57075.1,57082.05,57061.75,57067.55,0
2026-08-19 12:41:00,57069.75,57076.9,57056.45,57067.0,0
2026-08-19 12:42:00,57066.9,57075.4,57051.95,57057.4,0
2026-08-19 12:43:00,57059.45,57084.65,57051.65,57081.05,0
2026-08-19 12:44:00,57082.45,57084.25,57063.45,57064.6,0
2026-08-19 12:45:00,57067.1,57076.05,57048.3,57057.3,0
2026-08-19 12:46:00,57063.2,57068.05,57048.5,57062.6,0
2026-08-19 12:47:00,57064.85,57068.2,57050.9,57057.5,0
2026-08-19 12:48:00,57061.7,57076.4,57052.45,57067.15,0
2026-08-19 12:49:00,57067.15,57071.3,57055.05,57067.7,0
2026-08-19 12:50:00,57071.45,57081.0,57062.65,57080.45,0
2026-08-19 12:51:00,57080.55,57082.4,57064.3,57081.05,0
2026-08-19 12:52:00,57082.65,57087.1,57069.2,57077.75,0
2026-08-19 12:53:00,57083.25,57090.5,57074.6,57088.85,0
2026-08-19 12:54:00,57089.05,57097.95,57074.85,57080.35,0
2026-08-19 12:55:00,57085.25,57091.65,57070.5,57074.0,0
2026-08-19 12:56:00,57077.75,57083.25,57056.9,57070.1,0
2026-08-19 12:57:00,57073.85,57080.25,57060.4,57073.95,0
2026-08-19 12:58:00,57075.55,57078.65,57060.55,57064.45,0
2026-08-19 12:59:00,57073.25,57087.3,57064.95,57082.5,0
2026-08-19 13:00:00,57084.3,57093.6,57066.9,57076.5,0
2026-08-19 13:01:00,57076.65,57088.15,57069.35,57082.4,0
2026-08-19 13:02:00,57082.25,57087.4,57072.8,57080.8,0
2026-08-19 13:03:00,57080.85,57104.15,57074.8,57103.6,0
2026-08-19 13:04:00,57104.7,57113.55,57095.6,57104.8,0
2026-08-19 13:05:00,57106.85,57106.85,57088.9,57099.1,0
2026-08-19 13:06:00,57101.3,57105.45,57087.6,57098.05,0
2026-08-19 13:07:00,57102.7,57110.05,57087.25,57105.5,0
2026-08-19 13:08:00,57109.5,57112.5,57095.9,57106.5,0
2026-08-19 13:09:00,57111.85,57123.55,57103.35,57120.6,0
2026-08-19 13:10:00,57120.6,57126.7,57101.1,57111.4,0
2026-08-19 13:11:00,57110.7,57117.0,57100.25,57102.15,0
2026-08-19 13:12:00,57106.1,57108.3,57078.25,57085.55,0
2026-08-19 13:13:00,57089.8,57089.9,57074.4,57081.0,0
2026-08-19 13:14:00,57083.75,57085.6,57060.0,57063.1,0
2026-08-19 13:15:00,57064.35,57078.5,57056.95,57063.45,0
2026-08-19 13:16:00,57067.8,57074.1,57051.2,57060.35,0
2026-08-19 13:17:00,57060.75,57065.4,57042.25,57048.65,0
2026-08-19 13:18:00,57051.7,57075.8,57050.05,57066.3,0
2026-08-19 13:19:00,57068.85,57076.9,57048.3,57048.3,0
2026-08-19 13:20:00,57054.0,57057.1,57037.55,57049.25,0
2026-08-19 13:21:00,57049.6,57059.45,57038.15,57051.25,0
2026-08-19 13:22:00,57051.55,57064.65,57046.35,57058.75,0
2026-08-19 13:23:00,57058.05,57064.3,57049.65,57059.65,0
2026-08-19 13:24:00,57062.2,57068.8,57051.45,57061.6,0
2026-08-19 13:25:00,57060.2,57075.9,57052.95,57070.3,0
2026-08-19 13:26:00,57069.75,57076.1,57062.0,57071.35,0
2026-08-19 13:27:00,57071.25,57074.3,57060.35,57072.05,0
2026-08-19 13:28:00,57074.15,57082.5,57067.45,57077.35,0
2026-08-19 13:29:00,57082.5,57082.5,57062.7,57074.3,0
2026-08-19 13:30:00,57071.3,57080.75,57062.4,57076.6,0
2026-08-19 13:31:00,57077.8,57079.65,57057.1,57061.25,0
2026-08-19 13:32:00,57066.5,57078.9,57060.6,57068.85,0
2026-08-19 13:33:00,57073.65,57075.5,57058.7,57066.15,0
2026-08-19 13:34:00,57068.45,57072.95,57055.4,57066.3,0
2026-08-19 13:35:00,57069.45,57083.1,57057.45,57079.0,0
2026-08-19 13:36:00,57083.3,57091.45,57067.95,57088.3,0
2026-08-19 13:37:00,57092.4,57105.2,57072.85,57091.7,0
2026-08-19 13:38:00,57089.95,57091.55,57074.65,57076.55,0
2026-08-19 13:39:00,57081.55,57103.8,57072.25,57098.95,0
2026-08-19 13:40:00,57103.3,57112.7,57093.35,57097.7,0
2026-08-19 13:41:00,57101.35,57115.95,57092.25,57108.4,0
2026-08-19 13:42:00,57109.35,57116.1,57103.9,57109.8,0
2026-08-19 13:43:00,57109.9,57121.85,57102.45,57114.4,0
2026-08-19 13:44:00,57119.9,57124.4,57095.5,57102.05,0
2026-08-19 13:45:00,57106.65,57133.4,57092.85,57092.85,0
2026-08-19 13:46:00,57100.45,57109.75,57083.85,57099.05,0
2026-08-19 13:47:00,57104.8,57107.4,57089.35,57099.4,0
2026-08-19 13:48:00,57101.9,57103.65,57077.0,57099.6,0
2026-08-19 13:49:00,57097.9,57110.7,57085.5,57092.8,0
2026-08-19 13:50:00,57094.95,57094.95,57077.55,57083.0,0
2026-08-19 13:51:00,57088.45,57103.85,57063.2,57070.7,0
2026-08-19 13:52:00,57073.3,57091.15,57064.15,57083.5,0
2026-08-19 13:53:00,57084.35,57096.25,57076.55,57092.85,0
2026-08-19 13:54:00,57096.3,57103.85,57078.45,57086.25,0
2026-08-19 13:55:00,57088.85,57098.65,57079.4,57092.3,0
2026-08-19 13:56:00,57097.7,57100.75,57086.9,57099.4,0
2026-08-19 13:57:00,57099.25,57115.45,57095.65,57107.8,0
2026-08-19 13:58:00,57111.85,57121.15,57103.2,57110.25,0
2026-08-19 13:59:00,57115.0,57119.55,57100.15,57116.0,0
2026-08-19 14:00:00,57118.7,57132.95,57108.9,57132.8,0
2026-08-19 14:01:00,57133.0,57159.1,57120.15,57153.3,0
2026-08-19 14:02:00,57158.8,57169.75,57154.15,57159.15,0
2026-08-19 14:03:00,57161.4,57180.1,57159.8,57174.8,0
2026-08-19 14:04:00,57178.2,57179.75,57162.15,57168.75,0
2026-08-19 14:05:00,57171.2,57172.95,57152.15,57158.9,0
2026-08-19 14:06:00,57162.85,57173.0,57155.25,57169.2,0
2026-08-19 14:07:00,57171.1,57179.2,57157.35,57179.05,0
2026-08-19 14:08:00,57183.25,57194.45,57181.65,57182.85,0
2026-08-19 14:09:00,57187.1,57189.1,57158.05,57164.65,0
2026-08-19 14:10:00,57168.65,57171.05,57151.4,57167.95,0
2026-08-19 14:11:00,57173.0,57177.8,57161.1,57170.2,0
2026-08-19 14:12:00,57174.5,57174.8,57157.25,57165.85,0
2026-08-19 14:13:00,57164.45,57169.45,57150.9,57152.6,0
2026-08-19 14:14:00,57151.2,57157.35,57136.05,57139.85,0
2026-08-19 14:15:00,57139.3,57151.6,57129.8,57136.5,0
2026-08-19 14:16:00,57139.35,57141.15,57116.25,57119.9,0
2026-08-19 14:17:00,57122.8,57147.75,57122.8,57135.75,0
2026-08-19 14:18:00,57136.0,57149.6,57120.75,57129.8,0
2026-08-19 14:19:00,57132.1,57138.1,57118.6,57129.15,0
2026-08-19 14:20:00,57127.95,57139.6,57117.85,57131.0,0
2026-08-19 14:21:00,57131.3,57133.9,57118.0,57133.0,0
2026-08-19 14:22:00,57133.9,57134.05,57105.95,57118.45,0
2026-08-19 14:23:00,57124.0,57126.1,57096.85,57115.45,0
2026-08-19 14:24:00,57115.85,57123.2,57100.75,57113.55,0
2026-08-19 14:25:00,57113.45,57137.8,57106.4,57126.45,0
2026-08-19 14:26:00,57128.2,57132.15,57101.25,57110.2,0
2026-08-19 14:27:00,57111.6,57128.25,57111.1,57121.2,0
2026-08-19 14:28:00,57121.45,57127.85,57108.95,57117.8,0
2026-08-19 14:29:00,57121.85,57144.7,57112.85,57142.6,0
2026-08-19 14:30:00,57143.2,57170.5,57138.45,57169.6,0
2026-08-19 14:31:00,57171.3,57177.1,57159.3,57168.95,0
2026-08-19 14:32:00,57174.3,57174.3,57151.6,57159.85,0
2026-08-19 14:33:00,57162.7,57184.5,57157.8,57178.3,0
2026-08-19 14:34:00,57178.3,57182.35,57168.9,57174.05,0
2026-08-19 14:35:00,57176.1,57304.05,57161.65,57301.3,0
2026-08-19 14:36:00,57303.3,57304.35,57249.45,57265.75,0
2026-08-19 14:37:00,57265.75,57273.45,57226.4,57232.9,0
2026-08-19 14:38:00,57232.4,57238.8,57192.95,57200.75,0
2026-08-19 14:39:00,57200.2,57212.75,57182.55,57196.4,0
2026-08-19 14:40:00,57202.15,57209.05,57189.8,57207.4,0
2026-08-19 14:41:00,57210.95,57218.3,57183.55,57193.15,0
2026-08-19 14:42:00,57195.65,57214.35,57189.2,57212.9,0
2026-08-19 14:43:00,57215.95,57242.9,57209.25,57241.8,0
2026-08-19 14:44:00,57242.9,57245.85,57217.25,57227.2,0
2026-08-19 14:45:00,57229.8,57250.95,57224.7,57243.0,0
2026-08-19 14:46:00,57247.55,57247.55,57224.85,57229.35,0
2026-08-19 14:47:00,57236.15,57236.15,57212.85,57219.05,0
2026-08-19 14:48:00,57220.45,57220.45,57195.8,57202.25,0
2026-08-19 14:49:00,57203.35,57208.7,57195.5,57199.15,0
2026-08-19 14:50:00,57204.65,57220.2,57194.6,57201.75,0
2026-08-19 14:51:00,57201.9,57216.0,57198.55,57207.1,0
2026-08-19 14:52:00,57210.5,57211.05,57183.4,57192.45,0
2026-08-19 14:53:00,57196.6,57203.85,57184.5,57198.75,0
2026-08-19 14:54:00,57202.85,57207.25,57193.85,57202.05,0
2026-08-19 14:55:00,57206.2,57207.7,57189.65,57196.3,0
2026-08-19 14:56:00,57196.4,57228.2,57187.35,57216.7,0
2026-08-19 14:57:00,57218.1,57219.7,57197.55,57207.0,0
2026-08-19 14:58:00,57207.0,57219.45,57200.95,57213.1,0
2026-08-19 14:59:00,57216.8,57219.65,57204.9,57211.2,0
2026-08-19 15:00:00,57209.25,57213.25,57201.9,57208.35,0
2026-08-19 15:01:00,57205.3,57227.6,57200.8,57220.4,0
2026-08-19 15:02:00,57224.55,57226.2,57215.0,57218.8,0
2026-08-19 15:03:00,57217.85,57224.35,57209.55,57217.15,0
2026-08-19 15:04:00,57218.65,57219.85,57201.45,57206.15,0
2026-08-19 15:05:00,57205.35,57205.35,57175.25,57179.95,0
2026-08-19 15:06:00,57180.6,57181.6,57155.8,57166.15,0
2026-08-19 15:07:00,57168.75,57172.25,57156.2,57166.3,0
2026-08-19 15:08:00,57167.85,57171.5,57160.1,57169.65,0
2026-08-19 15:09:00,57176.15,57187.95,57168.6,57179.35,0
2026-08-19 15:10:00,57177.45,57188.2,57168.45,57172.1,0
2026-08-19 15:11:00,57173.75,57179.0,57158.7,57167.1,0
2026-08-19 15:12:00,57167.05,57168.75,57147.25,57159.4,0
2026-08-19 15:13:00,57159.55,57180.25,57151.95,57169.4,0
2026-08-19 15:14:00,57171.5,57195.5,57150.9,57156.9,0
2026-08-19 15:15:00,57157.75,57157.75,57157.75,57157.75,0
2026-08-19 15:16:00,57157.75,57157.75,57157.75,57157.75,0
2026-08-19 15:17:00,57157.75,57157.75,57157.75,57157.75,0
2026-08-19 15:18:00,57157.75,57157.75,57157.75,57157.75,0
2026-08-19 15:19:00,57157.75,57157.75,57157.75,57157.75,0
2026-08-19 15:20:00,57157.75,57157.75,57157.75,57157.75,0
2026-08-19 15:21:00,57157.75,57157.75,57157.75,57157.75,0
2026-08-19 15:22:00,57157.75,57157.75,57157.75,57157.75,0
2026-08-19 15:23:00,57157.75,57157.75,57157.75,57157.75,0
2026-08-19 15:24:00,57157.75,57157.75,57157.75,57157.75,0
2026-08-19 15:25:00,57157.75,57157.75,57157.75,57157.75,0
2026-08-19 15:26:00,57157.75,57157.75,57157.75,57157.75,0
2026-08-19 15:27:00,57157.75,57157.75,57157.75,57157.75,0
2026-08-19 15:28:00,57157.75,57157.75,57157.75,57157.75,0
2026-08-19 15:29:00,57157.75,57239.75,57157.75,57239.75,0
2026-08-19 15:30:00,57239.75,57239.75,57239.75,57239.75,0
2026-08-19 15:31:00,57239.75,57239.75,57239.75,57239.75,0
2026-08-20 09:15:00,57507.65,57601.9,57475.7,57567.05,0
2026-08-20 09:16:00,57567.1,57589.7,57557.45,57578.65,0
2026-08-20 09:17:00,57580.25,57582.6,57534.9,57562.7,0
2026-08-20 09:18:00,57563.4,57600.0,57554.5,57580.65,0
2026-08-20 09:19:00,57584.4,57584.4,57532.65,57537.15,0
2026-08-20 09:20:00,57530.95,57561.05,57520.85,57536.8,0
2026-08-20 09:21:00,57535.55,57542.8,57521.75,57534.9,0
2026-08-20 09:22:00,57534.5,57555.7,57524.9,57549.0,0
2026-08-20 09:23:00,57550.65,57550.65,57524.45,57529.8,0
2026-08-20 09:24:00,57529.6,57531.2,57511.1,57511.1,0
2026-08-20 09:25:00,57512.65,57543.65,57505.6,57530.35,0
2026-08-20 09:26:00,57533.6,57549.4,57519.75,57547.35,0
2026-08-20 09:27:00,57547.9,57558.95,57543.2,57554.7,0
2026-08-20 09:28:00,57554.7,57591.0,57550.95,57588.6,0
2026-08-20 09:29:00,57587.95,57591.55,57564.55,57585.3,0
2026-08-20 09:30:00,57586.7,57594.5,57571.55,57576.05,0
2026-08-20 09:31:00,57576.75,57583.7,57568.4,57583.0,0
2026-08-20 09:32:00,57582.4,57590.35,57566.95,57566.95,0
2026-08-20 09:33:00,57570.05,57576.5,57543.4,57543.4,0
2026-08-20 09:34:00,57549.25,57567.0,57544.35,57553.1,0
2026-08-20 09:35:00,57544.85,57570.7,57540.6,57551.5,0
2026-08-20 09:36:00,57556.45,57560.75,57545.9,57560.75,0
2026-08-20 09:37:00,57560.25,57581.6,57560.25,57574.25,0
2026-08-20 09:38:00,57573.9,57575.7,57560.9,57568.3,0
2026-08-20 09:39:00,57571.3,57589.65,57561.3,57589.65,0
2026-08-20 09:40:00,57590.9,57620.1,57585.5,57620.1,0
2026-08-20 09:41:00,57617.55,57623.8,57608.1,57616.8,0
2026-08-20 09:42:00,57615.75,57619.15,57607.95,57614.65,0
2026-08-20 09:43:00,57613.55,57643.8,57606.55,57640.2,0
2026-08-20 09:44:00,57642.05,57668.3,57640.55,57665.2,0
2026-08-20 09:45:00,57666.55,57675.3,57656.8,57670.15,0
2026-08-20 09:46:00,57670.4,57672.95,57652.9,57659.65,0
2026-08-20 09:47:00,57661.2,57662.25,57634.85,57639.65,0
2026-08-20 09:48:00,57641.5,57644.7,57621.45,57633.3,0
2026-08-20 09:49:00,57629.9,57636.0,57614.2,57619.5,0
2026-08-20 09:50:00,57625.0,57625.3,57598.15,57601.45,0
2026-08-20 09:51:00,57603.6,57618.9,57598.2,57616.15,0
2026-08-20 09:52:00,57617.35,57634.15,57612.85,57623.25,0
2026-08-20 09:53:00,57623.5,57628.0,57615.9,57619.95,0
2026-08-20 09:54:00,57621.8,57641.65,57616.45,57641.65,0
2026-08-20 09:55:00,57638.75,57651.3,57633.65,57645.1,0
2026-08-20 09:56:00,57647.2,57667.5,57641.75,57666.8,0
2026-08-20 09:57:00,57667.6,57685.5,57660.85,57678.15,0
2026-08-20 09:58:00,57677.3,57678.45,57658.7,57662.75,0
2026-08-20 09:59:00,57661.85,57672.3,57651.1,57662.8,0
2026-08-20 10:00:00,57667.35,57676.1,57663.4,57665.6,0
2026-08-20 10:01:00,57667.35,57673.95,57642.2,57642.2,0
2026-08-20 10:02:00,57643.75,57652.05,57636.45,57646.6,0
2026-08-20 10:03:00,57647.0,57651.05,57634.9,57643.75,0
2026-08-20 10:04:00,57644.0,57651.95,57635.5,57649.15,0
2026-08-20 10:05:00,57648.45,57652.45,57639.05,57645.6,0
2026-08-20 10:06:00,57645.2,57651.8,57638.85,57645.9,0
2026-08-20 10:07:00,57645.5,57662.05,57635.65,57653.95,0
2026-08-20 10:08:00,57653.95,57658.2,57644.3,57648.6,0
2026-08-20 10:09:00,57646.55,57659.15,57644.6,57647.5,0
2026-08-20 10:10:00,57647.5,57659.15,57646.5,57656.65,0
2026-08-20 10:11:00,57651.6,57671.1,57651.6,57665.4,0
2026-08-20 10:12:00,57665.5,57677.2,57654.3,57660.15,0
2026-08-20 10:13:00,57657.05,57663.3,57649.35,57654.25,0
2026-08-20 10:14:00,57656.2,57669.75,57650.9,57669.75,0
2026-08-20 10:15:00,57664.05,57684.7,57663.75,57678.8,0
2026-08-20 10:16:00,57679.65,57698.8,57678.1,57692.55,0
2026-08-20 10:17:00,57693.9,57698.85,57687.65,57690.25,0
2026-08-20 10:18:00,57696.15,57698.5,57678.55,57680.4,0
2026-08-20 10:19:00,57681.65,57685.5,57667.3,57667.3,0
2026-08-20 10:20:00,57667.5,57678.8,57656.0,57673.55,0
2026-08-20 10:21:00,57673.55,57690.5,57670.3,57683.55,0
2026-08-20 10:22:00,57683.45,57687.35,57670.35,57677.95,0
2026-08-20 10:23:00,57680.95,57687.85,57675.3,57685.65,0
2026-08-20 10:24:00,57686.25,57689.2,57668.1,57673.9,0
2026-08-20 10:25:00,57674.9,57685.25,57669.1,57677.6,0
2026-08-20 10:26:00,57680.85,57681.3,57667.4,57671.7,0
2026-08-20 10:27:00,57674.1,57674.6,57650.2,57655.65,0
2026-08-20 10:28:00,57653.8,57661.05,57646.7,57649.8,0
2026-08-20 10:29:00,57647.25,57657.1,57639.4,57639.4,0
2026-08-20 10:30:00,57636.4,57653.05,57636.4,57650.25,0
2026-08-20 10:31:00,57649.25,57654.65,57641.25,57641.25,0
2026-08-20 10:32:00,57641.3,57647.85,57629.4,57630.35,0
2026-08-20 10:33:00,57633.35,57635.35,57622.1,57630.6,0
2026-08-20 10:34:00,57628.55,57633.4,57620.6,57630.5,0
2026-08-20 10:35:00,57631.4,57647.35,57629.65,57639.0,0
2026-08-20 10:36:00,57642.4,57645.3,57629.05,57629.05,0
2026-08-20 10:37:00,57633.8,57637.9,57613.8,57620.95,0
2026-08-20 10:38:00,57624.4,57632.55,57616.65,57627.2,0
2026-08-20 10:39:00,57631.55,57637.2,57623.5,57629.7,0
2026-08-20 10:40:00,57630.2,57638.15,57626.85,57632.55,0
2026-08-20 10:41:00,57631.9,57640.15,57626.75,57638.95,0
2026-08-20 10:42:00,57639.95,57640.8,57620.5,57640.8,0
2026-08-20 10:43:00,57630.65,57651.35,57630.65,57648.55,0
2026-08-20 10:44:00,57651.55,57664.45,57644.25,57656.4,0
2026-08-20 10:45:00,57658.15,57660.7,57642.1,57648.1,0
2026-08-20 10:46:00,57651.2,57654.95,57643.85,57651.5,0
2026-08-20 10:47:00,57652.45,57657.35,57646.05,57650.15,0
2026-08-20 10:48:00,57651.2,57680.5,57647.4,57679.25,0
2026-08-20 10:49:00,57678.7,57686.6,57666.45,57679.85,0
2026-08-20 10:50:00,57679.95,57684.6,57667.15,57679.35,0
2026-08-20 10:51:00,57681.4,57682.55,57662.2,57668.0,0
2026-08-20 10:52:00,57668.75,57671.1,57651.65,57653.0,0
2026-08-20 10:53:00,57654.7,57671.85,57651.2,57666.4,0
2026-08-20 10:54:00,57660.05,57671.15,57658.95,57663.8,0
2026-08-20 10:55:00,57658.45,57673.7,57656.1,57673.7,0
2026-08-20 10:56:00,57672.4,57680.6,57665.8,57669.6,0
2026-08-20 10:57:00,57667.35,57684.25,57665.9,57684.25,0
2026-08-20 10:58:00,57682.15,57686.5,57674.65,57677.95,0
2026-08-20 10:59:00,57677.65,57691.25,57675.4,57683.15,0
2026-08-20 11:00:00,57686.25,57702.95,57682.15,57692.35,0
2026-08-20 11:01:00,57693.05,57697.3,57677.15,57679.7,0
2026-08-20 11:02:00,57682.4,57687.1,57668.05,57670.3,0
2026-08-20 11:03:00,57671.65,57689.05,57664.65,57678.85,0
2026-08-20 11:04:00,57686.55,57688.15,57674.5,57675.95,0
2026-08-20 11:05:00,57679.7,57686.9,57673.15,57676.55,0
2026-08-20 11:06:00,57675.85,57679.0,57667.15,57671.75,0
2026-08-20 11:07:00,57672.9,57676.85,57663.75,57668.8,0
2026-08-20 11:08:00,57669.3,57679.9,57665.8,57675.9,0
2026-08-20 11:09:00,57677.45,57681.65,57669.25,57681.0,0
2026-08-20 11:10:00,57682.25,57686.6,57672.8,57680.05,0
2026-08-20 11:11:00,57681.7,57685.95,57666.85,57676.6,0
2026-08-20 11:12:00,57673.95,57684.7,57671.75,57682.1,0
2026-08-20 11:13:00,57683.5,57685.7,57667.7,57670.2,0
2026-08-20 11:14:00,57673.75,57681.35,57665.0,57679.25,0
2026-08-20 11:15:00,57681.95,57681.95,57657.1,57665.75,0
2026-08-20 11:16:00,57664.4,57670.85,57650.55,57650.55,0
2026-08-20 11:17:00,57653.85,57660.45,57646.55,57651.4,0
2026-08-20 11:18:00,57651.25,57654.3,57643.25,57652.35,0
2026-08-20 11:19:00,57649.5,57658.15,57641.15,57642.3,0
2026-08-20 11:20:00,57642.55,57651.4,57640.8,57645.65,0
2026-08-20 11:21:00,57644.5,57651.3,57631.95,57639.5,0
2026-08-20 11:22:00,57638.8,57640.8,57622.9,57626.55,0
2026-08-20 11:23:00,57626.7,57637.55,57623.7,57625.05,0
2026-08-20 11:24:00,57623.1,57625.75,57608.65,57617.1,0
2026-08-20 11:25:00,57615.85,57622.1,57608.05,57609.7,0
2026-08-20 11:26:00,57609.95,57613.55,57596.45,57602.8,0
2026-08-20 11:27:00,57602.0,57614.55,57597.5,57613.85,0
2026-08-20 11:28:00,57613.55,57619.0,57606.75,57617.65,0
2026-08-20 11:29:00,57618.55,57623.05,57611.7,57618.3,0
2026-08-20 11:30:00,57615.4,57625.05,57613.6,57619.15,0
2026-08-20 11:31:00,57617.45,57630.7,57616.25,57627.1,0
2026-08-20 11:32:00,57629.05,57653.6,57625.6,57647.25,0
2026-08-20 11:33:00,57645.55,57652.1,57637.1,57638.9,0
2026-08-20 11:34:00,57640.2,57643.4,57627.1,57641.8,0
2026-08-20 11:35:00,57638.8,57648.0,57634.4,57644.45,0
2026-08-20 11:36:00,57645.15,57652.9,57638.8,57647.5,0
2026-08-20 11:37:00,57648.15,57658.7,57641.9,57645.4,0
2026-08-20 11:38:00,57645.6,57648.25,57632.15,57641.75,0
2026-08-20 11:39:00,57639.2,57643.6,57628.25,57634.6,0
2026-08-20 11:40:00,57634.35,57641.05,57630.8,57637.4,0
2026-08-20 11:41:00,57637.95,57642.8,57629.7,57639.3,0
2026-08-20 11:42:00,57640.65,57642.7,57626.65,57632.4,0
2026-08-20 11:43:00,57631.2,57637.0,57625.7,57634.15,0
2026-08-20 11:44:00,57633.9,57639.35,57626.8,57631.65,0
2026-08-20 11:45:00,57631.25,57636.9,57627.45,57633.65,0
2026-08-20 11:46:00,57634.15,57648.65,57633.65,57645.35,0
2026-08-20 11:47:00,57643.85,57647.9,57632.85,57636.05,0
2026-08-20 11:48:00,57635.95,57641.0,57624.6,57632.25,0
2026-08-20 11:49:00,57629.55,57634.65,57616.35,57618.85,0
2026-08-20 11:50:00,57618.8,57631.3,57616.85,57616.85,0
2026-08-20 11:51:00,57619.7,57626.3,57615.2,57622.3,0
2026-08-20 11:52:00,57622.1,57629.0,57605.05,57610.75,0
2026-08-20 11:53:00,57615.3,57615.3,57602.8,57610.65,0
2026-08-20 11:54:00,57607.85,57614.9,57602.2,57609.7,0
2026-08-20 11:55:00,57611.85,57615.6,57598.7,57610.55,0
2026-08-20 11:56:00,57613.35,57620.05,57604.55,57616.25,0
2026-08-20 11:57:00,57615.3,57621.75,57611.1,57615.1,0
2026-08-20 11:58:00,57610.05,57617.05,57598.9,57612.45,0
2026-08-20 11:59:00,57614.6,57627.65,57606.8,57620.85,0
2026-08-20 12:00:00,57622.8,57625.6,57612.0,57618.05,0
2026-08-20 12:01:00,57618.6,57625.9,57614.5,57622.1,0
2026-08-20 12:02:00,57623.5,57625.45,57615.4,57619.55,0
2026-08-20 12:03:00,57619.0,57622.75,57611.0,57615.1,0
2026-08-20 12:04:00,57616.05,57617.25,57604.2,57609.4,0
2026-08-20 12:05:00,57606.35,57615.1,57604.9,57608.9,0
2026-08-20 12:06:00,57613.65,57632.5,57610.25,57628.85,0
2026-08-20 12:07:00,57625.5,57633.8,57614.55,57618.8,0
2026-08-20 12:08:00,57618.55,57623.45,57612.9,57616.5,0
2026-08-20 12:09:00,57618.7,57625.3,57609.7,57624.05,0
2026-08-20 12:10:00,57624.05,57630.8,57616.5,57622.05,0
2026-08-20 12:11:00,57619.85,57628.55,57613.0,57613.0,0
2026-08-20 12:12:00,57615.75,57618.05,57608.1,57612.7,0
2026-08-20 12:13:00,57616.05,57620.45,57608.5,57617.65,0
2026-08-20 12:14:00,57616.95,57620.75,57608.2,57613.25,0
2026-08-20 12:15:00,57613.95,57614.45,57603.2,57609.1,0
2026-08-20 12:16:00,57612.45,57615.6,57603.35,57612.25,0
2026-08-20 12:17:00,57613.15,57614.65,57603.7,57612.05,0
2026-08-20 12:18:00,57611.9,57615.8,57604.2,57611.2,0
2026-08-20 12:19:00,57613.55,57613.55,57595.95,57600.3,0
2026-08-20 12:20:00,57601.95,57603.75,57581.15,57581.15,0
2026-08-20 12:21:00,57588.05,57589.8,57580.6,57585.55,0
2026-08-20 12:22:00,57587.7,57590.05,57578.95,57586.45,0
2026-08-20 12:23:00,57584.25,57585.9,57574.7,57578.7,0
2026-08-20 12:24:00,57580.65,57583.35,57572.45,57576.4,0
2026-08-20 12:25:00,57574.45,57579.55,57568.35,57568.35,0
2026-08-20 12:26:00,57574.25,57576.05,57560.35,57561.6,0
2026-08-20 12:27:00,57566.5,57575.75,57558.4,57570.0,0
2026-08-20 12:28:00,57569.65,57575.3,57563.35,57570.65,0
2026-08-20 12:29:00,57567.65,57574.05,57564.65,57568.8,0
2026-08-20 12:30:00,57570.35,57572.3,57554.4,57556.6,0
2026-08-20 12:31:00,57555.2,57565.75,57550.5,57561.6,0
2026-08-20 12:32:00,57556.4,57565.0,57551.05,57552.7,0
2026-08-20 12:33:00,57558.8,57567.25,57552.6,57561.45,0
2026-08-20 12:34:00,57560.15,57564.2,57550.35,57558.15,0
2026-08-20 12:35:00,57558.15,57563.9,57554.15,57557.95,0
2026-08-20 12:36:00,57558.05,57566.6,57538.55,57545.45,0
2026-08-20 12:37:00,57542.9,57554.85,57541.7,57554.85,0
2026-08-20 12:38:00,57552.75,57561.6,57547.95,57561.6,0
2026-08-20 12:39:00,57560.25,57567.85,57551.5,57564.25,0
2026-08-20 12:40:00,57565.05,57590.3,57565.05,57583.15,0
2026-08-20 12:41:00,57582.45,57588.05,57576.0,57587.4,0
2026-08-20 12:42:00,57588.9,57589.4,57570.85,57580.8,0
2026-08-20 12:43:00,57577.95,57582.2,57570.35,57580.3,0
2026-08-20 12:44:00,57582.25,57586.25,57573.55,57580.2,0
2026-08-20 12:45:00,57583.65,57587.45,57572.9,57580.4,0
2026-08-20 12:46:00,57584.15,57590.6,57576.45,57586.5,0
2026-08-20 12:47:00,57590.0,57618.2,57583.05,57617.55,0
2026-08-20 12:48:00,57618.7,57640.15,57610.85,57634.1,0
2026-08-20 12:49:00,57634.8,57641.95,57625.2,57634.7,0
2026-08-20 12:50:00,57636.6,57658.0,57631.45,57652.8,0
2026-08-20 12:51:00,57653.5,57672.4,57651.85,57671.15,0
2026-08-20 12:52:00,57670.85,57680.55,57666.15,57678.85,0
2026-08-20 12:53:00,57675.45,57678.35,57636.5,57648.55,0
2026-08-20 12:54:00,57641.1,57649.75,57626.45,57627.8,0
2026-08-20 12:55:00,57634.25,57643.65,57612.4,57638.8,0
2026-08-20 12:56:00,57635.55,57667.9,57632.6,57666.1,0
2026-08-20 12:57:00,57662.95,57668.1,57648.8,57651.4,0
2026-08-20 12:58:00,57652.75,57662.5,57649.1,57654.65,0
2026-08-20 12:59:00,57654.45,57666.25,57650.7,57656.7,0
2026-08-20 13:00:00,57656.6,57657.3,57634.85,57642.25,0
2026-08-20 13:01:00,57641.35,57650.3,57627.85,57647.9,0
2026-08-20 13:02:00,57647.1,57657.0,57640.8,57657.0,0
2026-08-20 13:03:00,57656.3,57657.0,57643.35,57650.1,0
2026-08-20 13:04:00,57650.45,57651.15,57631.15,57637.8,0
2026-08-20 13:05:00,57637.15,57656.55,57632.8,57656.55,0
2026-08-20 13:06:00,57655.7,57664.1,57647.0,57664.1,0
2026-08-20 13:07:00,57661.05,57664.7,57650.7,57658.45,0
2026-08-20 13:08:00,57659.85,57666.55,57652.25,57656.3,0
2026-08-20 13:09:00,57658.55,57660.4,57647.55,57659.7,0
2026-08-20 13:10:00,57660.75,57670.2,57658.3,57667.0,0
2026-08-20 13:11:00,57667.2,57671.05,57644.3,57653.85,0
2026-08-20 13:12:00,57654.6,57662.1,57646.7,57657.15,0
2026-08-20 13:13:00,57658.55,57662.65,57650.15,57654.35,0
2026-08-20 13:14:00,57658.7,57658.7,57640.5,57645.85,0
2026-08-20 13:15:00,57648.0,57655.05,57641.1,57651.2,0
2026-08-20 13:16:00,57649.3,57651.95,57644.15,57651.15,0
2026-08-20 13:17:00,57649.35,57657.0,57635.65,57640.5,0
2026-08-20 13:18:00,57637.45,57642.85,57628.25,57628.7,0
2026-08-20 13:19:00,57630.4,57641.9,57624.4,57634.3,0
2026-08-20 13:20:00,57631.15,57641.7,57622.15,57637.5,0
2026-08-20 13:21:00,57635.3,57639.45,57625.4,57634.3,0
2026-08-20 13:22:00,57633.05,57640.8,57629.6,57632.0,0
2026-08-20 13:23:00,57632.4,57640.15,57623.2,57632.0,0
2026-08-20 13:24:00,57629.05,57636.4,57624.0,57634.15,0
2026-08-20 13:25:00,57633.5,57634.15,57622.05,57625.55,0
2026-08-20 13:26:00,57626.35,57629.6,57612.4,57617.75,0
2026-08-20 13:27:00,57617.6,57627.15,57606.55,57611.6,0
2026-08-20 13:28:00,57607.9,57620.15,57605.25,57611.8,0
2026-08-20 13:29:00,57609.95,57618.65,57606.4,57612.3,0
2026-08-20 13:30:00,57609.8,57619.2,57605.15,57612.9,0
2026-08-20 13:31:00,57609.0,57614.95,57600.05,57606.6,0
2026-08-20 13:32:00,57606.85,57607.3,57594.75,57606.6,0
2026-08-20 13:33:00,57604.35,57611.8,57602.05,57608.3,0
2026-08-20 13:34:00,57609.65,57618.85,57606.55,57617.35,0
2026-08-20 13:35:00,57614.8,57617.85,57605.65,57616.45,0
2026-08-20 13:36:00,57615.7,57618.35,57606.45,57607.9,0
2026-08-20 13:37:00,57609.05,57611.25,57595.95,57599.4,0
2026-08-20 13:38:00,57599.35,57602.05,57581.85,57585.2,0
2026-08-20 13:39:00,57586.05,57589.75,57565.4,57576.0,0
2026-08-20 13:40:00,57576.7,57579.65,57557.4,57562.75,0
2026-08-20 13:41:00,57560.35,57571.3,57552.35,57566.55,0
2026-08-20 13:42:00,57563.1,57572.45,57557.9,57568.9,0
2026-08-20 13:43:00,57568.5,57582.15,57561.4,57578.0,0
2026-08-20 13:44:00,57573.95,57581.5,57563.7,57570.7,0
2026-08-20 13:45:00,57566.6,57571.8,57562.15,57567.5,0
2026-08-20 13:46:00,57565.95,57579.6,57559.3,57575.2,0
2026-08-20 13:47:00,57572.85,57581.95,57572.15,57579.1,0
2026-08-20 13:48:00,57578.1,57594.9,57578.1,57594.25,0
2026-08-20 13:49:00,57593.6,57602.9,57591.95,57595.5,0
2026-08-20 13:50:00,57594.35,57600.35,57590.75,57596.45,0
2026-08-20 13:51:00,57595.25,57599.5,57588.3,57593.05,0
2026-08-20 13:52:00,57593.15,57597.0,57582.25,57582.25,0
2026-08-20 13:53:00,57582.0,57589.95,57576.05,57583.2,0
2026-08-20 13:54:00,57580.25,57583.5,57571.1,57575.95,0
2026-08-20 13:55:00,57576.7,57576.7,57558.3,57567.25,0
2026-08-20 13:56:00,57566.7,57589.85,57562.5,57589.85,0
2026-08-20 13:57:00,57585.8,57588.0,57554.8,57556.7,0
2026-08-20 13:58:00,57558.55,57568.9,57552.6,57560.65,0
2026-08-20 13:59:00,57561.0,57565.3,57548.45,57561.5,0
2026-08-20 14:00:00,57560.9,57570.75,57558.55,57563.85,0
2026-08-20 14:01:00,57563.25,57565.3,57546.2,57560.0,0
2026-08-20 14:02:00,57559.15,57565.25,57552.2,57555.2,0
2026-08-20 14:03:00,57558.65,57565.25,57551.85,57557.0,0
2026-08-20 14:04:00,57559.05,57566.5,57551.65,57557.65,0
2026-08-20 14:05:00,57557.8,57559.4,57537.65,57545.2,0
2026-08-20 14:06:00,57543.9,57546.9,57531.5,57538.1,0
2026-08-20 14:07:00,57538.85,57565.05,57537.1,57565.05,0
2026-08-20 14:08:00,57564.05,57564.05,57545.9,57553.3,0
2026-08-20 14:09:00,57551.8,57558.5,57543.45,57554.8,0
2026-08-20 14:10:00,57550.9,57557.9,57542.85,57555.0,0
2026-08-20 14:11:00,57553.25,57568.8,57550.5,57558.75,0
2026-08-20 14:12:00,57558.05,57567.15,57547.7,57553.75,0
2026-08-20 14:13:00,57554.05,57558.05,57545.8,57551.4,0
2026-08-20 14:14:00,57550.7,57552.95,57538.55,57552.9,0
2026-08-20 14:15:00,57547.75,57551.85,57536.5,57550.6,0
2026-08-20 14:16:00,57549.7,57551.5,57496.75,57503.9,0
2026-08-20 14:17:00,57499.4,57538.75,57499.4,57521.85,0
2026-08-20 14:18:00,57519.1,57532.1,57514.35,57531.65,0
2026-08-20 14:19:00,57536.85,57543.55,57518.15,57535.8,0
2026-08-20 14:20:00,57533.0,57543.5,57527.7,57534.5,0
2026-08-20 14:21:00,57531.15,57541.0,57518.8,57538.55,0
2026-08-20 14:22:00,57536.1,57537.95,57519.4,57526.85,0
2026-08-20 14:23:00,57523.9,57540.8,57513.8,57533.15,0
2026-08-20 14:24:00,57532.8,57547.25,57524.05,57542.4,0
2026-08-20 14:25:00,57537.95,57547.35,57525.35,57526.35,0
2026-08-20 14:26:00,57525.1,57530.8,57507.5,57530.8,0
2026-08-20 14:27:00,57526.6,57534.9,57521.65,57532.75,0
2026-08-20 14:28:00,57527.5,57535.55,57525.0,57529.15,0
2026-08-20 14:29:00,57532.05,57540.45,57522.0,57533.9,0
2026-08-20 14:30:00,57534.0,57538.4,57521.15,57529.15,0
2026-08-20 14:31:00,57529.95,57538.6,57526.3,57534.05,0
2026-08-20 14:32:00,57533.45,57541.4,57528.6,57533.4,0
2026-08-20 14:33:00,57533.85,57542.25,57527.7,57536.65,0
2026-08-20 14:34:00,57534.4,57540.95,57525.4,57540.7,0
2026-08-20 14:35:00,57540.5,57543.9,57528.15,57536.15,0
2026-08-20 14:36:00,57537.95,57544.75,57529.1,57544.75,0
2026-08-20 14:37:00,57539.3,57543.55,57521.9,57539.75,0
2026-08-20 14:38:00,57538.9,57548.7,57527.95,57540.35,0
2026-08-20 14:39:00,57540.15,57560.3,57540.15,57553.5,0
2026-08-20 14:40:00,57554.2,57565.25,57552.8,57560.3,0
2026-08-20 14:41:00,57559.85,57564.5,57543.25,57549.05,0
2026-08-20 14:42:00,57550.15,57550.15,57537.4,57543.1,0
2026-08-20 14:43:00,57541.75,57541.75,57532.35,57540.55,0
2026-08-20 14:44:00,57535.7,57545.9,57522.95,57526.7,0
2026-08-20 14:45:00,57525.95,57531.15,57506.65,57515.8,0
2026-08-20 14:46:00,57511.8,57522.25,57504.1,57519.3,0
2026-08-20 14:47:00,57516.85,57528.6,57516.2,57528.6,0
2026-08-20 14:48:00,57523.0,57536.8,57521.35,57536.3,0
2026-08-20 14:49:00,57533.85,57541.45,57530.9,57539.75,0
2026-08-20 14:50:00,57536.15,57541.85,57527.95,57539.55,0
2026-08-20 14:51:00,57540.5,57544.85,57527.9,57532.75,0
2026-08-20 14:52:00,57531.65,57537.2,57519.4,57527.25,0
2026-08-20 14:53:00,57522.65,57528.6,57512.6,57518.15,0
2026-08-20 14:54:00,57523.9,57536.2,57517.45,57527.5,0
2026-08-20 14:55:00,57528.0,57538.1,57524.15,57532.9,0
2026-08-20 14:56:00,57534.9,57542.65,57523.7,57534.1,0
2026-08-20 14:57:00,57532.7,57538.6,57521.7,57527.85,0
2026-08-20 14:58:00,57527.15,57533.9,57512.85,57517.2,0
2026-08-20 14:59:00,57517.3,57541.9,57511.35,57536.45,0
2026-08-20 15:00:00,57535.9,57535.9,57508.15,57517.05,0
2026-08-20 15:01:00,57515.55,57520.5,57502.05,57510.3,0
2026-08-20 15:02:00,57509.65,57521.6,57499.8,57504.35,0
2026-08-20 15:03:00,57504.95,57509.7,57489.95,57497.95,0
2026-08-20 15:04:00,57499.2,57511.95,57486.2,57509.55,0
2026-08-20 15:05:00,57506.65,57509.7,57476.05,57481.65,0
2026-08-20 15:06:00,57476.35,57482.75,57466.7,57476.4,0
2026-08-20 15:07:00,57473.1,57484.25,57472.5,57480.0,0
2026-08-20 15:08:00,57474.65,57485.2,57464.55,57474.55,0
2026-08-20 15:09:00,57475.5,57482.55,57457.15,57473.2,0
2026-08-20 15:10:00,57470.2,57471.25,57452.9,57460.4,0
2026-08-20 15:11:00,57456.35,57461.05,57441.7,57448.35,0
2026-08-20 15:12:00,57447.5,57467.5,57433.85,57458.4,0
2026-08-20 15:13:00,57456.65,57494.8,57455.0,57491.45,0
2026-08-20 15:14:00,57481.65,57489.8,57431.8,57448.6,0
2026-08-20 15:15:00,57444.05,57444.05,57444.05,57444.05,0
2026-08-20 15:16:00,57444.05,57444.05,57444.05,57444.05,0
2026-08-20 15:17:00,57444.05,57444.05,57444.05,57444.05,0
2026-08-20 15:18:00,57444.05,57444.05,57444.05,57444.05,0
2026-08-20 15:19:00,57444.05,57444.05,57444.05,57444.05,0
2026-08-20 15:20:00,57444.05,57444.05,57444.05,57444.05,0
2026-08-20 15:21:00,57444.05,57444.05,57444.05,57444.05,0
2026-08-20 15:22:00,57444.05,57444.05,57444.05,57444.05,0
2026-08-20 15:23:00,57444.05,57444.05,57444.05,57444.05,0
2026-08-20 15:24:00,57444.05,57444.05,57444.05,57444.05,0
2026-08-20 15:25:00,57444.05,57444.05,57444.05,57444.05,0
2026-08-20 15:26:00,57444.05,57444.05,57444.05,57444.05,0
2026-08-20 15:27:00,57444.05,57444.05,57444.05,57444.05,0
2026-08-20 15:28:00,57444.05,57444.05,57444.05,57444.05,0
2026-08-20 15:29:00,57444.05,57444.05,57444.05,57444.05,0
2026-08-20 15:30:00,57444.05,57495.9,57444.05,57495.9,0
2026-08-20 15:31:00,57495.9,57495.9,57495.9,57495.9,0
2026-08-21 09:15:00,57613.2,57625.05,57537.6,57584.5,0
2026-08-21 09:16:00,57589.1,57596.05,57520.35,57524.95,0
2026-08-21 09:17:00,57524.45,57572.25,57508.25,57550.8,0
2026-08-21 09:18:00,57556.95,57574.15,57527.5,57541.75,0
2026-08-21 09:19:00,57544.65,57572.45,57529.45,57564.55,0
2026-08-21 09:20:00,57565.5,57567.75,57507.2,57508.35,0
2026-08-21 09:21:00,57505.3,57516.1,57481.55,57494.45,0
2026-08-21 09:22:00,57494.4,57510.6,57489.15,57504.6,0
2026-08-21 09:23:00,57502.55,57522.3,57499.05,57507.15,0
2026-08-21 09:24:00,57507.75,57516.25,57494.15,57504.15,0
2026-08-21 09:25:00,57505.1,57522.4,57500.25,57505.75,0
2026-08-21 09:26:00,57504.95,57529.15,57502.0,57520.6,0
2026-08-21 09:27:00,57523.6,57544.55,57516.9,57537.3,0
2026-08-21 09:28:00,57538.15,57551.65,57526.4,57550.35,0
2026-08-21 09:29:00,57547.55,57599.35,57546.65,57594.8,0
2026-08-21 09:30:00,57595.65,57595.65,57557.45,57557.5,0
2026-08-21 09:31:00,57561.75,57568.85,57542.4,57564.5,0
2026-08-21 09:32:00,57562.2,57580.8,57556.25,57562.8,0
2026-08-21 09:33:00,57566.6,57569.6,57551.05,57561.25,0
2026-08-21 09:34:00,57561.35,57565.8,57549.55,57552.95,0
2026-08-21 09:35:00,57551.0,57568.15,57548.4,57564.5,0
2026-08-21 09:36:00,57567.65,57595.05,57567.65,57592.0,0
2026-08-21 09:37:00,57593.05,57602.85,57584.5,57587.6,0
2026-08-21 09:38:00,57586.3,57601.2,57581.0,57601.2,0
2026-08-21 09:39:00,57601.75,57634.0,57601.45,57634.0,0
2026-08-21 09:40:00,57631.4,57651.05,57620.55,57634.05,0
2026-08-21 09:41:00,57634.3,57681.85,57631.95,57677.75,0
2026-08-21 09:42:00,57680.1,57729.9,57674.85,57716.0,0
2026-08-21 09:43:00,57715.3,57723.05,57687.55,57720.35,0
2026-08-21 09:44:00,57717.55,57722.3,57699.85,57711.65,0
2026-08-21 09:45:00,57704.85,57724.55,57703.5,57720.6,0
2026-08-21 09:46:00,57719.35,57733.45,57699.3,57707.85,0
2026-08-21 09:47:00,57706.05,57725.9,57701.25,57712.3,0
2026-08-21 09:48:00,57712.4,57729.9,57706.6,57721.8,0
2026-08-21 09:49:00,57719.2,57741.1,57719.2,57728.9,0
2026-08-21 09:50:00,57727.55,57744.45,57718.0,57739.65,0
2026-08-21 09:51:00,57743.35,57769.7,57740.3,57762.95,0
2026-08-21 09:52:00,57759.6,57772.45,57741.75,57741.75,0
2026-08-21 09:53:00,57741.75,57746.05,57728.95,57734.65,0
2026-08-21 09:54:00,57734.05,57756.15,57731.1,57734.8,0
2026-08-21 09:55:00,57732.05,57739.9,57720.45,57736.55,0
2026-08-21 09:56:00,57737.15,57738.2,57724.6,57725.55,0
2026-08-21 09:57:00,57724.3,57732.05,57710.3,57712.2,0
2026-08-21 09:58:00,57712.9,57730.55,57712.9,57719.15,0
2026-08-21 09:59:00,57720.8,57731.75,57703.8,57708.6,0
2026-08-21 10:00:00,57706.9,57722.3,57695.85,57700.8,0
2026-08-21 10:01:00,57698.2,57704.55,57676.35,57689.45,0
2026-08-21 10:02:00,57688.75,57700.85,57683.05,57683.35,0
2026-08-21 10:03:00,57682.9,57687.05,57668.25,57671.35,0
2026-08-21 10:04:00,57669.5,57673.85,57655.6,57665.6,0
2026-08-21 10:05:00,57665.6,57670.0,57657.3,57668.6,0
2026-08-21 10:06:00,57666.55,57669.9,57643.95,57644.55,0
2026-08-21 10:07:00,57645.8,57653.9,57641.4,57653.9,0
2026-08-21 10:08:00,57653.6,57653.75,57630.35,57633.9,0
2026-08-21 10:09:00,57636.35,57650.05,57626.35,57626.65,0
2026-08-21 10:10:00,57624.65,57661.8,57622.55,57658.6,0
2026-08-21 10:11:00,57659.25,57662.05,57646.15,57655.2,0
2026-08-21 10:12:00,57654.4,57660.15,57650.15,57650.35,0
2026-08-21 10:13:00,57651.75,57658.0,57643.1,57644.35,0
2026-08-21 10:14:00,57644.35,57652.7,57641.85,57648.8,0
2026-08-21 10:15:00,57648.7,57656.2,57644.2,57653.05,0
2026-08-21 10:16:00,57655.3,57660.6,57650.95,57657.4,0
2026-08-21 10:17:00,57655.7,57677.7,57653.3,57668.15,0
2026-08-21 10:18:00,57669.4,57672.05,57659.65,57669.45,0
2026-08-21 10:19:00,57666.8,57672.55,57649.8,57652.1,0
2026-08-21 10:20:00,57652.1,57660.85,57644.8,57654.8,0
2026-08-21 10:21:00,57656.45,57660.1,57630.1,57632.5,0
2026-08-21 10:22:00,57634.85,57655.25,57632.55,57650.45,0
2026-08-21 10:23:00,57650.65,57662.75,57645.15,57657.7,0
2026-08-21 10:24:00,57658.3,57677.7,57658.3,57673.25,0
2026-08-21 10:25:00,57670.95,57674.25,57660.25,57670.2,0
2026-08-21 10:26:00,57673.0,57683.6,57669.45,57673.55,0
2026-08-21 10:27:00,57672.95,57680.65,57669.3,57671.8,0
2026-08-21 10:28:00,57677.75,57693.25,57669.7,57688.9,0
2026-08-21 10:29:00,57689.3,57698.4,57686.25,57697.2,0
2026-08-21 10:30:00,57693.75,57699.35,57676.45,57682.0,0
2026-08-21 10:31:00,57682.4,57682.95,57665.35,57669.4,0
2026-08-21 10:32:00,57668.8,57680.4,57665.7,57671.55,0
2026-08-21 10:33:00,57675.65,57676.95,57665.8,57670.4,0
2026-08-21 10:34:00,57671.2,57675.25,57663.3,57672.1,0
2026-08-21 10:35:00,57666.6,57676.25,57666.5,57667.75,0
2026-08-21 10:36:00,57665.1,57676.2,57659.55,57672.9,0
2026-08-21 10:37:00,57670.75,57695.7,57665.15,57695.7,0
2026-08-21 10:38:00,57697.2,57716.6,57696.35,57707.6,0
2026-08-21 10:39:00,57707.0,57712.0,57699.6,57707.9,0
2026-08-21 10:40:00,57706.45,57719.0,57702.45,57707.15,0
2026-08-21 10:41:00,57709.3,57714.5,57702.35,57706.55,0
2026-08-21 10:42:00,57707.7,57721.95,57707.7,57717.6,0
2026-08-21 10:43:00,57720.8,57728.05,57716.35,57727.7,0
2026-08-21 10:44:00,57724.55,57736.45,57721.55,57734.5,0
2026-08-21 10:45:00,57736.45,57747.35,57729.55,57745.0,0
2026-08-21 10:46:00,57746.55,57758.5,57738.5,57744.95,0
2026-08-21 10:47:00,57745.15,57749.95,57733.0,57742.3,0
2026-08-21 10:48:00,57740.35,57743.0,57730.5,57733.0,0
2026-08-21 10:49:00,57735.1,57744.75,57727.0,57728.5,0
2026-08-21 10:50:00,57727.95,57729.5,57711.5,57715.9,0
2026-08-21 10:51:00,57713.55,57725.25,57712.45,57724.05,0
2026-08-21 10:51:00,57721.65,57721.65,57721.65,57721.65,0
2026-08-21 10:52:00,57722.15,57730.2,57717.45,57725.6,0
2026-08-21 10:53:00,57723.05,57734.4,57716.3,57729.8,0
2026-08-21 10:54:00,57730.95,57742.95,57726.15,57739.7,0
2026-08-21 10:55:00,57733.3,57735.5,57720.5,57720.9,0
2026-08-21 10:56:00,57720.9,57729.75,57717.55,57720.35,0
2026-08-21 10:57:00,57722.6,57738.55,57707.75,57707.75,0
2026-08-21 10:58:00,57708.7,57710.4,57697.8,57708.65,0
2026-08-21 10:59:00,57705.75,57718.75,57700.55,57712.65,0
2026-08-21 11:00:00,57712.85,57722.6,57705.75,57720.7,0
2026-08-21 11:01:00,57716.15,57725.8,57707.65,57722.9,0
2026-08-21 11:02:00,57720.9,57729.3,57717.9,57722.15,0
2026-08-21 11:03:00,57723.9,57729.9,57713.85,57727.85,0
2026-08-21 11:04:00,57725.75,57728.85,57712.0,57722.45,0
2026-08-21 11:05:00,57721.25,57730.75,57715.3,57723.4,0
2026-08-21 11:06:00,57720.55,57728.3,57716.25,57724.15,0
2026-08-21 11:07:00,57724.0,57726.45,57702.65,57713.75,0
2026-08-21 11:08:00,57713.95,57718.85,57702.3,57705.75,0
2026-08-21 11:09:00,57709.1,57720.85,57703.65,57705.0,0
2026-08-21 11:10:00,57704.3,57710.7,57699.5,57701.1,0
2026-08-21 11:11:00,57699.0,57700.75,57683.95,57696.85,0
2026-08-21 11:12:00,57698.65,57711.55,57691.35,57711.55,0
2026-08-21 11:13:00,57715.0,57715.0,57700.8,57700.8,0
2026-08-21 11:14:00,57701.85,57714.9,57701.5,57710.7,0
2026-08-21 11:15:00,57711.3,57726.2,57703.5,57708.25,0
2026-08-21 11:16:00,57711.3,57712.4,57700.15,57711.9,0
2026-08-21 11:17:00,57711.9,57711.9,57685.9,57693.05,0
2026-08-21 11:18:00,57691.7,57696.1,57684.8,57684.8,0
2026-08-21 11:19:00,57684.5,57700.8,57682.95,57696.4,0
2026-08-21 11:20:00,57694.65,57700.3,57684.9,57686.35,0
2026-08-21 11:21:00,57687.95,57695.95,57678.45,57688.45,0
2026-08-21 11:22:00,57688.8,57692.65,57684.25,57689.85,0
2026-08-21 11:23:00,57687.9,57703.2,57684.5,57696.65,0
2026-08-21 11:24:00,57697.55,57706.0,57689.3,57705.6,0
2026-08-21 11:25:00,57705.3,57715.5,57693.75,57714.05,0
2026-08-21 11:26:00,57717.25,57717.25,57703.2,57710.7,0
2026-08-21 11:27:00,57710.55,57724.85,57707.55,57715.4,0
2026-08-21 11:28:00,57714.95,57716.65,57702.65,57712.15,0
2026-08-21 11:29:00,57713.5,57733.0,57709.6,57722.55,0
2026-08-21 11:30:00,57721.25,57728.45,57713.65,57724.1,0
2026-08-21 11:31:00,57724.0,57733.05,57722.6,57727.25,0
2026-08-21 11:32:00,57725.55,57730.05,57715.7,57730.05,0
2026-08-21 11:33:00,57727.95,57727.95,57711.7,57717.9,0
2026-08-21 11:34:00,57717.75,57729.25,57709.25,57719.95,0
2026-08-21 11:35:00,57724.2,57724.2,57710.4,57711.0,0
2026-08-21 11:36:00,57712.9,57712.9,57700.5,57705.75,0
2026-08-21 11:37:00,57707.7,57717.35,57698.0,57710.15,0
2026-08-21 11:38:00,57709.95,57721.2,57703.3,57721.2,0
2026-08-21 11:39:00,57719.75,57721.6,57702.9,57705.15,0
2026-08-21 11:40:00,57702.15,57710.95,57689.3,57708.2,0
2026-08-21 11:41:00,57715.9,57716.25,57698.85,57702.3,0
2026-08-21 11:42:00,57701.9,57702.2,57688.6,57689.5,0
2026-08-21 11:43:00,57692.8,57708.3,57685.55,57700.95,0
2026-08-21 11:44:00,57700.35,57715.8,57695.45,57708.75,0
2026-08-21 11:45:00,57708.1,57720.25,57701.45,57711.45,0
2026-08-21 11:46:00,57714.75,57714.75,57695.45,57703.8,0
2026-08-21 11:47:00,57701.85,57708.65,57699.1,57705.55,0
2026-08-21 11:48:00,57707.45,57714.35,57697.25,57709.2,0
2026-08-21 11:49:00,57708.55,57715.95,57699.65,57702.75,0
2026-08-21 11:50:00,57703.6,57714.8,57694.9,57714.8,0
2026-08-21 11:51:00,57710.4,57717.25,57701.55,57707.15,0
2026-08-21 11:52:00,57707.25,57708.9,57690.55,57693.65,0
2026-08-21 11:53:00,57691.6,57700.4,57686.05,57695.95,0
2026-08-21 11:54:00,57696.65,57700.25,57681.35,57685.6,0
2026-08-21 11:55:00,57684.65,57691.35,57665.5,57665.5,0
2026-08-21 11:56:00,57668.25,57676.1,57660.2,57665.3,0
2026-08-21 11:57:00,57665.85,57671.35,57660.15,57670.45,0
2026-08-21 11:58:00,57668.6,57672.65,57658.75,57666.65,0
2026-08-21 11:59:00,57664.8,57672.85,57660.05,57662.9,0
2026-08-21 12:00:00,57662.9,57677.3,57657.7,57677.3,0
2026-08-21 12:01:00,57675.2,57690.35,57669.6,57685.4,0
2026-08-21 12:02:00,57683.9,57689.85,57676.55,57686.65,0
2026-08-21 12:03:00,57684.6,57686.6,57675.95,57681.5,0
2026-08-21 12:04:00,57680.3,57684.85,57675.3,57676.45,0
2026-08-21 12:05:00,57677.45,57697.15,57671.35,57687.4,0
2026-08-21 12:06:00,57685.75,57693.9,57677.6,57682.75,0
2026-08-21 12:07:00,57684.45,57684.45,57669.9,57672.3,0
2026-08-21 12:08:00,57679.65,57680.45,57665.35,57673.05,0
2026-08-21 12:09:00,57673.25,57676.55,57657.4,57662.75,0
2026-08-21 12:10:00,57661.4,57669.35,57650.4,57669.35,0
2026-08-21 12:11:00,57666.05,57676.75,57660.15,57673.25,0
2026-08-21 12:12:00,57673.95,57676.45,57666.05,57673.2,0
2026-08-21 12:13:00,57675.35,57680.35,57669.35,57676.05,0
2026-08-21 12:14:00,57679.4,57682.6,57664.05,57666.65,0
2026-08-21 12:15:00,57665.8,57667.1,57652.05,57657.45,0
2026-08-21 12:16:00,57653.45,57658.0,57622.9,57632.7,0
2026-08-21 12:17:00,57632.7,57654.9,57626.5,57654.9,0
2026-08-21 12:18:00,57655.05,57667.0,57640.15,57666.8,0
2026-08-21 12:19:00,57667.75,57667.9,57649.4,57656.9,0
2026-08-21 12:20:00,57658.1,57661.0,57649.8,57658.15,0
2026-08-21 12:21:00,57657.6,57664.3,57650.1,57659.0,0
2026-08-21 12:22:00,57658.75,57668.65,57652.25,57662.0,0
2026-08-21 12:23:00,57662.4,57672.95,57657.85,57666.45,0
2026-08-21 12:24:00,57666.9,57684.2,57662.4,57678.9,0
2026-08-21 12:25:00,57675.15,57679.7,57666.2,57667.1,0
2026-08-21 12:26:00,57667.65,57674.95,57663.4,57673.65,0
2026-08-21 12:27:00,57670.9,57682.95,57668.3,57670.7,0
2026-08-21 12:28:00,57673.95,57680.25,57666.25,57670.8,0
2026-08-21 12:29:00,57672.1,57689.0,57672.1,57676.0,0
2026-08-21 12:30:00,57676.6,57684.5,57667.55,57680.1,0
2026-08-21 12:31:00,57678.8,57680.75,57667.8,57674.5,0
2026-08-21 12:32:00,57676.4,57680.25,57669.2,57675.25,0
2026-08-21 12:33:00,57675.2,57677.9,57660.3,57677.0,0
2026-08-21 12:34:00,57674.3,57676.85,57665.5,57673.3,0
2026-08-21 12:35:00,57678.95,57686.5,57668.65,57682.2,0
2026-08-21 12:36:00,57682.85,57690.1,57675.7,57687.25,0
2026-08-21 12:37:00,57686.35,57688.95,57670.1,57678.5,0
2026-08-21 12:38:00,57676.7,57681.8,57664.95,57665.55,0
2026-08-21 12:39:00,57664.75,57680.85,57663.75,57670.8,0
2026-08-21 12:40:00,57671.8,57676.5,57660.6,57662.8,0
2026-08-21 12:41:00,57660.85,57668.4,57653.45,57667.05,0
2026-08-21 12:42:00,57662.75,57666.2,57650.25,57654.6,0
2026-08-21 12:43:00,57654.1,57656.95,57644.05,57647.05,0
2026-08-21 12:44:00,57648.45,57658.6,57640.75,57657.55,0
2026-08-21 12:45:00,57654.45,57669.05,57648.65,57662.1,0
2026-08-21 12:46:00,57660.0,57670.9,57654.45,57664.9,0
2026-08-21 12:47:00,57664.65,57670.6,57655.75,57663.0,0
2026-08-21 12:48:00,57662.8,57667.6,57654.05,57659.35,0
2026-08-21 12:49:00,57659.8,57665.95,57653.1,57664.0,0
2026-08-21 12:50:00,57663.3,57670.8,57655.95,57667.2,0
2026-08-21 12:51:00,57666.95,57675.55,57657.85,57675.55,0
2026-08-21 12:52:00,57676.35,57677.85,57668.05,57674.2,0
2026-08-21 12:53:00,57675.15,57681.65,57670.35,57677.6,0
2026-08-21 12:54:00,57678.7,57683.9,57669.15,57679.15,0
2026-08-21 12:55:00,57680.8,57685.15,57672.05,57678.95,0
2026-08-21 12:56:00,57682.4,57685.0,57673.45,57678.1,0
2026-08-21 12:57:00,57680.05,57680.15,57668.2,57672.0,0
2026-08-21 12:58:00,57671.4,57686.0,57656.95,57681.2,0
2026-08-21 12:59:00,57674.55,57684.1,57662.45,57674.6,0
2026-08-21 13:00:00,57673.45,57684.65,57669.45,57683.15,0
2026-08-21 13:01:00,57681.7,57684.25,57675.1,57676.85,0
2026-08-21 13:02:00,57677.0,57680.65,57668.25,57674.35,0
2026-08-21 13:03:00,57676.75,57685.35,57670.45,57683.3,0
2026-08-21 13:04:00,57683.95,57683.95,57673.2,57677.15,0
2026-08-21 13:05:00,57680.95,57691.05,57671.2,57689.5,0
2026-08-21 13:06:00,57689.05,57695.85,57683.55,57690.55,0
2026-08-21 13:07:00,57689.4,57697.45,57686.3,57693.8,0
2026-08-21 13:08:00,57695.8,57695.8,57682.85,57693.45,0
2026-08-21 13:09:00,57693.65,57713.0,57687.5,57704.05,0
2026-08-21 13:10:00,57705.6,57720.9,57699.15,57703.15,0
2026-08-21 13:11:00,57700.8,57706.5,57691.8,57700.45,0
2026-08-21 13:12:00,57700.3,57700.3,57691.55,57695.95,0
2026-08-21 13:13:00,57694.7,57696.4,57680.1,57687.95,0
2026-08-21 13:14:00,57686.35,57689.9,57680.75,57684.4,0
2026-08-21 13:15:00,57685.2,57698.15,57683.25,57686.3,0
2026-08-21 13:16:00,57685.45,57691.55,57676.55,57676.55,0
2026-08-21 13:17:00,57678.0,57685.15,57671.9,57678.35,0
2026-08-21 13:18:00,57680.9,57700.5,57676.65,57690.5,0
2026-08-21 13:19:00,57686.8,57688.65,57677.55,57684.7,0
2026-08-21 13:20:00,57682.9,57684.8,57674.95,57681.55,0
2026-08-21 13:21:00,57676.8,57680.2,57669.7,57672.6,0
2026-08-21 13:22:00,57669.85,57672.6,57660.8,57667.45,0
2026-08-21 13:23:00,57667.0,57669.7,57659.95,57668.2,0
2026-08-21 13:24:00,57665.05,57683.55,57659.6,57683.55,0
2026-08-21 13:25:00,57679.5,57682.5,57665.5,57676.85,0
2026-08-21 13:26:00,57678.8,57680.15,57667.95,57673.55,0
2026-08-21 13:27:00,57673.8,57676.4,57663.2,57672.3,0
2026-08-21 13:28:00,57671.35,57675.9,57662.85,57667.7,0
2026-08-21 13:29:00,57667.8,57681.75,57659.35,57677.35,0
2026-08-21 13:30:00,57680.5,57692.05,57670.05,57679.4,0
2026-08-21 13:31:00,57680.9,57688.65,57671.0,57687.05,0
2026-08-21 13:32:00,57687.85,57687.85,57669.5,57674.5,0
2026-08-21 13:33:00,57674.15,57675.35,57663.8,57671.4,0
2026-08-21 13:34:00,57671.8,57671.8,57659.4,57665.1,0
2026-08-21 13:35:00,57660.0,57668.85,57653.9,57667.15,0
2026-08-21 13:36:00,57665.85,57665.85,57639.2,57643.65,0
2026-08-21 13:37:00,57646.55,57664.15,57636.9,57660.4,0
2026-08-21 13:38:00,57661.25,57664.3,57649.9,57657.15,0
2026-08-21 13:39:00,57657.2,57668.8,57650.1,57665.55,0
2026-08-21 13:40:00,57668.25,57672.15,57659.35,57669.1,0
2026-08-21 13:41:00,57669.8,57669.8,57645.8,57651.25,0
2026-08-21 13:42:00,57651.1,57662.05,57640.9,57655.4,0
2026-08-21 13:43:00,57656.9,57662.85,57645.75,57662.85,0
2026-08-21 13:44:00,57662.7,57664.95,57650.8,57656.1,0
2026-08-21 13:45:00,57655.45,57660.95,57650.4,57657.0,0
2026-08-21 13:46:00,57655.0,57656.95,57632.0,57639.2,0
2026-08-21 13:47:00,57637.55,57664.15,57636.3,57663.65,0
2026-08-21 13:48:00,57667.25,57667.25,57645.2,57649.85,0
2026-08-21 13:49:00,57649.5,57654.65,57639.6,57645.7,0
2026-08-21 13:50:00,57646.95,57648.15,57635.0,57644.65,0
2026-08-21 13:51:00,57645.5,57645.5,57628.1,57643.55,0
2026-08-21 13:52:00,57644.5,57655.25,57639.8,57645.35,0
2026-08-21 13:53:00,57645.25,57668.55,57641.9,57659.95,0
2026-08-21 13:54:00,57659.65,57659.65,57646.15,57654.3,0
2026-08-21 13:55:00,57651.6,57657.45,57644.0,57651.45,0
2026-08-21 13:56:00,57651.15,57659.5,57648.95,57655.2,0
2026-08-21 13:57:00,57655.9,57672.15,57652.8,57670.6,0
2026-08-21 13:58:00,57665.85,57683.7,57662.05,57668.6,0
2026-08-21 13:59:00,57667.15,57673.75,57657.25,57666.05,0
2026-08-21 14:00:00,57667.55,57667.55,57648.15,57660.55,0
2026-08-21 14:01:00,57657.75,57660.65,57642.55,57652.65,0
2026-08-21 14:02:00,57654.35,57657.3,57642.7,57649.35,0
2026-08-21 14:03:00,57652.95,57663.8,57637.2,57643.75,0
2026-08-21 14:04:00,57644.4,57650.4,57634.15,57648.95,0
2026-08-21 14:05:00,57644.9,57647.65,57633.1,57638.25,0
2026-08-21 14:06:00,57636.05,57644.2,57631.2,57637.7,0
2026-08-21 14:07:00,57640.3,57645.1,57627.8,57637.05,0
2026-08-21 14:08:00,57638.25,57652.65,57638.25,57647.1,0
2026-08-21 14:09:00,57647.3,57652.85,57631.3,57637.85,0
2026-08-21 14:10:00,57637.45,57639.4,57625.2,57637.75,0
2026-08-21 14:11:00,57638.45,57675.15,57631.9,57658.85,0
2026-08-21 14:12:00,57658.55,57667.65,57648.0,57664.45,0
2026-08-21 14:13:00,57659.1,57671.2,57656.6,57669.15,0
2026-08-21 14:14:00,57669.6,57674.45,57660.6,57670.5,0
2026-08-21 14:15:00,57669.8,57671.8,57655.95,57667.2,0
2026-08-21 14:16:00,57668.6,57680.3,57660.4,57670.85,0
2026-08-21 14:17:00,57666.9,57678.7,57663.4,57671.55,0
2026-08-21 14:18:00,57670.55,57681.8,57667.7,57678.9,0
2026-08-21 14:19:00,57680.75,57681.3,57662.25,57667.6,0
2026-08-21 14:20:00,57663.6,57682.95,57663.35,57677.7,0
2026-08-21 14:21:00,57675.9,57680.0,57663.5,57667.6,0
2026-08-21 14:22:00,57667.7,57676.95,57663.05,57673.2,0
2026-08-21 14:23:00,57674.3,57676.5,57662.45,57672.75,0
2026-08-21 14:24:00,57668.8,57680.25,57659.8,57672.55,0
2026-08-21 14:25:00,57676.3,57680.85,57658.45,57662.65,0
2026-08-21 14:26:00,57662.0,57667.3,57648.85,57651.55,0
2026-08-21 14:27:00,57653.15,57668.5,57651.65,57658.95,0
2026-08-21 14:28:00,57662.55,57668.1,57653.4,57668.1,0
2026-08-21 14:29:00,57667.35,57680.65,57663.3,57679.3,0
2026-08-21 14:30:00,57676.4,57692.25,57674.95,57687.2,0
2026-08-21 14:31:00,57683.2,57698.6,57682.65,57692.55,0
2026-08-21 14:32:00,57690.4,57699.05,57677.75,57688.95,0
2026-08-21 14:33:00,57688.25,57694.25,57680.15,57685.5,0
2026-08-21 14:34:00,57684.3,57689.5,57669.6,57676.65,0
2026-08-21 14:35:00,57674.5,57676.9,57661.65,57668.05,0
2026-08-21 14:36:00,57665.15,57676.05,57659.45,57664.55,0
2026-08-21 14:37:00,57665.75,57672.95,57651.65,57657.25,0
2026-08-21 14:38:00,57657.3,57661.6,57649.4,57654.4,0
2026-08-21 14:39:00,57651.4,57657.1,57644.75,57651.7,0
2026-08-21 14:40:00,57649.5,57654.1,57642.3,57654.0,0
2026-08-21 14:41:00,57647.45,57654.05,57638.75,57648.5,0
2026-08-21 14:42:00,57650.45,57656.8,57644.0,57647.15,0
2026-08-21 14:43:00,57649.75,57656.6,57644.4,57650.6,0
2026-08-21 14:44:00,57647.2,57657.45,57644.95,57647.85,0
2026-08-21 14:45:00,57650.15,57658.75,57646.95,57654.1,0
2026-08-21 14:46:00,57656.85,57666.3,57649.1,57664.45,0
2026-08-21 14:47:00,57659.65,57666.4,57655.5,57666.4,0
2026-08-21 14:48:00,57661.55,57676.0,57661.55,57669.3,0
2026-08-21 14:49:00,57666.65,57674.05,57661.5,57662.95,0
2026-08-21 14:50:00,57662.35,57672.35,57658.25,57670.0,0
2026-08-21 14:51:00,57667.0,57678.2,57663.6,57670.8,0
2026-08-21 14:52:00,57670.6,57674.6,57666.65,57668.2,0
2026-08-21 14:53:00,57668.1,57678.7,57662.0,57668.35,0
2026-08-21 14:54:00,57667.5,57674.5,57658.8,57667.15,0
2026-08-21 14:55:00,57666.1,57668.2,57658.9,57662.15,0
2026-08-21 14:56:00,57660.7,57672.65,57654.6,57666.4,0
2026-08-21 14:57:00,57667.9,57671.45,57657.15,57661.5,0
2026-08-21 14:58:00,57660.95,57671.55,57655.3,57655.3,0
2026-08-21 14:59:00,57656.8,57666.2,57650.85,57657.95,0
2026-08-21 15:00:00,57656.45,57664.45,57646.45,57649.95,0
2026-08-21 15:01:00,57656.05,57661.05,57647.8,57657.4,0
2026-08-21 15:02:00,57658.25,57675.3,57658.25,57661.7,0
2026-08-21 15:03:00,57665.3,57671.45,57652.4,57658.4,0
2026-08-21 15:04:00,57653.0,57675.6,57653.0,57659.4,0
2026-08-21 15:05:00,57663.2,57669.15,57649.65,57657.95,0
2026-08-21 15:06:00,57657.6,57662.65,57647.8,57652.0,0
2026-08-21 15:07:00,57653.95,57664.15,57650.65,57652.5,0
2026-08-21 15:08:00,57656.15,57659.35,57642.55,57643.7,0
2026-08-21 15:09:00,57646.35,57650.5,57640.4,57647.6,0
2026-08-21 15:10:00,57642.55,57658.35,57641.25,57644.2,0
2026-08-21 15:11:00,57642.85,57646.2,57626.85,57633.85,0
2026-08-21 15:12:00,57637.65,57644.9,57622.6,57626.75,0
2026-08-21 15:13:00,57625.65,57659.65,57625.65,57659.65,0
2026-08-21 15:14:00,57658.4,57670.05,57649.0,57657.9,0
2026-08-21 15:15:00,57654.65,57664.95,57647.65,57647.65,0
2026-08-21 15:16:00,57647.65,57647.65,57647.65,57647.65,0
2026-08-21 15:17:00,57647.65,57647.65,57647.65,57647.65,0
2026-08-21 15:18:00,57647.65,57647.65,57647.65,57647.65,0
2026-08-21 15:19:00,57647.65,57647.65,57647.65,57647.65,0
2026-08-21 15:20:00,57647.65,57647.65,57647.65,57647.65,0
2026-08-21 15:21:00,57647.65,57647.65,57647.65,57647.65,0
2026-08-21 15:22:00,57647.65,57647.65,57647.65,57647.65,0
2026-08-21 15:23:00,57647.65,57647.65,57647.65,57647.65,0
2026-08-21 15:24:00,57647.65,57647.65,57647.65,57647.65,0
2026-08-21 15:25:00,57647.65,57647.65,57647.65,57647.65,0
2026-08-21 15:26:00,57647.65,57647.65,57647.65,57647.65,0
2026-08-21 15:27:00,57647.65,57647.65,57647.65,57647.65,0
2026-08-21 15:28:00,57647.65,57647.65,57647.65,57647.65,0
2026-08-21 15:29:00,57647.65,57647.65,57647.65,57647.65,0
2026-08-21 15:30:00,57647.65,57761.95,57647.65,57761.95,0
2026-08-21 15:31:00,57761.95,57761.95,57761.95,57761.95,0
