trade_id,date,entry_time,exit_time,symbol,side,regime,entry_price,exit_price,quantity,pnl,R_multiple,ml_prob,entry_score,MFE,MAE,holding_seconds,stop_loss,target,stop_distance_pts,peak_pnl,entry_reason,exit_reason,signal_ts,order_submit_ts,fill_ts,signal_price,fill_price,first_bid,first_ask,first_ltp,spread,slippage_pts,signal_to_order_latency_ms,order_to_fill_latency_ms,ce_threshold,pe_threshold
1,2026-08-18,10:25:40,10:26:01,BANKNIFTY26AUG57300PE,PE,SCALP,350.8,345.0,60,-480.0,-1.6,0.0,0.0,36.0,-516.0,21.0,345.8,400.8,5.0,36.0,SCALP_MOM,SCALP_STOP,,,,0.0,350.8,,,,,,,,0.0,0.0
1,2026-08-18,10:51:57,10:52:32,BANKNIFTY26AUG57300PE,PE,SCALP,378.6,387.55,60,405.0,-0.746,0.0,0.0,663.0,-258.0,34.1,387.65,428.6,-9.05,663.0,SCALP_MOM,SCALP_STOP,,,,0.0,378.6,,,,,,,,0.0,0.0
1,2026-08-18,11:50:29,11:51:50,BANKNIFTY26AUG57300CE,CE,SCALP,469.2,460.7,60,-642.0,-1.337,0.0,0.0,48.0,-690.0,81.1,461.2,519.2,8.0,48.0,SCALP_MOM,SCALP_STOP,,,,0.0,469.2,,,,,,,,0.0,0.0
2,2026-08-18,12:04:39,12:04:49,BANKNIFTY26AUG57400CE,CE,SCALP,441.8,447.1,60,186.0,-0.633,0.0,0.0,414.0,-228.0,9.4,446.7,491.8,-4.9,414.0,SCALP_MOM,SCALP_STOP,,,,0.0,441.8,,,,,,,,0.0,0.0
3,2026-08-18,12:07:46,12:08:45,BANKNIFTY26AUG57400CE,CE,SCALP,448.2,440.0,60,-624.0,-1.3,0.0,0.0,0.0,-624.0,59.2,440.2,498.2,8.0,0.0,SCALP_MOM,SCALP_STOP,,,,0.0,448.2,,,,,,,,0.0,0.0
1,2026-08-18,13:23:33,13:24:28,BANKNIFTY26AUG57300PE,PE,SCALP,341.35,341.05,60,-150.0,10.0,0.0,0.0,252.0,-402.0,55.2,341.6,391.35,-0.25,252.0,SCALP_MOM,SCALP_STOP,,,,0.0,341.35,,,,,,,,0.0,0.0
2,2026-08-18,14:02:26,14:02:49,BANKNIFTY26AUG57300CE,CE,SCALP,463.55,463.6,60,-129.0,8.6,0.0,0.0,129.0,-258.0,22.6,463.8,513.55,-0.25,129.0,SCALP_MOM,SCALP_STOP,,,,0.0,463.55,,,,,,,,0.0,0.0
3,2026-08-18,14:05:52,14:06:26,BANKNIFTY26AUG57300PE,PE,SCALP,324.35,316.0,60,-633.0,-1.319,0.0,0.0,0.0,-633.0,33.8,316.35,374.35,8.0,0.0,SCALP_MOM,SCALP_STOP,,,,0.0,324.35,,,,,,,,0.0,0.0
4,2026-08-18,14:27:25,14:28:01,BANKNIFTY26AUG57300PE,PE,SCALP,334.35,327.55,60,-540.0,-1.125,0.0,0.0,9.0,-549.0,36.0,326.35,384.35,8.0,9.0,SCALP_MOM,SCALP_NO_LIFE,,,,0.0,334.35,,,,,,,,0.0,0.0
5,2026-08-18,14:32:42,14:32:49,BANKNIFTY26AUG57300CE,CE,SCALP,485.0,479.15,60,-483.0,-1.61,0.0,0.0,0.0,-483.0,7.3,480.0,535.0,5.0,0.0,SCALP_MOM,SCALP_STOP,,,,0.0,485.0,,,,,,,,0.0,0.0
6,2026-08-18,14:56:55,14:57:45,BANKNIFTY26AUG57400CE,CE,SCALP,427.2,431.65,60,135.0,-0.506,0.0,0.0,387.0,-252.0,49.6,431.65,477.2,-4.45,387.0,SCALP_MOM,SCALP_STOP,,,,0.0,427.2,,,,,,,,0.0,0.0
1,2026-08-19,09:31:55,09:32:03,BANKNIFTY26AUG57100PE,PE,SCALP,326.75,326.45,60,-150.0,10.0,0.6185,61.9,156.0,-306.0,8.8,327.0,376.75,-0.25,156.0,SCALP_MOM,SCALP_STOP,,,,0.0,326.75,,,,,,,,0.0,0.0
1,2026-08-19,09:31:55,09:32:03,BANKNIFTY26AUG57100PE,PE,SCALP,326.75,326.45,60,-150.0,10.0,0.6204,62.0,156.0,-306.0,8.8,327.0,376.75,-0.25,156.0,SCALP_MOM,SCALP_STOP,,,,0.0,326.75,,,,,,,,0.0,0.0
2,2026-08-19,09:36:09,09:36:42,BANKNIFTY26AUG57000PE,PE,SCALP,304.35,303.4,60,-189.0,12.6,0.6031,60.3,180.0,-369.0,33.2,304.6,354.35,-0.25,180.0,SCALP_MOM,SCALP_STOP,,,,0.0,304.35,,,,,,,,0.0,0.0
2,2026-08-19,09:36:09,09:36:42,BANKNIFTY26AUG57000PE,PE,SCALP,304.35,304.8,60,-105.0,7.0,0.5889,58.9,180.0,-285.0,33.5,304.6,354.35,-0.25,180.0,SCALP_MOM,SCALP_STOP,,,,0.0,304.35,,,,,,,,0.0,0.0
3,2026-08-19,09:52:14,09:52:32,BANKNIFTY26AUG57200PE,PE,SCALP,318.0,316.85,60,-201.0,13.4,0.5501,55.0,207.0,-408.0,17.6,318.25,368.0,-0.25,207.0,SCALP_MOM,SCALP_STOP,,,,0.0,318.0,,,,,,,,0.0,0.0
1,2026-08-19,10:34:42,10:35:22,BANKNIFTY26AUG57100PE,PE,SCALP,296.0,295.3,60,-174.0,11.6,0.423,42.3,180.0,-354.0,40.8,296.25,346.0,-0.25,180.0,SCALP_MOM,SCALP_STOP,,,,0.0,296.0,,,,,,,,0.0,0.0
1,2026-08-19,14:30:32,14:30:53,BANKNIFTY26AUG57200CE,CE,EXPANSION,424.75,426.4,30,-16.5,0.181,0.6381,63.8,147.0,-163.5,20.6,427.79,459.75,-3.04,147.0,ML_CE,STOP,,,,0.0,424.75,,,,,,,,0.62,0.66
2,2026-08-19,14:30:32,14:31:09,BANKNIFTY26AUG57200CE,CE,EXPANSION,424.75,425.9,30,-31.5,0.194,0.6381,63.8,222.0,-253.5,36.9,430.15,459.75,-5.4,222.0,ML_CE,STOP,,,,0.0,424.75,,,,,,,,0.62,0.66
3,2026-08-19,14:30:32,14:31:10,BANKNIFTY26AUG57200CE,CE,EXPANSION,424.75,424.35,30,-78.0,0.481,0.6381,63.8,222.0,-300.0,38.2,430.15,459.75,-5.4,222.0,ML_CE,STOP,,,,0.0,424.75,,,,,,,,0.62,0.66
4,2026-08-19,14:30:32,14:31:11,BANKNIFTY26AUG57200CE,CE,EXPANSION,424.75,427.15,30,6.0,-0.037,0.6381,63.8,222.0,-216.0,39.3,430.15,459.75,-5.4,222.0,ML_CE,STOP,,,,0.0,424.75,,,,,,,,0.62,0.66
5,2026-08-19,14:30:32,14:31:13,BANKNIFTY26AUG57200CE,CE,EXPANSION,424.75,426.15,30,-24.0,0.148,0.6381,63.8,222.0,-246.0,40.7,430.15,459.75,-5.4,222.0,ML_CE,STOP,,,,0.0,424.75,,,,,,,,0.62,0.66
6,2026-08-19,14:30:32,14:31:14,BANKNIFTY26AUG57200CE,CE,EXPANSION,424.75,428.3,30,40.5,-0.25,0.6381,63.8,222.0,-181.5,42.0,430.15,459.75,-5.4,222.0,ML_CE,STOP,,,,0.0,424.75,,,,,,,,0.62,0.66
7,2026-08-19,14:30:32,14:31:15,BANKNIFTY26AUG57200CE,CE,EXPANSION,424.75,429.55,30,78.0,-0.481,0.6381,63.8,222.0,-144.0,43.1,430.15,459.75,-5.4,222.0,ML_CE,STOP,,,,0.0,424.75,,,,,,,,0.62,0.66
8,2026-08-19,14:30:32,14:31:17,BANKNIFTY26AUG57200CE,CE,EXPANSION,424.75,429.45,30,75.0,-0.463,0.6381,63.8,222.0,-147.0,45.4,430.15,459.75,-5.4,222.0,ML_CE,STOP,,,,0.0,424.75,,,,,,,,0.62,0.66
9,2026-08-19,14:30:32,14:31:19,BANKNIFTY26AUG57200CE,CE,EXPANSION,424.75,428.45,30,45.0,-0.278,0.6381,63.8,222.0,-177.0,46.7,430.15,459.75,-5.4,222.0,ML_CE,STOP,,,,0.0,424.75,,,,,,,,0.62,0.66
10,2026-08-19,14:30:32,14:31:28,BANKNIFTY26AUG57200CE,CE,EXPANSION,424.75,429.0,30,61.5,-0.38,0.6381,63.8,222.0,-160.5,55.8,430.15,459.75,-5.4,222.0,ML_CE,STOP,,,,0.0,424.75,,,,,,,,0.62,0.66
11,2026-08-19,14:30:32,14:31:29,BANKNIFTY26AUG57200CE,CE,EXPANSION,424.75,428.85,30,57.0,-0.352,0.6381,63.8,222.0,-165.0,57.1,430.15,459.75,-5.4,222.0,ML_CE,STOP,,,,0.0,424.75,,,,,,,,0.62,0.66
12,2026-08-19,14:30:32,14:31:31,BANKNIFTY26AUG57200CE,CE,EXPANSION,424.75,429.8,30,85.5,-0.528,0.6381,63.8,222.0,-136.5,58.4,430.15,459.75,-5.4,222.0,ML_CE,STOP,,,,0.0,424.75,,,,,,,,0.62,0.66
13,2026-08-19,14:30:32,14:31:33,BANKNIFTY26AUG57200CE,CE,EXPANSION,424.75,428.2,30,37.5,-0.231,0.6381,63.8,222.0,-184.5,61.1,430.15,459.75,-5.4,222.0,ML_CE,STOP,,,,0.0,424.75,,,,,,,,0.62,0.66
14,2026-08-19,14:30:32,14:31:35,BANKNIFTY26AUG57200CE,CE,EXPANSION,424.75,429.7,30,82.5,-0.509,0.6381,63.8,222.0,-139.5,62.4,430.15,459.75,-5.4,222.0,ML_CE,STOP,,,,0.0,424.75,,,,,,,,0.62,0.66
15,2026-08-19,14:30:32,14:31:36,BANKNIFTY26AUG57200CE,CE,EXPANSION,424.75,426.0,30,-28.5,0.176,0.6381,63.8,222.0,-250.5,63.6,430.15,459.75,-5.4,222.0,ML_CE,STOP,,,,0.0,424.75,,,,,,,,0.62,0.66
16,2026-08-19,14:30:32,14:31:37,BANKNIFTY26AUG57200CE,CE,EXPANSION,424.75,427.4,30,13.5,-0.083,0.6381,63.8,222.0,-208.5,65.1,430.15,459.75,-5.4,222.0,ML_CE,STOP,,,,0.0,424.75,,,,,,,,0.62,0.66
17,2026-08-19,14:30:32,14:31:38,BANKNIFTY26AUG57200CE,CE,EXPANSION,424.75,428.8,30,55.5,-0.343,0.6381,63.8,222.0,-166.5,66.2,430.15,459.75,-5.4,222.0,ML_CE,STOP,,,,0.0,424.75,,,,,,,,0.62,0.66
18,2026-08-19,14:30:32,14:31:40,BANKNIFTY26AUG57200CE,CE,EXPANSION,424.75,425.75,30,-36.0,0.222,0.6381,63.8,222.0,-258.0,67.5,430.15,459.75,-5.4,222.0,ML_CE,STOP,,,,0.0,424.75,,,,,,,,0.62,0.66
19,2026-08-19,14:30:32,14:31:41,BANKNIFTY26AUG57200CE,CE,EXPANSION,424.75,427.35,30,12.0,-0.074,0.6381,63.8,222.0,-210.0,68.7,430.15,459.75,-5.4,222.0,ML_CE,STOP,,,,0.0,424.75,,,,,,,,0.62,0.66
20,2026-08-19,14:30:32,14:31:42,BANKNIFTY26AUG57200CE,CE,EXPANSION,424.75,427.35,30,12.0,-0.074,0.6381,63.8,222.0,-210.0,69.8,430.15,459.75,-5.4,222.0,ML_CE,STOP,,,,0.0,424.75,,,,,,,,0.62,0.66
21,2026-08-19,14:30:32,14:31:43,BANKNIFTY26AUG57200CE,CE,EXPANSION,424.75,426.6,30,-10.5,0.065,0.6381,63.8,222.0,-232.5,71.0,430.15,459.75,-5.4,222.0,ML_CE,STOP,,,,0.0,424.75,,,,,,,,0.62,0.66
22,2026-08-19,14:30:32,14:31:44,BANKNIFTY26AUG57200CE,CE,EXPANSION,424.75,426.75,30,-6.0,0.037,0.6381,63.8,222.0,-228.0,72.1,430.15,459.75,-5.4,222.0,ML_CE,STOP,,,,0.0,424.75,,,,,,,,0.62,0.66
23,2026-08-19,14:30:32,14:31:46,BANKNIFTY26AUG57200CE,CE,EXPANSION,424.75,427.35,30,12.0,-0.074,0.6381,63.8,222.0,-210.0,73.5,430.15,459.75,-5.4,222.0,ML_CE,STOP,,,,0.0,424.75,,,,,,,,0.62,0.66
24,2026-08-19,14:30:32,14:31:47,BANKNIFTY26AUG57200CE,CE,EXPANSION,424.75,429.7,30,82.5,-0.509,0.6381,63.8,222.0,-139.5,74.9,430.15,459.75,-5.4,222.0,ML_CE,STOP,,,,0.0,424.75,,,,,,,,0.62,0.66
25,2026-08-19,14:30:32,14:31:48,BANKNIFTY26AUG57200CE,CE,EXPANSION,424.75,430.1,30,94.5,-0.583,0.6381,63.8,222.0,-127.5,76.2,430.15,459.75,-5.4,222.0,ML_CE,STOP,,,,0.0,424.75,,,,,,,,0.62,0.66
26,2026-08-19,14:30:32,14:31:50,BANKNIFTY26AUG57200CE,CE,EXPANSION,424.75,428.6,30,49.5,-0.306,0.6381,63.8,222.0,-172.5,77.5,430.15,459.75,-5.4,222.0,ML_CE,STOP,,,,0.0,424.75,,,,,,,,0.62,0.66
27,2026-08-19,14:30:32,14:31:51,BANKNIFTY26AUG57200CE,CE,EXPANSION,424.75,428.65,30,51.0,-0.315,0.6381,63.8,222.0,-171.0,79.2,430.15,459.75,-5.4,222.0,ML_CE,STOP,,,,0.0,424.75,,,,,,,,0.62,0.66
28,2026-08-19,14:30:32,14:31:53,BANKNIFTY26AUG57200CE,CE,EXPANSION,424.75,429.5,30,76.5,-0.472,0.6381,63.8,222.0,-145.5,80.7,430.15,459.75,-5.4,222.0,ML_CE,STOP,,,,0.0,424.75,,,,,,,,0.62,0.66
29,2026-08-19,14:30:32,14:31:54,BANKNIFTY26AUG57200CE,CE,EXPANSION,424.75,427.15,30,6.0,-0.037,0.6381,63.8,222.0,-216.0,82.2,430.15,459.75,-5.4,222.0,ML_CE,STOP,,,,0.0,424.75,,,,,,,,0.62,0.66
30,2026-08-19,14:30:32,14:31:56,BANKNIFTY26AUG57200CE,CE,EXPANSION,424.75,427.05,30,3.0,-0.019,0.6381,63.8,222.0,-219.0,83.6,430.15,459.75,-5.4,222.0,ML_CE,STOP,,,,0.0,424.75,,,,,,,,0.62,0.66
31,2026-08-19,14:30:32,14:31:57,BANKNIFTY26AUG57200CE,CE,EXPANSION,424.75,426.7,30,-7.5,0.046,0.6381,63.8,222.0,-229.5,85.0,430.15,459.75,-5.4,222.0,ML_CE,STOP,,,,0.0,424.75,,,,,,,,0.62,0.66
32,2026-08-19,14:30:32,14:31:58,BANKNIFTY26AUG57200CE,CE,EXPANSION,424.75,428.8,30,55.5,-0.343,0.6381,63.8,222.0,-166.5,86.1,430.15,459.75,-5.4,222.0,ML_CE,STOP,,,,0.0,424.75,,,,,,,,0.62,0.66
33,2026-08-19,14:30:32,14:32:00,BANKNIFTY26AUG57200CE,CE,EXPANSION,424.75,428.75,30,54.0,-0.333,0.6381,63.8,222.0,-168.0,87.8,430.15,459.75,-5.4,222.0,ML_CE,STOP,,,,0.0,424.75,,,,,,,,0.62,0.66
34,2026-08-19,14:30:32,14:32:01,BANKNIFTY26AUG57200CE,CE,EXPANSION,424.75,429.35,30,72.0,-0.444,0.6381,63.8,222.0,-150.0,88.9,430.15,459.75,-5.4,222.0,ML_CE,STOP,,,,0.0,424.75,,,,,,,,0.62,0.66
35,2026-08-19,14:30:32,14:32:02,BANKNIFTY26AUG57200CE,CE,EXPANSION,424.75,428.4,30,43.5,-0.269,0.6381,63.8,222.0,-178.5,90.1,430.15,459.75,-5.4,222.0,ML_CE,STOP,,,,0.0,424.75,,,,,,,,0.62,0.66
36,2026-08-19,14:30:32,14:32:04,BANKNIFTY26AUG57200CE,CE,EXPANSION,424.75,428.4,30,43.5,-0.269,0.6381,63.8,222.0,-178.5,91.5,430.15,459.75,-5.4,222.0,ML_CE,STOP,,,,0.0,424.75,,,,,,,,0.62,0.66
37,2026-08-19,14:30:32,14:32:05,BANKNIFTY26AUG57200CE,CE,EXPANSION,424.75,427.1,30,4.5,-0.028,0.6381,63.8,222.0,-217.5,92.8,430.15,459.75,-5.4,222.0,ML_CE,STOP,,,,0.0,424.75,,,,,,,,0.62,0.66
38,2026-08-19,14:30:32,14:32:06,BANKNIFTY26AUG57200CE,CE,EXPANSION,424.75,428.0,30,31.5,-0.194,0.6381,63.8,222.0,-190.5,94.2,430.15,459.75,-5.4,222.0,ML_CE,STOP,,,,0.0,424.75,,,,,,,,0.62,0.66
39,2026-08-19,14:30:32,14:32:07,BANKNIFTY26AUG57200CE,CE,EXPANSION,424.75,428.35,30,42.0,-0.259,0.6381,63.8,222.0,-180.0,95.4,430.15,459.75,-5.4,222.0,ML_CE,STOP,,,,0.0,424.75,,,,,,,,0.62,0.66
40,2026-08-19,14:30:32,14:32:09,BANKNIFTY26AUG57200CE,CE,EXPANSION,424.75,428.3,30,40.5,-0.25,0.6381,63.8,222.0,-181.5,96.7,430.15,459.75,-5.4,222.0,ML_CE,STOP,,,,0.0,424.75,,,,,,,,0.62,0.66
41,2026-08-19,14:30:32,14:32:10,BANKNIFTY26AUG57200CE,CE,EXPANSION,424.75,427.75,30,24.0,-0.148,0.6381,63.8,222.0,-198.0,97.9,430.15,459.75,-5.4,222.0,ML_CE,STOP,,,,0.0,424.75,,,,,,,,0.62,0.66
42,2026-08-19,14:30:32,14:32:11,BANKNIFTY26AUG57200CE,CE,EXPANSION,424.75,427.85,30,27.0,-0.167,0.6381,63.8,222.0,-195.0,99.0,430.15,459.75,-5.4,222.0,ML_CE,STOP,,,,0.0,424.75,,,,,,,,0.62,0.66
43,2026-08-19,14:30:32,14:32:13,BANKNIFTY26AUG57200CE,CE,EXPANSION,424.75,424.0,30,-88.5,0.546,0.6381,63.8,222.0,-310.5,100.5,430.15,459.75,-5.4,222.0,ML_CE,STOP,,,,0.0,424.75,,,,,,,,0.62,0.66
44,2026-08-19,14:30:32,14:32:14,BANKNIFTY26AUG57200CE,CE,EXPANSION,424.75,423.75,30,-96.0,0.593,0.6381,63.8,222.0,-318.0,101.7,430.15,459.75,-5.4,222.0,ML_CE,STOP,,,,0.0,424.75,,,,,,,,0.62,0.66
45,2026-08-19,14:30:32,14:32:15,BANKNIFTY26AUG57200CE,CE,EXPANSION,424.75,423.75,30,-96.0,0.593,0.6381,63.8,222.0,-318.0,103.2,430.15,459.75,-5.4,222.0,ML_CE,STOP,,,,0.0,424.75,,,,,,,,0.62,0.66
46,2026-08-19,14:30:32,14:32:17,BANKNIFTY26AUG57200CE,CE,EXPANSION,424.75,422.95,30,-120.0,0.741,0.6381,63.8,222.0,-342.0,104.4,430.15,459.75,-5.4,222.0,ML_CE,STOP,,,,0.0,424.75,,,,,,,,0.62,0.66
47,2026-08-19,14:30:32,14:32:18,BANKNIFTY26AUG57200CE,CE,EXPANSION,424.75,422.0,30,-148.5,0.917,0.6381,63.8,222.0,-370.5,105.6,430.15,459.75,-5.4,222.0,ML_CE,STOP,,,,0.0,424.75,,,,,,,,0.62,0.66
48,2026-08-19,14:30:32,14:32:19,BANKNIFTY26AUG57200CE,CE,EXPANSION,424.75,422.0,30,-148.5,0.917,0.6381,63.8,222.0,-370.5,106.7,430.15,459.75,-5.4,222.0,ML_CE,STOP,,,,0.0,424.75,,,,,,,,0.62,0.66
49,2026-08-19,14:30:32,14:32:20,BANKNIFTY26AUG57200CE,CE,EXPANSION,424.75,423.95,30,-90.0,0.556,0.6381,63.8,222.0,-312.0,108.0,430.15,459.75,-5.4,222.0,ML_CE,STOP,,,,0.0,424.75,,,,,,,,0.62,0.66
50,2026-08-19,14:30:32,14:32:21,BANKNIFTY26AUG57200CE,CE,EXPANSION,424.75,422.0,30,-148.5,0.917,0.6381,63.8,222.0,-370.5,109.1,430.15,459.75,-5.4,222.0,ML_CE,STOP,,,,0.0,424.75,,,,,,,,0.62,0.66
51,2026-08-19,14:30:32,14:32:22,BANKNIFTY26AUG57200CE,CE,EXPANSION,424.75,422.0,30,-148.5,0.917,0.6381,63.8,222.0,-370.5,110.2,430.15,459.75,-5.4,222.0,ML_CE,STOP,,,,0.0,424.75,,,,,,,,0.62,0.66
52,2026-08-19,14:30:32,14:32:24,BANKNIFTY26AUG57200CE,CE,EXPANSION,424.75,421.5,30,-163.5,1.009,0.6381,63.8,222.0,-385.5,111.4,430.15,459.75,-5.4,222.0,ML_CE,STOP,,,,0.0,424.75,,,,,,,,0.62,0.66
53,2026-08-19,14:30:32,14:32:25,BANKNIFTY26AUG57200CE,CE,EXPANSION,424.75,420.65,30,-189.0,1.167,0.6381,63.8,222.0,-411.0,112.5,430.15,459.75,-5.4,222.0,ML_CE,STOP,,,,0.0,424.75,,,,,,,,0.62,0.66
54,2026-08-19,14:30:32,14:32:26,BANKNIFTY26AUG57200CE,CE,EXPANSION,424.75,418.2,30,-262.5,1.62,0.6381,63.8,222.0,-484.5,113.8,430.15,459.75,-5.4,222.0,ML_CE,STOP,,,,0.0,424.75,,,,,,,,0.62,0.66
55,2026-08-19,14:30:32,14:32:27,BANKNIFTY26AUG57200CE,CE,EXPANSION,424.75,418.65,30,-249.0,1.537,0.6381,63.8,222.0,-471.0,115.1,430.15,459.75,-5.4,222.0,ML_CE,STOP,,,,0.0,424.75,,,,,,,,0.62,0.66
56,2026-08-19,14:30:32,14:32:28,BANKNIFTY26AUG57200CE,CE,EXPANSION,424.75,419.45,30,-225.0,1.389,0.6381,63.8,222.0,-447.0,116.2,430.15,459.75,-5.4,222.0,ML_CE,STOP,,,,0.0,424.75,,,,,,,,0.62,0.66
57,2026-08-19,14:30:32,14:32:30,BANKNIFTY26AUG57200CE,CE,EXPANSION,424.75,418.75,30,-246.0,1.519,0.6381,63.8,222.0,-468.0,117.5,430.15,459.75,-5.4,222.0,ML_CE,STOP,,,,0.0,424.75,,,,,,,,0.62,0.66
58,2026-08-19,14:30:32,14:32:31,BANKNIFTY26AUG57200CE,CE,EXPANSION,424.75,418.75,30,-246.0,1.519,0.6381,63.8,222.0,-468.0,118.7,430.15,459.75,-5.4,222.0,ML_CE,STOP,,,,0.0,424.75,,,,,,,,0.62,0.66
59,2026-08-19,14:30:32,14:32:32,BANKNIFTY26AUG57200CE,CE,EXPANSION,424.75,418.9,30,-241.5,1.491,0.6381,63.8,222.0,-463.5,120.0,430.15,459.75,-5.4,222.0,ML_CE,STOP,,,,0.0,424.75,,,,,,,,0.62,0.66
60,2026-08-19,14:30:32,14:32:33,BANKNIFTY26AUG57200CE,CE,EXPANSION,424.75,416.45,30,-315.0,1.944,0.6381,63.8,222.0,-537.0,121.1,430.15,459.75,-5.4,222.0,ML_CE,STOP,,,,0.0,424.75,,,,,,,,0.62,0.66
61,2026-08-19,14:30:32,14:32:35,BANKNIFTY26AUG57200CE,CE,EXPANSION,424.75,416.8,30,-304.5,1.88,0.6381,63.8,222.0,-526.5,122.4,430.15,459.75,-5.4,222.0,ML_CE,STOP,,,,0.0,424.75,,,,,,,,0.62,0.66
62,2026-08-19,14:30:32,14:32:36,BANKNIFTY26AUG57200CE,CE,EXPANSION,424.75,416.4,30,-316.5,1.954,0.6381,63.8,222.0,-538.5,123.9,430.15,459.75,-5.4,222.0,ML_CE,STOP,,,,0.0,424.75,,,,,,,,0.62,0.66
63,2026-08-19,14:30:32,14:32:37,BANKNIFTY26AUG57200CE,CE,EXPANSION,424.75,414.15,30,-384.0,2.37,0.6381,63.8,222.0,-606.0,125.0,430.15,459.75,-5.4,222.0,ML_CE,STOP,,,,0.0,424.75,,,,,,,,0.62,0.66
64,2026-08-19,14:30:32,14:32:38,BANKNIFTY26AUG57200CE,CE,EXPANSION,424.75,413.6,30,-400.5,2.472,0.6381,63.8,222.0,-622.5,126.1,430.15,459.75,-5.4,222.0,ML_CE,STOP,,,,0.0,424.75,,,,,,,,0.62,0.66
65,2026-08-19,14:30:32,14:32:39,BANKNIFTY26AUG57200CE,CE,EXPANSION,424.75,413.55,30,-402.0,2.481,0.6381,63.8,222.0,-624.0,127.3,430.15,459.75,-5.4,222.0,ML_CE,STOP,,,,0.0,424.75,,,,,,,,0.62,0.66
66,2026-08-19,14:30:32,14:32:41,BANKNIFTY26AUG57200CE,CE,EXPANSION,424.75,414.35,30,-378.0,2.333,0.6381,63.8,222.0,-600.0,128.6,430.15,459.75,-5.4,222.0,ML_CE,STOP,,,,0.0,424.75,,,,,,,,0.62,0.66
67,2026-08-19,14:30:32,14:32:42,BANKNIFTY26AUG57200CE,CE,EXPANSION,424.75,415.25,30,-351.0,2.167,0.6381,63.8,222.0,-573.0,129.7,430.15,459.75,-5.4,222.0,ML_CE,STOP,,,,0.0,424.75,,,,,,,,0.62,0.66
68,2026-08-19,14:30:32,14:32:43,BANKNIFTY26AUG57200CE,CE,EXPANSION,424.75,416.6,30,-310.5,1.917,0.6381,63.8,222.0,-532.5,130.8,430.15,459.75,-5.4,222.0,ML_CE,STOP,,,,0.0,424.75,,,,,,,,0.62,0.66
69,2026-08-19,14:30:32,14:32:44,BANKNIFTY26AUG57200CE,CE,EXPANSION,424.75,416.6,30,-310.5,1.917,0.6381,63.8,222.0,-532.5,132.1,430.15,459.75,-5.4,222.0,ML_CE,STOP,,,,0.0,424.75,,,,,,,,0.62,0.66
70,2026-08-19,14:30:32,14:32:45,BANKNIFTY26AUG57200CE,CE,EXPANSION,424.75,419.0,30,-238.5,1.472,0.6381,63.8,222.0,-460.5,133.2,430.15,459.75,-5.4,222.0,ML_CE,STOP,,,,0.0,424.75,,,,,,,,0.62,0.66
71,2026-08-19,14:30:32,14:32:46,BANKNIFTY26AUG57200CE,CE,EXPANSION,424.75,419.45,30,-225.0,1.389,0.6381,63.8,222.0,-447.0,134.3,430.15,459.75,-5.4,222.0,ML_CE,STOP,,,,0.0,424.75,,,,,,,,0.62,0.66
72,2026-08-19,14:30:32,14:32:48,BANKNIFTY26AUG57200CE,CE,EXPANSION,424.75,419.55,30,-222.0,1.37,0.6381,63.8,222.0,-444.0,135.4,430.15,459.75,-5.4,222.0,ML_CE,STOP,,,,0.0,424.75,,,,,,,,0.62,0.66
73,2026-08-19,14:30:32,14:32:49,BANKNIFTY26AUG57200CE,CE,EXPANSION,424.75,419.3,30,-229.5,1.417,0.6381,63.8,222.0,-451.5,136.5,430.15,459.75,-5.4,222.0,ML_CE,STOP,,,,0.0,424.75,,,,,,,,0.62,0.66
74,2026-08-19,14:30:32,14:32:50,BANKNIFTY26AUG57200CE,CE,EXPANSION,424.75,417.6,30,-280.5,1.731,0.6381,63.8,222.0,-502.5,137.8,430.15,459.75,-5.4,222.0,ML_CE,STOP,,,,0.0,424.75,,,,,,,,0.62,0.66
75,2026-08-19,14:30:32,14:32:51,BANKNIFTY26AUG57200CE,CE,EXPANSION,424.75,419.2,30,-232.5,1.435,0.6381,63.8,222.0,-454.5,139.2,430.15,459.75,-5.4,222.0,ML_CE,STOP,,,,0.0,424.75,,,,,,,,0.62,0.66
76,2026-08-19,14:30:32,14:32:52,BANKNIFTY26AUG57200CE,CE,EXPANSION,424.75,418.35,30,-258.0,1.593,0.6381,63.8,222.0,-480.0,140.3,430.15,459.75,-5.4,222.0,ML_CE,STOP,,,,0.0,424.75,,,,,,,,0.62,0.66
77,2026-08-19,14:30:32,14:32:54,BANKNIFTY26AUG57200CE,CE,EXPANSION,424.75,419.55,30,-222.0,1.37,0.6381,63.8,222.0,-444.0,141.6,430.15,459.75,-5.4,222.0,ML_CE,STOP,,,,0.0,424.75,,,,,,,,0.62,0.66
78,2026-08-19,14:30:32,14:32:55,BANKNIFTY26AUG57200CE,CE,EXPANSION,424.75,419.5,30,-223.5,1.38,0.6381,63.8,222.0,-445.5,142.7,430.15,459.75,-5.4,222.0,ML_CE,STOP,,,,0.0,424.75,,,,,,,,0.62,0.66
79,2026-08-19,14:30:32,14:32:56,BANKNIFTY26AUG57200CE,CE,EXPANSION,424.75,418.8,30,-244.5,1.509,0.6381,63.8,222.0,-466.5,144.1,430.15,459.75,-5.4,222.0,ML_CE,STOP,,,,0.0,424.75,,,,,,,,0.62,0.66
80,2026-08-19,14:30:32,14:32:58,BANKNIFTY26AUG57200CE,CE,EXPANSION,424.75,418.8,30,-244.5,1.509,0.6381,63.8,222.0,-466.5,145.4,430.15,459.75,-5.4,222.0,ML_CE,STOP,,,,0.0,424.75,,,,,,,,0.62,0.66
81,2026-08-19,14:30:32,14:32:59,BANKNIFTY26AUG57200CE,CE,EXPANSION,424.75,420.7,30,-187.5,1.157,0.6381,63.8,222.0,-409.5,146.7,430.15,459.75,-5.4,222.0,ML_CE,STOP,,,,0.0,424.75,,,,,,,,0.62,0.66
82,2026-08-19,14:30:32,14:33:00,BANKNIFTY26AUG57200CE,CE,EXPANSION,424.75,420.7,30,-187.5,1.157,0.6381,63.8,222.0,-409.5,147.8,430.15,459.75,-5.4,222.0,ML_CE,STOP,,,,0.0,424.75,,,,,,,,0.62,0.66
83,2026-08-19,14:30:32,14:33:01,BANKNIFTY26AUG57200CE,CE,EXPANSION,424.75,421.15,30,-174.0,1.074,0.6381,63.8,222.0,-396.0,148.9,430.15,459.75,-5.4,222.0,ML_CE,STOP,,,,0.0,424.75,,,,,,,,0.62,0.66
84,2026-08-19,14:30:32,14:33:02,BANKNIFTY26AUG57200CE,CE,EXPANSION,424.75,420.8,30,-184.5,1.139,0.6381,63.8,222.0,-406.5,150.0,430.15,459.75,-5.4,222.0,ML_CE,STOP,,,,0.0,424.75,,,,,,,,0.62,0.66
85,2026-08-19,14:30:32,14:33:03,BANKNIFTY26AUG57200CE,CE,EXPANSION,424.75,420.8,30,-184.5,1.139,0.6381,63.8,222.0,-406.5,151.3,430.15,459.75,-5.4,222.0,ML_CE,STOP,,,,0.0,424.75,,,,,,,,0.62,0.66
86,2026-08-19,14:30:32,14:33:05,BANKNIFTY26AUG57200CE,CE,EXPANSION,424.75,424.2,30,-82.5,0.509,0.6381,63.8,222.0,-304.5,152.4,430.15,459.75,-5.4,222.0,ML_CE,STOP,,,,0.0,424.75,,,,,,,,0.62,0.66
87,2026-08-19,14:30:32,14:33:06,BANKNIFTY26AUG57200CE,CE,EXPANSION,424.75,424.2,30,-82.5,0.509,0.6381,63.8,222.0,-304.5,153.7,430.15,459.75,-5.4,222.0,ML_CE,STOP,,,,0.0,424.75,,,,,,,,0.62,0.66
88,2026-08-19,14:30:32,14:33:07,BANKNIFTY26AUG57200CE,CE,EXPANSION,424.75,425.0,30,-58.5,0.361,0.6381,63.8,222.0,-280.5,154.8,430.15,459.75,-5.4,222.0,ML_CE,STOP,,,,0.0,424.75,,,,,,,,0.62,0.66
89,2026-08-19,14:30:32,14:33:08,BANKNIFTY26AUG57200CE,CE,EXPANSION,424.75,425.45,30,-45.0,0.278,0.6381,63.8,222.0,-267.0,155.9,430.15,459.75,-5.4,222.0,ML_CE,STOP,,,,0.0,424.75,,,,,,,,0.62,0.66
90,2026-08-19,14:30:32,14:33:09,BANKNIFTY26AUG57200CE,CE,EXPANSION,424.75,427.7,30,22.5,-0.139,0.6381,63.8,222.0,-199.5,157.1,430.15,459.75,-5.4,222.0,ML_CE,STOP,,,,0.0,424.75,,,,,,,,0.62,0.66
91,2026-08-19,14:30:32,14:33:10,BANKNIFTY26AUG57200CE,CE,EXPANSION,424.75,427.55,30,18.0,-0.111,0.6381,63.8,222.0,-204.0,158.2,430.15,459.75,-5.4,222.0,ML_CE,STOP,,,,0.0,424.75,,,,,,,,0.62,0.66
92,2026-08-19,14:30:32,14:33:11,BANKNIFTY26AUG57200CE,CE,EXPANSION,424.75,426.1,30,-25.5,0.157,0.6381,63.8,222.0,-247.5,159.4,430.15,459.75,-5.4,222.0,ML_CE,STOP,,,,0.0,424.75,,,,,,,,0.62,0.66
93,2026-08-19,14:30:32,14:33:13,BANKNIFTY26AUG57200CE,CE,EXPANSION,424.75,426.3,30,-19.5,0.12,0.6381,63.8,222.0,-241.5,160.5,430.15,459.75,-5.4,222.0,ML_CE,STOP,,,,0.0,424.75,,,,,,,,0.62,0.66
94,2026-08-19,14:30:32,14:33:14,BANKNIFTY26AUG57200CE,CE,EXPANSION,424.75,426.15,30,-24.0,0.148,0.6381,63.8,222.0,-246.0,162.0,430.15,459.75,-5.4,222.0,ML_CE,STOP,,,,0.0,424.75,,,,,,,,0.62,0.66
95,2026-08-19,14:30:32,14:33:15,BANKNIFTY26AUG57200CE,CE,EXPANSION,424.75,428.1,30,34.5,-0.213,0.6381,63.8,222.0,-187.5,163.3,430.15,459.75,-5.4,222.0,ML_CE,STOP,,,,0.0,424.75,,,,,,,,0.62,0.66
96,2026-08-19,14:30:32,14:33:17,BANKNIFTY26AUG57200CE,CE,EXPANSION,424.75,426.75,30,-6.0,0.037,0.6381,63.8,222.0,-228.0,164.5,430.15,459.75,-5.4,222.0,ML_CE,STOP,,,,0.0,424.75,,,,,,,,0.62,0.66
97,2026-08-19,14:30:32,14:33:18,BANKNIFTY26AUG57200CE,CE,EXPANSION,424.75,423.7,30,-97.5,0.602,0.6381,63.8,222.0,-319.5,166.0,430.15,459.75,-5.4,222.0,ML_CE,STOP,,,,0.0,424.75,,,,,,,,0.62,0.66
98,2026-08-19,14:30:32,14:33:19,BANKNIFTY26AUG57200CE,CE,EXPANSION,424.75,426.3,30,-19.5,0.12,0.6381,63.8,222.0,-241.5,167.1,430.15,459.75,-5.4,222.0,ML_CE,STOP,,,,0.0,424.75,,,,,,,,0.62,0.66
99,2026-08-19,14:30:32,14:33:21,BANKNIFTY26AUG57200CE,CE,EXPANSION,424.75,426.75,30,-6.0,0.037,0.6381,63.8,222.0,-228.0,168.6,430.15,459.75,-5.4,222.0,ML_CE,STOP,,,,0.0,424.75,,,,,,,,0.62,0.66
100,2026-08-19,14:30:32,14:33:22,BANKNIFTY26AUG57200CE,CE,EXPANSION,424.75,426.15,30,-24.0,0.148,0.6381,63.8,222.0,-246.0,170.0,430.15,459.75,-5.4,222.0,ML_CE,STOP,,,,0.0,424.75,,,,,,,,0.62,0.66
101,2026-08-19,14:30:32,14:33:23,BANKNIFTY26AUG57200CE,CE,EXPANSION,424.75,426.05,30,-27.0,0.167,0.6381,63.8,222.0,-249.0,171.1,430.15,459.75,-5.4,222.0,ML_CE,STOP,,,,0.0,424.75,,,,,,,,0.62,0.66
102,2026-08-19,14:30:32,14:33:24,BANKNIFTY26AUG57200CE,CE,EXPANSION,424.75,426.7,30,-7.5,0.046,0.6381,63.8,222.0,-229.5,172.3,430.15,459.75,-5.4,222.0,ML_CE,STOP,,,,0.0,424.75,,,,,,,,0.62,0.66
1,2026-08-19,14:34:16,14:35:41,BANKNIFTY26AUG57200CE,CE,EXPANSION,427.15,463.4,30,1021.5,-1.197,0.6964,69.6,1087.5,-66.0,84.9,455.6,462.15,-28.45,1087.5,ML_CE,TARGET_HIT,,,,0.0,427.15,,,,,,,,0.62,0.66
2,2026-08-19,14:34:16,14:35:42,BANKNIFTY26AUG57200CE,CE,EXPANSION,427.15,470.0,30,1219.5,-1.429,0.6964,69.6,1285.5,-66.0,86.2,455.6,462.15,-28.45,1285.5,ML_CE,TARGET_HIT,,,,0.0,427.15,,,,,,,,0.62,0.66
3,2026-08-19,14:34:16,14:35:44,BANKNIFTY26AUG57200CE,CE,EXPANSION,427.15,471.5,30,1264.5,-1.482,0.6964,69.6,1330.5,-66.0,87.8,455.6,462.15,-28.45,1330.5,ML_CE,TARGET_HIT,,,,0.0,427.15,,,,,,,,0.62,0.66
4,2026-08-19,14:34:16,14:35:45,BANKNIFTY26AUG57200CE,CE,EXPANSION,427.15,471.65,30,1269.0,-1.487,0.6964,69.6,1335.0,-66.0,89.0,455.6,462.15,-28.45,1335.0,ML_CE,TARGET_HIT,,,,0.0,427.15,,,,,,,,0.62,0.66
5,2026-08-19,14:34:16,14:35:46,BANKNIFTY26AUG57200CE,CE,EXPANSION,427.15,463.5,30,1024.5,-1.2,0.6964,69.6,1335.0,-310.5,90.1,455.6,462.15,-28.45,1335.0,ML_CE,TARGET_HIT,,,,0.0,427.15,,,,,,,,0.62,0.66
6,2026-08-19,14:34:16,14:35:48,BANKNIFTY26AUG57200CE,CE,EXPANSION,427.15,473.1,30,1312.5,-1.538,0.6964,69.6,1378.5,-66.0,91.6,455.6,462.15,-28.45,1378.5,ML_CE,TARGET_HIT,,,,0.0,427.15,,,,,,,,0.62,0.66
7,2026-08-19,14:34:16,14:35:49,BANKNIFTY26AUG57200CE,CE,EXPANSION,427.15,485.55,30,1686.0,-1.975,0.6964,69.6,1648.5,0.0,93.1,455.6,462.15,-28.45,1648.5,ML_CE,TARGET_HIT,,,,0.0,427.15,,,,,,,,0.62,0.66
8,2026-08-19,14:34:16,14:35:51,BANKNIFTY26AUG57200CE,CE,EXPANSION,427.15,485.6,30,1687.5,-1.977,0.6964,69.6,1834.5,-147.0,94.6,455.6,462.15,-28.45,1834.5,ML_CE,TARGET_HIT,,,,0.0,427.15,,,,,,,,0.62,0.66
9,2026-08-19,14:34:16,14:35:52,BANKNIFTY26AUG57200CE,CE,EXPANSION,427.15,484.45,30,1653.0,-1.937,0.6964,69.6,1834.5,-181.5,95.9,455.6,462.15,-28.45,1834.5,ML_CE,TARGET_HIT,,,,0.0,427.15,,,,,,,,0.62,0.66
10,2026-08-19,14:34:16,14:35:53,BANKNIFTY26AUG57200CE,CE,EXPANSION,427.15,482.65,30,1599.0,-1.873,0.6964,69.6,1834.5,-235.5,97.0,455.6,462.15,-28.45,1834.5,ML_CE,TARGET_HIT,,,,0.0,427.15,,,,,,,,0.62,0.66
11,2026-08-19,14:34:16,14:35:54,BANKNIFTY26AUG57200CE,CE,EXPANSION,427.15,480.0,30,1519.5,-1.78,0.6964,69.6,1834.5,-315.0,98.3,455.6,462.15,-28.45,1834.5,ML_CE,TARGET_HIT,,,,0.0,427.15,,,,,,,,0.62,0.66
12,2026-08-19,14:34:16,14:35:56,BANKNIFTY26AUG57200CE,CE,EXPANSION,427.15,478.45,30,1473.0,-1.726,0.6964,69.6,1834.5,-361.5,99.5,455.6,462.15,-28.45,1834.5,ML_CE,TARGET_HIT,,,,0.0,427.15,,,,,,,,0.62,0.66
13,2026-08-19,14:34:16,14:35:57,BANKNIFTY26AUG57200CE,CE,EXPANSION,427.15,479.4,30,1501.5,-1.759,0.6964,69.6,1834.5,-333.0,100.8,455.6,462.15,-28.45,1834.5,ML_CE,TARGET_HIT,,,,0.0,427.15,,,,,,,,0.62,0.66
14,2026-08-19,14:34:16,14:35:58,BANKNIFTY26AUG57200CE,CE,EXPANSION,427.15,484.45,30,1653.0,-1.937,0.6964,69.6,1834.5,-181.5,102.1,455.6,462.15,-28.45,1834.5,ML_CE,TARGET_HIT,,,,0.0,427.15,,,,,,,,0.62,0.66
15,2026-08-19,14:34:16,14:35:59,BANKNIFTY26AUG57200CE,CE,EXPANSION,427.15,490.85,30,1845.0,-2.162,0.6964,69.6,1911.0,-66.0,103.2,455.6,462.15,-28.45,1911.0,ML_CE,TARGET_HIT,,,,0.0,427.15,,,,,,,,0.62,0.66
16,2026-08-19,14:34:16,14:36:01,BANKNIFTY26AUG57200CE,CE,EXPANSION,427.15,500.45,30,2133.0,-2.499,0.6964,69.6,2199.0,-66.0,104.4,455.6,462.15,-28.45,2199.0,ML_CE,TARGET_HIT,,,,0.0,427.15,,,,,,,,0.62,0.66
17,2026-08-19,14:34:16,14:36:02,BANKNIFTY26AUG57200CE,CE,EXPANSION,427.15,512.7,30,2500.5,-2.93,0.6964,69.6,2566.5,-66.0,106.0,455.6,462.15,-28.45,2566.5,ML_CE,TARGET_HIT,,,,0.0,427.15,,,,,,,,0.62,0.66
18,2026-08-19,14:34:16,14:36:03,BANKNIFTY26AUG57200CE,CE,EXPANSION,427.15,524.0,30,2839.5,-3.327,0.6964,69.6,2905.5,-66.0,107.3,455.6,462.15,-28.45,2905.5,ML_CE,TARGET_HIT,,,,0.0,427.15,,,,,,,,0.62,0.66
19,2026-08-19,14:34:16,14:36:05,BANKNIFTY26AUG57200CE,CE,EXPANSION,427.15,525.2,30,2875.5,-3.369,0.6964,69.6,2941.5,-66.0,108.8,455.6,462.15,-28.45,2941.5,ML_CE,TARGET_HIT,,,,0.0,427.15,,,,,,,,0.62,0.66
20,2026-08-19,14:34:16,14:36:06,BANKNIFTY26AUG57200CE,CE,EXPANSION,427.15,519.0,30,2689.5,-3.151,0.6964,69.6,2941.5,-252.0,109.9,455.6,462.15,-28.45,2941.5,ML_CE,TARGET_HIT,,,,0.0,427.15,,,,,,,,0.62,0.66
21,2026-08-19,14:34:16,14:36:07,BANKNIFTY26AUG57200CE,CE,EXPANSION,427.15,508.95,30,2388.0,-2.798,0.6964,69.6,2941.5,-553.5,111.1,455.6,462.15,-28.45,2941.5,ML_CE,TARGET_HIT,,,,0.0,427.15,,,,,,,,0.62,0.66
22,2026-08-19,14:34:16,14:36:09,BANKNIFTY26AUG57200CE,CE,EXPANSION,427.15,512.55,30,2496.0,-2.924,0.6964,69.6,2941.5,-445.5,112.4,455.6,462.15,-28.45,2941.5,ML_CE,TARGET_HIT,,,,0.0,427.15,,,,,,,,0.62,0.66
23,2026-08-19,14:34:16,14:36:10,BANKNIFTY26AUG57200CE,CE,EXPANSION,427.15,518.2,30,2665.5,-3.123,0.6964,69.6,2941.5,-276.0,113.6,455.6,462.15,-28.45,2941.5,ML_CE,TARGET_HIT,,,,0.0,427.15,,,,,,,,0.62,0.66
24,2026-08-19,14:34:16,14:36:11,BANKNIFTY26AUG57200CE,CE,EXPANSION,427.15,507.9,30,2356.5,-2.761,0.6964,69.6,2941.5,-585.0,114.9,455.6,462.15,-28.45,2941.5,ML_CE,TARGET_HIT,,,,0.0,427.15,,,,,,,,0.62,0.66
25,2026-08-19,14:34:16,14:36:13,BANKNIFTY26AUG57200CE,CE,EXPANSION,427.15,510.0,30,2419.5,-2.835,0.6964,69.6,2941.5,-522.0,116.7,455.6,462.15,-28.45,2941.5,ML_CE,TARGET_HIT,,,,0.0,427.15,,,,,,,,0.62,0.66
26,2026-08-19,14:34:16,14:36:15,BANKNIFTY26AUG57200CE,CE,EXPANSION,427.15,506.35,30,2310.0,-2.707,0.6964,69.6,2941.5,-631.5,118.7,455.6,462.15,-28.45,2941.5,ML_CE,TARGET_HIT,,,,0.0,427.15,,,,,,,,0.62,0.66
27,2026-08-19,14:34:16,14:36:17,BANKNIFTY26AUG57200CE,CE,EXPANSION,427.15,505.4,30,2281.5,-2.673,0.6964,69.6,2941.5,-660.0,120.4,455.6,462.15,-28.45,2941.5,ML_CE,TARGET_HIT,,,,0.0,427.15,,,,,,,,0.62,0.66
28,2026-08-19,14:34:16,14:36:18,BANKNIFTY26AUG57200CE,CE,EXPANSION,427.15,507.85,30,2355.0,-2.759,0.6964,69.6,2941.5,-586.5,121.8,455.6,462.15,-28.45,2941.5,ML_CE,TARGET_HIT,,,,0.0,427.15,,,,,,,,0.62,0.66
29,2026-08-19,14:34:16,14:36:19,BANKNIFTY26AUG57200CE,CE,EXPANSION,427.15,506.8,30,2323.5,-2.722,0.6964,69.6,2941.5,-618.0,123.3,455.6,462.15,-28.45,2941.5,ML_CE,TARGET_HIT,,,,0.0,427.15,,,,,,,,0.62,0.66
30,2026-08-19,14:34:16,14:36:21,BANKNIFTY26AUG57200CE,CE,EXPANSION,427.15,508.65,30,2379.0,-2.787,0.6964,69.6,2941.5,-562.5,124.7,455.6,462.15,-28.45,2941.5,ML_CE,TARGET_HIT,,,,0.0,427.15,,,,,,,,0.62,0.66
31,2026-08-19,14:34:16,14:36:22,BANKNIFTY26AUG57200CE,CE,EXPANSION,427.15,511.2,30,2455.5,-2.877,0.6964,69.6,2941.5,-486.0,125.8,455.6,462.15,-28.45,2941.5,ML_CE,TARGET_HIT,,,,0.0,427.15,,,,,,,,0.62,0.66
32,2026-08-19,14:34:16,14:36:23,BANKNIFTY26AUG57200CE,CE,EXPANSION,427.15,504.6,30,2257.5,-2.645,0.6964,69.6,2941.5,-684.0,127.2,455.6,462.15,-28.45,2941.5,ML_CE,TARGET_HIT,,,,0.0,427.15,,,,,,,,0.62,0.66
33,2026-08-19,14:34:16,14:36:25,BANKNIFTY26AUG57200CE,CE,EXPANSION,427.15,500.8,30,2143.5,-2.511,0.6964,69.6,2941.5,-798.0,128.7,455.6,462.15,-28.45,2941.5,ML_CE,TARGET_HIT,,,,0.0,427.15,,,,,,,,0.62,0.66
34,2026-08-19,14:34:16,14:36:26,BANKNIFTY26AUG57200CE,CE,EXPANSION,427.15,504.25,30,2247.0,-2.633,0.6964,69.6,2941.5,-694.5,130.0,455.6,462.15,-28.45,2941.5,ML_CE,TARGET_HIT,,,,0.0,427.15,,,,,,,,0.62,0.66
35,2026-08-19,14:34:16,14:36:28,BANKNIFTY26AUG57200CE,CE,EXPANSION,427.15,504.05,30,2241.0,-2.626,0.6964,69.6,2941.5,-700.5,131.5,455.6,462.15,-28.45,2941.5,ML_CE,TARGET_HIT,,,,0.0,427.15,,,,,,,,0.62,0.66
36,2026-08-19,14:34:16,14:36:29,BANKNIFTY26AUG57200CE,CE,EXPANSION,427.15,504.85,30,2265.0,-2.654,0.6964,69.6,2941.5,-676.5,132.7,455.6,462.15,-28.45,2941.5,ML_CE,TARGET_HIT,,,,0.0,427.15,,,,,,,,0.62,0.66
37,2026-08-19,14:34:16,14:36:30,BANKNIFTY26AUG57200CE,CE,EXPANSION,427.15,499.1,30,2092.5,-2.452,0.6964,69.6,2941.5,-849.0,134.0,455.6,462.15,-28.45,2941.5,ML_CE,TARGET_HIT,,,,0.0,427.15,,,,,,,,0.62,0.66
38,2026-08-19,14:34:16,14:36:31,BANKNIFTY26AUG57200CE,CE,EXPANSION,427.15,495.25,30,1977.0,-2.316,0.6964,69.6,2941.5,-964.5,135.3,455.6,462.15,-28.45,2941.5,ML_CE,TARGET_HIT,,,,0.0,427.15,,,,,,,,0.62,0.66
39,2026-08-19,14:34:16,14:36:33,BANKNIFTY26AUG57200CE,CE,EXPANSION,427.15,495.0,30,1969.5,-2.308,0.6964,69.6,2941.5,-972.0,136.6,455.6,462.15,-28.45,2941.5,ML_CE,TARGET_HIT,,,,0.0,427.15,,,,,,,,0.62,0.66
40,2026-08-19,14:34:16,14:36:34,BANKNIFTY26AUG57200CE,CE,EXPANSION,427.15,493.2,30,1915.5,-2.244,0.6964,69.6,2941.5,-1026.0,137.8,455.6,462.15,-28.45,2941.5,ML_CE,TARGET_HIT,,,,0.0,427.15,,,,,,,,0.62,0.66
41,2026-08-19,14:34:16,14:36:35,BANKNIFTY26AUG57200CE,CE,EXPANSION,427.15,493.55,30,1926.0,-2.257,0.6964,69.6,2941.5,-1015.5,139.1,455.6,462.15,-28.45,2941.5,ML_CE,TARGET_HIT,,,,0.0,427.15,,,,,,,,0.62,0.66
42,2026-08-19,14:34:16,14:36:36,BANKNIFTY26AUG57200CE,CE,EXPANSION,427.15,493.3,30,1918.5,-2.248,0.6964,69.6,2941.5,-1023.0,140.3,455.6,462.15,-28.45,2941.5,ML_CE,TARGET_HIT,,,,0.0,427.15,,,,,,,,0.62,0.66
43,2026-08-19,14:34:16,14:36:38,BANKNIFTY26AUG57200CE,CE,EXPANSION,427.15,492.15,30,1884.0,-2.207,0.6964,69.6,2941.5,-1057.5,141.6,455.6,462.15,-28.45,2941.5,ML_CE,TARGET_HIT,,,,0.0,427.15,,,,,,,,0.62,0.66
44,2026-08-19,14:34:16,14:36:39,BANKNIFTY26AUG57200CE,CE,EXPANSION,427.15,493.05,30,1911.0,-2.239,0.6964,69.6,2941.5,-1030.5,142.9,455.6,462.15,-28.45,2941.5,ML_CE,TARGET_HIT,,,,0.0,427.15,,,,,,,,0.62,0.66
45,2026-08-19,14:34:16,14:36:40,BANKNIFTY26AUG57200CE,CE,EXPANSION,427.15,485.5,30,1684.5,-1.974,0.6964,69.6,2941.5,-1257.0,144.2,455.6,462.15,-28.45,2941.5,ML_CE,TARGET_HIT,,,,0.0,427.15,,,,,,,,0.62,0.66
46,2026-08-19,14:34:16,14:36:41,BANKNIFTY26AUG57200CE,CE,EXPANSION,427.15,485.05,30,1671.0,-1.958,0.6964,69.6,2941.5,-1270.5,145.3,455.6,462.15,-28.45,2941.5,ML_CE,TARGET_HIT,,,,0.0,427.15,,,,,,,,0.62,0.66
47,2026-08-19,14:34:16,14:36:43,BANKNIFTY26AUG57200CE,CE,EXPANSION,427.15,482.6,30,1597.5,-1.872,0.6964,69.6,2941.5,-1344.0,146.5,455.6,462.15,-28.45,2941.5,ML_CE,TARGET_HIT,,,,0.0,427.15,,,,,,,,0.62,0.66
48,2026-08-19,14:34:16,14:36:44,BANKNIFTY26AUG57200CE,CE,EXPANSION,427.15,480.35,30,1530.0,-1.793,0.6964,69.6,2941.5,-1411.5,148.0,455.6,462.15,-28.45,2941.5,ML_CE,TARGET_HIT,,,,0.0,427.15,,,,,,,,0.62,0.66
49,2026-08-19,14:34:16,14:36:45,BANKNIFTY26AUG57200CE,CE,EXPANSION,427.15,478.05,30,1461.0,-1.712,0.6964,69.6,2941.5,-1480.5,149.3,455.6,462.15,-28.45,2941.5,ML_CE,TARGET_HIT,,,,0.0,427.15,,,,,,,,0.62,0.66
50,2026-08-19,14:34:16,14:36:47,BANKNIFTY26AUG57200CE,CE,EXPANSION,427.15,475.85,30,1395.0,-1.634,0.6964,69.6,2941.5,-1546.5,150.7,455.6,462.15,-28.45,2941.5,ML_CE,TARGET_HIT,,,,0.0,427.15,,,,,,,,0.62,0.66
51,2026-08-19,14:34:16,14:36:48,BANKNIFTY26AUG57200CE,CE,EXPANSION,427.15,476.6,30,1417.5,-1.661,0.6964,69.6,2941.5,-1524.0,152.0,455.6,462.15,-28.45,2941.5,ML_CE,TARGET_HIT,,,,0.0,427.15,,,,,,,,0.62,0.66
52,2026-08-19,14:34:16,14:36:49,BANKNIFTY26AUG57200CE,CE,EXPANSION,427.15,479.6,30,1507.5,-1.766,0.6964,69.6,2941.5,-1434.0,153.2,455.6,462.15,-28.45,2941.5,ML_CE,TARGET_HIT,,,,0.0,427.15,,,,,,,,0.62,0.66
53,2026-08-19,14:34:16,14:36:51,BANKNIFTY26AUG57200CE,CE,EXPANSION,427.15,476.9,30,1426.5,-1.671,0.6964,69.6,2941.5,-1515.0,154.7,455.6,462.15,-28.45,2941.5,ML_CE,TARGET_HIT,,,,0.0,427.15,,,,,,,,0.62,0.66
54,2026-08-19,14:34:16,14:36:52,BANKNIFTY26AUG57200CE,CE,EXPANSION,427.15,483.7,30,1630.5,-1.91,0.6964,69.6,2941.5,-1311.0,156.0,455.6,462.15,-28.45,2941.5,ML_CE,TARGET_HIT,,,,0.0,427.15,,,,,,,,0.62,0.66
55,2026-08-19,14:34:16,14:36:53,BANKNIFTY26AUG57200CE,CE,EXPANSION,427.15,491.2,30,1855.5,-2.174,0.6964,69.6,2941.5,-1086.0,157.3,455.6,462.15,-28.45,2941.5,ML_CE,TARGET_HIT,,,,0.0,427.15,,,,,,,,0.62,0.66
56,2026-08-19,14:34:16,14:36:55,BANKNIFTY26AUG57200CE,CE,EXPANSION,427.15,485.25,30,1677.0,-1.965,0.6964,69.6,2941.5,-1264.5,158.6,455.6,462.15,-28.45,2941.5,ML_CE,TARGET_HIT,,,,0.0,427.15,,,,,,,,0.62,0.66
57,2026-08-19,14:34:16,14:36:56,BANKNIFTY26AUG57200CE,CE,EXPANSION,427.15,486.0,30,1699.5,-1.991,0.6964,69.6,2941.5,-1242.0,159.9,455.6,462.15,-28.45,2941.5,ML_CE,TARGET_HIT,,,,0.0,427.15,,,,,,,,0.62,0.66
58,2026-08-19,14:34:16,14:36:57,BANKNIFTY26AUG57200CE,CE,EXPANSION,427.15,488.7,30,1780.5,-2.086,0.6964,69.6,2941.5,-1161.0,161.2,455.6,462.15,-28.45,2941.5,ML_CE,TARGET_HIT,,,,0.0,427.15,,,,,,,,0.62,0.66
59,2026-08-19,14:34:16,14:36:59,BANKNIFTY26AUG57200CE,CE,EXPANSION,427.15,487.5,30,1744.5,-2.044,0.6964,69.6,2941.5,-1197.0,162.5,455.6,462.15,-28.45,2941.5,ML_CE,TARGET_HIT,,,,0.0,427.15,,,,,,,,0.62,0.66
60,2026-08-19,14:34:16,14:37:00,BANKNIFTY26AUG57200CE,CE,EXPANSION,427.15,487.35,30,1740.0,-2.039,0.6964,69.6,2941.5,-1201.5,163.9,455.6,462.15,-28.45,2941.5,ML_CE,TARGET_HIT,,,,0.0,427.15,,,,,,,,0.62,0.66
61,2026-08-19,14:34:16,14:37:01,BANKNIFTY26AUG57200CE,CE,EXPANSION,427.15,488.6,30,1777.5,-2.083,0.6964,69.6,2941.5,-1164.0,165.0,455.6,462.15,-28.45,2941.5,ML_CE,TARGET_HIT,,,,0.0,427.15,,,,,,,,0.62,0.66
62,2026-08-19,14:34:16,14:37:02,BANKNIFTY26AUG57200CE,CE,EXPANSION,427.15,493.9,30,1936.5,-2.269,0.6964,69.6,2941.5,-1005.0,166.3,455.6,462.15,-28.45,2941.5,ML_CE,TARGET_HIT,,,,0.0,427.15,,,,,,,,0.62,0.66
63,2026-08-19,14:34:16,14:37:04,BANKNIFTY26AUG57200CE,CE,EXPANSION,427.15,494.3,30,1948.5,-2.283,0.6964,69.6,2941.5,-993.0,167.5,455.6,462.15,-28.45,2941.5,ML_CE,TARGET_HIT,,,,0.0,427.15,,,,,,,,0.62,0.66
64,2026-08-19,14:34:16,14:37:05,BANKNIFTY26AUG57200CE,CE,EXPANSION,427.15,495.0,30,1969.5,-2.308,0.6964,69.6,2941.5,-972.0,168.8,455.6,462.15,-28.45,2941.5,ML_CE,TARGET_HIT,,,,0.0,427.15,,,,,,,,0.62,0.66
65,2026-08-19,14:34:16,14:37:06,BANKNIFTY26AUG57200CE,CE,EXPANSION,427.15,496.6,30,2017.5,-2.364,0.6964,69.6,2941.5,-924.0,170.1,455.6,462.15,-28.45,2941.5,ML_CE,TARGET_HIT,,,,0.0,427.15,,,,,,,,0.62,0.66
66,2026-08-19,14:34:16,14:37:07,BANKNIFTY26AUG57200CE,CE,EXPANSION,427.15,494.55,30,1956.0,-2.292,0.6964,69.6,2941.5,-985.5,171.2,455.6,462.15,-28.45,2941.5,ML_CE,TARGET_HIT,,,,0.0,427.15,,,,,,,,0.62,0.66
67,2026-08-19,14:34:16,14:37:09,BANKNIFTY26AUG57200CE,CE,EXPANSION,427.15,497.9,30,2056.5,-2.409,0.6964,69.6,2941.5,-885.0,172.7,455.6,462.15,-28.45,2941.5,ML_CE,TARGET_HIT,,,,0.0,427.15,,,,,,,,0.62,0.66
68,2026-08-19,14:34:16,14:37:10,BANKNIFTY26AUG57200CE,CE,EXPANSION,427.15,494.9,30,1966.5,-2.304,0.6964,69.6,2941.5,-975.0,174.0,455.6,462.15,-28.45,2941.5,ML_CE,TARGET_HIT,,,,0.0,427.15,,,,,,,,0.62,0.66
69,2026-08-19,14:34:16,14:37:11,BANKNIFTY26AUG57200CE,CE,EXPANSION,427.15,493.3,30,1918.5,-2.248,0.6964,69.6,2941.5,-1023.0,175.3,455.6,462.15,-28.45,2941.5,ML_CE,TARGET_HIT,,,,0.0,427.15,,,,,,,,0.62,0.66
70,2026-08-19,14:34:16,14:37:13,BANKNIFTY26AUG57200CE,CE,EXPANSION,427.15,491.4,30,1861.5,-2.181,0.6964,69.6,2941.5,-1080.0,176.6,455.6,462.15,-28.45,2941.5,ML_CE,TARGET_HIT,,,,0.0,427.15,,,,,,,,0.62,0.66
71,2026-08-19,14:34:16,14:37:14,BANKNIFTY26AUG57200CE,CE,EXPANSION,427.15,491.0,30,1849.5,-2.167,0.6964,69.6,2941.5,-1092.0,178.1,455.6,462.15,-28.45,2941.5,ML_CE,TARGET_HIT,,,,0.0,427.15,,,,,,,,0.62,0.66
72,2026-08-19,14:34:16,14:37:16,BANKNIFTY26AUG57200CE,CE,EXPANSION,427.15,494.9,30,1966.5,-2.304,0.6964,69.6,2941.5,-975.0,179.4,455.6,462.15,-28.45,2941.5,ML_CE,TARGET_HIT,,,,0.0,427.15,,,,,,,,0.62,0.66
73,2026-08-19,14:34:16,14:37:17,BANKNIFTY26AUG57200CE,CE,EXPANSION,427.15,494.9,30,1966.5,-2.304,0.6964,69.6,2941.5,-975.0,180.6,455.6,462.15,-28.45,2941.5,ML_CE,TARGET_HIT,,,,0.0,427.15,,,,,,,,0.62,0.66
74,2026-08-19,14:34:16,14:37:18,BANKNIFTY26AUG57200CE,CE,EXPANSION,427.15,495.6,30,1987.5,-2.329,0.6964,69.6,2941.5,-954.0,181.9,455.6,462.15,-28.45,2941.5,ML_CE,TARGET_HIT,,,,0.0,427.15,,,,,,,,0.62,0.66
75,2026-08-19,14:34:16,14:37:19,BANKNIFTY26AUG57200CE,CE,EXPANSION,427.15,494.05,30,1941.0,-2.274,0.6964,69.6,2941.5,-1000.5,183.1,455.6,462.15,-28.45,2941.5,ML_CE,TARGET_HIT,,,,0.0,427.15,,,,,,,,0.62,0.66
76,2026-08-19,14:34:16,14:37:21,BANKNIFTY26AUG57200CE,CE,EXPANSION,427.15,492.15,30,1884.0,-2.207,0.6964,69.6,2941.5,-1057.5,184.6,455.6,462.15,-28.45,2941.5,ML_CE,TARGET_HIT,,,,0.0,427.15,,,,,,,,0.62,0.66
77,2026-08-19,14:34:16,14:37:22,BANKNIFTY26AUG57200CE,CE,EXPANSION,427.15,498.0,30,2059.5,-2.413,0.6964,69.6,2941.5,-882.0,186.1,455.6,462.15,-28.45,2941.5,ML_CE,TARGET_HIT,,,,0.0,427.15,,,,,,,,0.62,0.66
78,2026-08-19,14:34:16,14:37:24,BANKNIFTY26AUG57200CE,CE,EXPANSION,427.15,497.2,30,2035.5,-2.385,0.6964,69.6,2941.5,-906.0,187.6,455.6,462.15,-28.45,2941.5,ML_CE,TARGET_HIT,,,,0.0,427.15,,,,,,,,0.62,0.66
79,2026-08-19,14:34:16,14:37:25,BANKNIFTY26AUG57200CE,CE,EXPANSION,427.15,495.55,30,1986.0,-2.327,0.6964,69.6,2941.5,-955.5,189.0,455.6,462.15,-28.45,2941.5,ML_CE,TARGET_HIT,,,,0.0,427.15,,,,,,,,0.62,0.66
80,2026-08-19,14:34:16,14:37:27,BANKNIFTY26AUG57200CE,CE,EXPANSION,427.15,493.55,30,1926.0,-2.257,0.6964,69.6,2941.5,-1015.5,190.5,455.6,462.15,-28.45,2941.5,ML_CE,TARGET_HIT,,,,0.0,427.15,,,,,,,,0.62,0.66
81,2026-08-19,14:34:16,14:37:28,BANKNIFTY26AUG57200CE,CE,EXPANSION,427.15,493.25,30,1917.0,-2.246,0.6964,69.6,2941.5,-1024.5,191.8,455.6,462.15,-28.45,2941.5,ML_CE,TARGET_HIT,,,,0.0,427.15,,,,,,,,0.62,0.66
82,2026-08-19,14:34:16,14:37:29,BANKNIFTY26AUG57200CE,CE,EXPANSION,427.15,497.35,30,2040.0,-2.39,0.6964,69.6,2941.5,-901.5,192.9,455.6,462.15,-28.45,2941.5,ML_CE,TARGET_HIT,,,,0.0,427.15,,,,,,,,0.62,0.66
83,2026-08-19,14:34:16,14:37:30,BANKNIFTY26AUG57200CE,CE,EXPANSION,427.15,497.85,30,2055.0,-2.408,0.6964,69.6,2941.5,-886.5,194.1,455.6,462.15,-28.45,2941.5,ML_CE,TARGET_HIT,,,,0.0,427.15,,,,,,,,0.62,0.66
84,2026-08-19,14:34:16,14:37:31,BANKNIFTY26AUG57200CE,CE,EXPANSION,427.15,496.2,30,2005.5,-2.35,0.6964,69.6,2941.5,-936.0,195.4,455.6,462.15,-28.45,2941.5,ML_CE,TARGET_HIT,,,,0.0,427.15,,,,,,,,0.62,0.66
85,2026-08-19,14:34:16,14:37:33,BANKNIFTY26AUG57200CE,CE,EXPANSION,427.15,496.15,30,2004.0,-2.348,0.6964,69.6,2941.5,-937.5,196.5,455.6,462.15,-28.45,2941.5,ML_CE,TARGET_HIT,,,,0.0,427.15,,,,,,,,0.62,0.66
86,2026-08-19,14:34:16,14:37:34,BANKNIFTY26AUG57200CE,CE,EXPANSION,427.15,495.6,30,1987.5,-2.329,0.6964,69.6,2941.5,-954.0,197.8,455.6,462.15,-28.45,2941.5,ML_CE,TARGET_HIT,,,,0.0,427.15,,,,,,,,0.62,0.66
87,2026-08-19,14:34:16,14:37:35,BANKNIFTY26AUG57200CE,CE,EXPANSION,427.15,494.05,30,1941.0,-2.274,0.6964,69.6,2941.5,-1000.5,199.1,455.6,462.15,-28.45,2941.5,ML_CE,TARGET_HIT,,,,0.0,427.15,,,,,,,,0.62,0.66
88,2026-08-19,14:34:16,14:37:36,BANKNIFTY26AUG57200CE,CE,EXPANSION,427.15,497.35,30,2040.0,-2.39,0.6964,69.6,2941.5,-901.5,200.3,455.6,462.15,-28.45,2941.5,ML_CE,TARGET_HIT,,,,0.0,427.15,,,,,,,,0.62,0.66
89,2026-08-19,14:34:16,14:37:38,BANKNIFTY26AUG57200CE,CE,EXPANSION,427.15,492.6,30,1897.5,-2.223,0.6964,69.6,2941.5,-1044.0,201.4,455.6,462.15,-28.45,2941.5,ML_CE,TARGET_HIT,,,,0.0,427.15,,,,,,,,0.62,0.66
90,2026-08-19,14:34:16,14:37:39,BANKNIFTY26AUG57200CE,CE,EXPANSION,427.15,490.0,30,1819.5,-2.132,0.6964,69.6,2941.5,-1122.0,202.6,455.6,462.15,-28.45,2941.5,ML_CE,TARGET_HIT,,,,0.0,427.15,,,,,,,,0.62,0.66
91,2026-08-19,14:34:16,14:37:40,BANKNIFTY26AUG57200CE,CE,EXPANSION,427.15,488.7,30,1780.5,-2.086,0.6964,69.6,2941.5,-1161.0,203.7,455.6,462.15,-28.45,2941.5,ML_CE,TARGET_HIT,,,,0.0,427.15,,,,,,,,0.62,0.66
92,2026-08-19,14:34:16,14:37:41,BANKNIFTY26AUG57200CE,CE,EXPANSION,427.15,488.25,30,1767.0,-2.07,0.6964,69.6,2941.5,-1174.5,205.3,455.6,462.15,-28.45,2941.5,ML_CE,TARGET_HIT,,,,0.0,427.15,,,,,,,,0.62,0.66
93,2026-08-19,14:34:16,14:37:43,BANKNIFTY26AUG57200CE,CE,EXPANSION,427.15,489.4,30,1801.5,-2.111,0.6964,69.6,2941.5,-1140.0,206.4,455.6,462.15,-28.45,2941.5,ML_CE,TARGET_HIT,,,,0.0,427.15,,,,,,,,0.62,0.66
94,2026-08-19,14:34:16,14:37:44,BANKNIFTY26AUG57200CE,CE,EXPANSION,427.15,490.0,30,1819.5,-2.132,0.6964,69.6,2941.5,-1122.0,207.9,455.6,462.15,-28.45,2941.5,ML_CE,TARGET_HIT,,,,0.0,427.15,,,,,,,,0.62,0.66
95,2026-08-19,14:34:16,14:37:45,BANKNIFTY26AUG57200CE,CE,EXPANSION,427.15,488.35,30,1770.0,-2.074,0.6964,69.6,2941.5,-1171.5,209.0,455.6,462.15,-28.45,2941.5,ML_CE,TARGET_HIT,,,,0.0,427.15,,,,,,,,0.62,0.66
96,2026-08-19,14:34:16,14:37:46,BANKNIFTY26AUG57200CE,CE,EXPANSION,427.15,488.0,30,1759.5,-2.062,0.6964,69.6,2941.5,-1182.0,210.3,455.6,462.15,-28.45,2941.5,ML_CE,TARGET_HIT,,,,0.0,427.15,,,,,,,,0.62,0.66
97,2026-08-19,14:34:16,14:37:48,BANKNIFTY26AUG57200CE,CE,EXPANSION,427.15,487.25,30,1737.0,-2.035,0.6964,69.6,2941.5,-1204.5,211.8,455.6,462.15,-28.45,2941.5,ML_CE,TARGET_HIT,,,,0.0,427.15,,,,,,,,0.62,0.66
98,2026-08-19,14:34:16,14:37:49,BANKNIFTY26AUG57200CE,CE,EXPANSION,427.15,485.1,30,1672.5,-1.96,0.6964,69.6,2941.5,-1269.0,213.1,455.6,462.15,-28.45,2941.5,ML_CE,TARGET_HIT,,,,0.0,427.15,,,,,,,,0.62,0.66
99,2026-08-19,14:34:16,14:37:50,BANKNIFTY26AUG57200CE,CE,EXPANSION,427.15,482.8,30,1603.5,-1.879,0.6964,69.6,2941.5,-1338.0,214.3,455.6,462.15,-28.45,2941.5,ML_CE,TARGET_HIT,,,,0.0,427.15,,,,,,,,0.62,0.66
100,2026-08-19,14:34:16,14:37:52,BANKNIFTY26AUG57200CE,CE,EXPANSION,427.15,481.05,30,1551.0,-1.817,0.6964,69.6,2941.5,-1390.5,215.6,455.6,462.15,-28.45,2941.5,ML_CE,TARGET_HIT,,,,0.0,427.15,,,,,,,,0.62,0.66
101,2026-08-19,14:34:16,14:37:53,BANKNIFTY26AUG57200CE,CE,EXPANSION,427.15,475.4,30,1381.5,-1.619,0.6964,69.6,2941.5,-1560.0,216.8,455.6,462.15,-28.45,2941.5,ML_CE,TARGET_HIT,,,,0.0,427.15,,,,,,,,0.62,0.66
102,2026-08-19,14:34:16,14:37:54,BANKNIFTY26AUG57200CE,CE,EXPANSION,427.15,478.35,30,1470.0,-1.722,0.6964,69.6,2941.5,-1471.5,218.1,455.6,462.15,-28.45,2941.5,ML_CE,TARGET_HIT,,,,0.0,427.15,,,,,,,,0.62,0.66
103,2026-08-19,14:34:16,14:37:55,BANKNIFTY26AUG57200CE,CE,EXPANSION,427.15,478.4,30,1471.5,-1.724,0.6964,69.6,2941.5,-1470.0,219.3,455.6,462.15,-28.45,2941.5,ML_CE,TARGET_HIT,,,,0.0,427.15,,,,,,,,0.62,0.66
104,2026-08-19,14:34:16,14:37:57,BANKNIFTY26AUG57200CE,CE,EXPANSION,427.15,476.9,30,1426.5,-1.671,0.6964,69.6,2941.5,-1515.0,220.4,455.6,462.15,-28.45,2941.5,ML_CE,TARGET_HIT,,,,0.0,427.15,,,,,,,,0.62,0.66
105,2026-08-19,14:34:16,14:37:58,BANKNIFTY26AUG57200CE,CE,EXPANSION,427.15,474.35,30,1350.0,-1.582,0.6964,69.6,2941.5,-1591.5,221.9,455.6,462.15,-28.45,2941.5,ML_CE,TARGET_HIT,,,,0.0,427.15,,,,,,,,0.62,0.66
106,2026-08-19,14:34:16,14:37:59,BANKNIFTY26AUG57200CE,CE,EXPANSION,427.15,473.8,30,1333.5,-1.562,0.6964,69.6,2941.5,-1608.0,223.2,455.6,462.15,-28.45,2941.5,ML_CE,TARGET_HIT,,,,0.0,427.15,,,,,,,,0.62,0.66
107,2026-08-19,14:34:16,14:38:01,BANKNIFTY26AUG57200CE,CE,EXPANSION,427.15,473.35,30,1320.0,-1.547,0.6964,69.6,2941.5,-1621.5,224.7,455.6,462.15,-28.45,2941.5,ML_CE,TARGET_HIT,,,,0.0,427.15,,,,,,,,0.62,0.66
108,2026-08-19,14:34:16,14:38:02,BANKNIFTY26AUG57200CE,CE,EXPANSION,427.15,473.55,30,1326.0,-1.554,0.6964,69.6,2941.5,-1615.5,226.0,455.6,462.15,-28.45,2941.5,ML_CE,TARGET_HIT,,,,0.0,427.15,,,,,,,,0.62,0.66
109,2026-08-19,14:34:16,14:38:04,BANKNIFTY26AUG57200CE,CE,EXPANSION,427.15,470.9,30,1246.5,-1.46,0.6964,69.6,2941.5,-1695.0,227.5,455.6,462.15,-28.45,2941.5,ML_CE,TARGET_HIT,,,,0.0,427.15,,,,,,,,0.62,0.66
110,2026-08-19,14:34:16,14:38:05,BANKNIFTY26AUG57200CE,CE,EXPANSION,427.15,474.35,30,1350.0,-1.582,0.6964,69.6,2941.5,-1591.5,228.8,455.6,462.15,-28.45,2941.5,ML_CE,TARGET_HIT,,,,0.0,427.15,,,,,,,,0.62,0.66
111,2026-08-19,14:34:16,14:38:06,BANKNIFTY26AUG57200CE,CE,EXPANSION,427.15,473.1,30,1312.5,-1.538,0.6964,69.6,2941.5,-1629.0,230.0,455.6,462.15,-28.45,2941.5,ML_CE,TARGET_HIT,,,,0.0,427.15,,,,,,,,0.62,0.66
112,2026-08-19,14:34:16,14:38:07,BANKNIFTY26AUG57200CE,CE,EXPANSION,427.15,472.3,30,1288.5,-1.51,0.6964,69.6,2941.5,-1653.0,231.3,455.6,462.15,-28.45,2941.5,ML_CE,TARGET_HIT,,,,0.0,427.15,,,,,,,,0.62,0.66
113,2026-08-19,14:34:16,14:38:09,BANKNIFTY26AUG57200CE,CE,EXPANSION,427.15,470.9,30,1246.5,-1.46,0.6964,69.6,2941.5,-1695.0,232.5,455.6,462.15,-28.45,2941.5,ML_CE,TARGET_HIT,,,,0.0,427.15,,,,,,,,0.62,0.66
114,2026-08-19,14:34:16,14:38:10,BANKNIFTY26AUG57200CE,CE,EXPANSION,427.15,470.9,30,1246.5,-1.46,0.6964,69.6,2941.5,-1695.0,234.0,455.6,462.15,-28.45,2941.5,ML_CE,TARGET_HIT,,,,0.0,427.15,,,,,,,,0.62,0.66
115,2026-08-19,14:34:16,14:38:11,BANKNIFTY26AUG57200CE,CE,EXPANSION,427.15,467.7,30,1150.5,-1.348,0.6964,69.6,2941.5,-1791.0,235.3,455.6,462.15,-28.45,2941.5,ML_CE,TARGET_HIT,,,,0.0,427.15,,,,,,,,0.62,0.66
116,2026-08-19,14:34:16,14:38:14,BANKNIFTY26AUG57200CE,CE,EXPANSION,427.15,468.2,30,1165.5,-1.366,0.6964,69.6,2941.5,-1776.0,237.8,455.6,462.15,-28.45,2941.5,ML_CE,TARGET_HIT,,,,0.0,427.15,,,,,,,,0.62,0.66
117,2026-08-19,14:34:16,14:38:17,BANKNIFTY26AUG57200CE,CE,EXPANSION,427.15,470.7,30,1240.5,-1.453,0.6964,69.6,2941.5,-1701.0,240.5,455.6,462.15,-28.45,2941.5,ML_CE,TARGET_HIT,,,,0.0,427.15,,,,,,,,0.62,0.66
118,2026-08-19,14:34:16,14:38:21,BANKNIFTY26AUG57200CE,CE,EXPANSION,427.15,469.05,30,1191.0,-1.395,0.6964,69.6,2941.5,-1750.5,245.1,455.6,462.15,-28.45,2941.5,ML_CE,TARGET_HIT,,,,0.0,427.15,,,,,,,,0.62,0.66
119,2026-08-19,14:34:16,14:38:23,BANKNIFTY26AUG57200CE,CE,EXPANSION,427.15,472.1,30,1282.5,-1.503,0.6964,69.6,2941.5,-1659.0,247.2,455.6,462.15,-28.45,2941.5,ML_CE,TARGET_HIT,,,,0.0,427.15,,,,,,,,0.62,0.66
120,2026-08-19,14:34:16,14:38:26,BANKNIFTY26AUG57200CE,CE,EXPANSION,427.15,469.2,30,1195.5,-1.401,0.6964,69.6,2941.5,-1746.0,249.6,455.6,462.15,-28.45,2941.5,ML_CE,TARGET_HIT,,,,0.0,427.15,,,,,,,,0.62,0.66
121,2026-08-19,14:34:16,14:38:27,BANKNIFTY26AUG57200CE,CE,EXPANSION,427.15,469.0,30,1189.5,-1.394,0.6964,69.6,2941.5,-1752.0,250.8,455.6,462.15,-28.45,2941.5,ML_CE,TARGET_HIT,,,,0.0,427.15,,,,,,,,0.62,0.66
122,2026-08-19,14:34:16,14:38:28,BANKNIFTY26AUG57200CE,CE,EXPANSION,427.15,460.85,30,945.0,-0.328,0.6964,69.6,2941.5,-1996.5,252.1,523.2,462.15,-96.05,2941.5,ML_CE,STOP,,,,0.0,427.15,,,,,,,,0.62,0.66
123,2026-08-19,14:34:16,14:38:30,BANKNIFTY26AUG57200CE,CE,EXPANSION,427.15,458.8,30,883.5,-0.307,0.6964,69.6,2941.5,-2058.0,253.6,523.2,462.15,-96.05,2941.5,ML_CE,STOP,,,,0.0,427.15,,,,,,,,0.62,0.66
124,2026-08-19,14:34:16,14:38:31,BANKNIFTY26AUG57200CE,CE,EXPANSION,427.15,454.45,30,753.0,-0.261,0.6964,69.6,2941.5,-2188.5,255.1,523.2,462.15,-96.05,2941.5,ML_CE,STOP,,,,0.0,427.15,,,,,,,,0.62,0.66
125,2026-08-19,14:34:16,14:38:33,BANKNIFTY26AUG57200CE,CE,EXPANSION,427.15,461.1,30,952.5,-0.331,0.6964,69.6,2941.5,-1989.0,256.6,523.2,462.15,-96.05,2941.5,ML_CE,STOP,,,,0.0,427.15,,,,,,,,0.62,0.66
126,2026-08-19,14:34:16,14:38:34,BANKNIFTY26AUG57200CE,CE,EXPANSION,427.15,456.5,30,814.5,-0.283,0.6964,69.6,2941.5,-2127.0,257.9,523.2,462.15,-96.05,2941.5,ML_CE,STOP,,,,0.0,427.15,,,,,,,,0.62,0.66
127,2026-08-19,14:34:16,14:38:35,BANKNIFTY26AUG57200CE,CE,EXPANSION,427.15,456.0,30,799.5,-0.277,0.6964,69.6,2941.5,-2142.0,259.2,523.2,462.15,-96.05,2941.5,ML_CE,STOP,,,,0.0,427.15,,,,,,,,0.62,0.66
128,2026-08-19,14:34:16,14:38:37,BANKNIFTY26AUG57200CE,CE,EXPANSION,427.15,454.75,30,762.0,-0.264,0.6964,69.6,2941.5,-2179.5,260.7,523.2,462.15,-96.05,2941.5,ML_CE,STOP,,,,0.0,427.15,,,,,,,,0.62,0.66
129,2026-08-19,14:34:16,14:38:38,BANKNIFTY26AUG57200CE,CE,EXPANSION,427.15,453.65,30,729.0,-0.253,0.6964,69.6,2941.5,-2212.5,262.0,523.2,462.15,-96.05,2941.5,ML_CE,STOP,,,,0.0,427.15,,,,,,,,0.62,0.66
130,2026-08-19,14:34:16,14:38:39,BANKNIFTY26AUG57200CE,CE,EXPANSION,427.15,456.0,30,799.5,-0.277,0.6964,69.6,2941.5,-2142.0,263.3,523.2,462.15,-96.05,2941.5,ML_CE,STOP,,,,0.0,427.15,,,,,,,,0.62,0.66
131,2026-08-19,14:34:16,14:38:41,BANKNIFTY26AUG57200CE,CE,EXPANSION,427.15,455.05,30,771.0,-0.268,0.6964,69.6,2941.5,-2170.5,264.6,523.2,462.15,-96.05,2941.5,ML_CE,STOP,,,,0.0,427.15,,,,,,,,0.62,0.66
132,2026-08-19,14:34:16,14:38:42,BANKNIFTY26AUG57200CE,CE,EXPANSION,427.15,455.7,30,790.5,-0.274,0.6964,69.6,2941.5,-2151.0,266.0,523.2,462.15,-96.05,2941.5,ML_CE,STOP,,,,0.0,427.15,,,,,,,,0.62,0.66
133,2026-08-19,14:34:16,14:38:43,BANKNIFTY26AUG57200CE,CE,EXPANSION,427.15,456.55,30,816.0,-0.283,0.6964,69.6,2941.5,-2125.5,267.1,523.2,462.15,-96.05,2941.5,ML_CE,STOP,,,,0.0,427.15,,,,,,,,0.62,0.66
134,2026-08-19,14:34:16,14:38:45,BANKNIFTY26AUG57200CE,CE,EXPANSION,427.15,455.0,30,769.5,-0.267,0.6964,69.6,2941.5,-2172.0,268.4,523.2,462.15,-96.05,2941.5,ML_CE,STOP,,,,0.0,427.15,,,,,,,,0.62,0.66
135,2026-08-19,14:34:16,14:38:46,BANKNIFTY26AUG57200CE,CE,EXPANSION,427.15,456.3,30,808.5,-0.281,0.6964,69.6,2941.5,-2133.0,269.9,523.2,462.15,-96.05,2941.5,ML_CE,STOP,,,,0.0,427.15,,,,,,,,0.62,0.66
136,2026-08-19,14:34:16,14:38:47,BANKNIFTY26AUG57200CE,CE,EXPANSION,427.15,454.35,30,750.0,-0.26,0.6964,69.6,2941.5,-2191.5,271.2,523.2,462.15,-96.05,2941.5,ML_CE,STOP,,,,0.0,427.15,,,,,,,,0.62,0.66
137,2026-08-19,14:34:16,14:38:48,BANKNIFTY26AUG57200CE,CE,EXPANSION,427.15,453.7,30,730.5,-0.254,0.6964,69.6,2941.5,-2211.0,272.4,523.2,462.15,-96.05,2941.5,ML_CE,STOP,,,,0.0,427.15,,,,,,,,0.62,0.66
138,2026-08-19,14:34:16,14:38:50,BANKNIFTY26AUG57200CE,CE,EXPANSION,427.15,458.3,30,868.5,-0.301,0.6964,69.6,2941.5,-2073.0,273.9,523.2,462.15,-96.05,2941.5,ML_CE,STOP,,,,0.0,427.15,,,,,,,,0.62,0.66
139,2026-08-19,14:34:16,14:38:51,BANKNIFTY26AUG57200CE,CE,EXPANSION,427.15,456.75,30,822.0,-0.285,0.6964,69.6,2941.5,-2119.5,275.2,523.2,462.15,-96.05,2941.5,ML_CE,STOP,,,,0.0,427.15,,,,,,,,0.62,0.66
140,2026-08-19,14:34:16,14:38:52,BANKNIFTY26AUG57200CE,CE,EXPANSION,427.15,455.65,30,789.0,-0.274,0.6964,69.6,2941.5,-2152.5,276.4,523.2,462.15,-96.05,2941.5,ML_CE,STOP,,,,0.0,427.15,,,,,,,,0.62,0.66
141,2026-08-19,14:34:16,14:38:54,BANKNIFTY26AUG57200CE,CE,EXPANSION,427.15,451.9,30,676.5,-0.235,0.6964,69.6,2941.5,-2265.0,277.5,523.2,462.15,-96.05,2941.5,ML_CE,STOP,,,,0.0,427.15,,,,,,,,0.62,0.66
142,2026-08-19,14:34:16,14:38:55,BANKNIFTY26AUG57200CE,CE,EXPANSION,427.15,450.7,30,640.5,-0.222,0.6964,69.6,2941.5,-2301.0,278.9,523.2,462.15,-96.05,2941.5,ML_CE,STOP,,,,0.0,427.15,,,,,,,,0.62,0.66
143,2026-08-19,14:34:16,14:38:56,BANKNIFTY26AUG57200CE,CE,EXPANSION,427.15,445.65,30,489.0,-0.17,0.6964,69.6,2941.5,-2452.5,280.2,523.2,462.15,-96.05,2941.5,ML_CE,STOP,,,,0.0,427.15,,,,,,,,0.62,0.66
144,2026-08-19,14:34:16,14:38:58,BANKNIFTY26AUG57200CE,CE,EXPANSION,427.15,447.9,30,556.5,-0.193,0.6964,69.6,2941.5,-2385.0,281.4,523.2,462.15,-96.05,2941.5,ML_CE,STOP,,,,0.0,427.15,,,,,,,,0.62,0.66
145,2026-08-19,14:34:16,14:38:59,BANKNIFTY26AUG57200CE,CE,EXPANSION,427.15,448.5,30,574.5,-0.199,0.6964,69.6,2941.5,-2367.0,282.9,523.2,462.15,-96.05,2941.5,ML_CE,STOP,,,,0.0,427.15,,,,,,,,0.62,0.66
146,2026-08-19,14:34:16,14:39:00,BANKNIFTY26AUG57200CE,CE,EXPANSION,427.15,449.85,30,615.0,-0.213,0.6964,69.6,2941.5,-2326.5,284.2,523.2,462.15,-96.05,2941.5,ML_CE,STOP,,,,0.0,427.15,,,,,,,,0.62,0.66
147,2026-08-19,14:34:16,14:39:01,BANKNIFTY26AUG57200CE,CE,EXPANSION,427.15,446.95,30,528.0,-0.183,0.6964,69.6,2941.5,-2413.5,285.4,523.2,462.15,-96.05,2941.5,ML_CE,STOP,,,,0.0,427.15,,,,,,,,0.62,0.66
148,2026-08-19,14:34:16,14:39:03,BANKNIFTY26AUG57200CE,CE,EXPANSION,427.15,449.35,30,600.0,-0.208,0.6964,69.6,2941.5,-2341.5,286.7,523.2,462.15,-96.05,2941.5,ML_CE,STOP,,,,0.0,427.15,,,,,,,,0.62,0.66
149,2026-08-19,14:34:16,14:39:04,BANKNIFTY26AUG57200CE,CE,EXPANSION,427.15,448.1,30,562.5,-0.195,0.6964,69.6,2941.5,-2379.0,288.1,523.2,462.15,-96.05,2941.5,ML_CE,STOP,,,,0.0,427.15,,,,,,,,0.62,0.66
150,2026-08-19,14:34:16,14:39:06,BANKNIFTY26AUG57200CE,CE,EXPANSION,427.15,446.7,30,520.5,-0.181,0.6964,69.6,2941.5,-2421.0,289.4,523.2,462.15,-96.05,2941.5,ML_CE,STOP,,,,0.0,427.15,,,,,,,,0.62,0.66
151,2026-08-19,14:34:16,14:39:07,BANKNIFTY26AUG57200CE,CE,EXPANSION,427.15,448.7,30,580.5,-0.201,0.6964,69.6,2941.5,-2361.0,290.7,523.2,462.15,-96.05,2941.5,ML_CE,STOP,,,,0.0,427.15,,,,,,,,0.62,0.66
152,2026-08-19,14:34:16,14:39:08,BANKNIFTY26AUG57200CE,CE,EXPANSION,427.15,445.55,30,486.0,-0.169,0.6964,69.6,2941.5,-2455.5,292.1,523.2,462.15,-96.05,2941.5,ML_CE,STOP,,,,0.0,427.15,,,,,,,,0.62,0.66
153,2026-08-19,14:34:16,14:39:10,BANKNIFTY26AUG57200CE,CE,EXPANSION,427.15,446.25,30,507.0,-0.176,0.6964,69.6,2941.5,-2434.5,293.4,523.2,462.15,-96.05,2941.5,ML_CE,STOP,,,,0.0,427.15,,,,,,,,0.62,0.66
154,2026-08-19,14:34:16,14:39:11,BANKNIFTY26AUG57200CE,CE,EXPANSION,427.15,446.1,30,502.5,-0.174,0.6964,69.6,2941.5,-2439.0,294.8,523.2,462.15,-96.05,2941.5,ML_CE,STOP,,,,0.0,427.15,,,,,,,,0.62,0.66
155,2026-08-19,14:34:16,14:39:12,BANKNIFTY26AUG57200CE,CE,EXPANSION,427.15,440.0,30,319.5,-0.111,0.6964,69.6,2941.5,-2622.0,296.3,523.2,462.15,-96.05,2941.5,ML_CE,STOP,,,,0.0,427.15,,,,,,,,0.62,0.66
156,2026-08-19,14:34:16,14:39:14,BANKNIFTY26AUG57200CE,CE,EXPANSION,427.15,436.0,30,199.5,-0.069,0.6964,69.6,2941.5,-2742.0,297.5,523.2,462.15,-96.05,2941.5,ML_CE,STOP,,,,0.0,427.15,,,,,,,,0.62,0.66
157,2026-08-19,14:34:16,14:39:15,BANKNIFTY26AUG57200CE,CE,EXPANSION,427.15,436.75,30,222.0,-0.077,0.6964,69.6,2941.5,-2719.5,298.8,523.2,462.15,-96.05,2941.5,ML_CE,STOP,,,,0.0,427.15,,,,,,,,0.62,0.66
158,2026-08-19,14:34:16,14:39:17,BANKNIFTY26AUG57200CE,CE,EXPANSION,427.15,441.4,30,361.5,-0.125,0.6964,69.6,2941.5,-2580.0,300.5,523.2,462.15,-96.05,2941.5,ML_CE,STOP,,,,0.0,427.15,,,,,,,,0.62,0.66
159,2026-08-19,14:34:16,14:39:18,BANKNIFTY26AUG57200CE,CE,EXPANSION,427.15,452.85,30,705.0,-0.245,0.6964,69.6,2941.5,-2236.5,301.9,523.2,462.15,-96.05,2941.5,ML_CE,STOP,,,,0.0,427.15,,,,,,,,0.62,0.66
160,2026-08-19,14:34:16,14:39:20,BANKNIFTY26AUG57200CE,CE,EXPANSION,427.15,454.85,30,765.0,-0.265,0.6964,69.6,2941.5,-2176.5,303.4,523.2,462.15,-96.05,2941.5,ML_CE,STOP,,,,0.0,427.15,,,,,,,,0.62,0.66
161,2026-08-19,14:34:16,14:39:21,BANKNIFTY26AUG57200CE,CE,EXPANSION,427.15,453.1,30,712.5,-0.247,0.6964,69.6,2941.5,-2229.0,305.1,523.2,462.15,-96.05,2941.5,ML_CE,STOP,,,,0.0,427.15,,,,,,,,0.62,0.66
162,2026-08-19,14:34:16,14:39:23,BANKNIFTY26AUG57200CE,CE,EXPANSION,427.15,454.1,30,742.5,-0.258,0.6964,69.6,2941.5,-2199.0,306.4,523.2,462.15,-96.05,2941.5,ML_CE,STOP,,,,0.0,427.15,,,,,,,,0.62,0.66
163,2026-08-19,14:34:16,14:39:24,BANKNIFTY26AUG57200CE,CE,EXPANSION,427.15,450.45,30,633.0,-0.22,0.6964,69.6,2941.5,-2308.5,307.7,523.2,462.15,-96.05,2941.5,ML_CE,STOP,,,,0.0,427.15,,,,,,,,0.62,0.66
164,2026-08-19,14:34:16,14:39:25,BANKNIFTY26AUG57200CE,CE,EXPANSION,427.15,450.25,30,627.0,-0.218,0.6964,69.6,2941.5,-2314.5,309.1,523.2,462.15,-96.05,2941.5,ML_CE,STOP,,,,0.0,427.15,,,,,,,,0.62,0.66
165,2026-08-19,14:34:16,14:39:27,BANKNIFTY26AUG57200CE,CE,EXPANSION,427.15,450.65,30,639.0,-0.222,0.6964,69.6,2941.5,-2302.5,310.4,523.2,462.15,-96.05,2941.5,ML_CE,STOP,,,,0.0,427.15,,,,,,,,0.62,0.66
166,2026-08-19,14:34:16,14:39:28,BANKNIFTY26AUG57200CE,CE,EXPANSION,427.15,451.05,30,651.0,-0.226,0.6964,69.6,2941.5,-2290.5,311.9,523.2,462.15,-96.05,2941.5,ML_CE,STOP,,,,0.0,427.15,,,,,,,,0.62,0.66
167,2026-08-19,14:34:16,14:39:29,BANKNIFTY26AUG57200CE,CE,EXPANSION,427.15,451.45,30,663.0,-0.23,0.6964,69.6,2941.5,-2278.5,313.4,523.2,462.15,-96.05,2941.5,ML_CE,STOP,,,,0.0,427.15,,,,,,,,0.62,0.66
168,2026-08-19,14:34:16,14:39:31,BANKNIFTY26AUG57200CE,CE,EXPANSION,427.15,452.9,30,706.5,-0.245,0.6964,69.6,2941.5,-2235.0,314.7,523.2,462.15,-96.05,2941.5,ML_CE,STOP,,,,0.0,427.15,,,,,,,,0.62,0.66
169,2026-08-19,14:34:16,14:39:33,BANKNIFTY26AUG57200CE,CE,EXPANSION,427.15,450.95,30,648.0,-0.225,0.6964,69.6,2941.5,-2293.5,317.1,523.2,462.15,-96.05,2941.5,ML_CE,STOP,,,,0.0,427.15,,,,,,,,0.62,0.66
170,2026-08-19,14:34:16,14:39:36,BANKNIFTY26AUG57200CE,CE,EXPANSION,427.15,447.2,30,535.5,-0.186,0.6964,69.6,2941.5,-2406.0,319.7,523.2,462.15,-96.05,2941.5,ML_CE,STOP,,,,0.0,427.15,,,,,,,,0.62,0.66
171,2026-08-19,14:34:16,14:39:38,BANKNIFTY26AUG57200CE,CE,EXPANSION,427.15,445.05,30,471.0,-0.163,0.6964,69.6,2941.5,-2470.5,321.8,523.2,462.15,-96.05,2941.5,ML_CE,STOP,,,,0.0,427.15,,,,,,,,0.62,0.66
172,2026-08-19,14:34:16,14:39:39,BANKNIFTY26AUG57200CE,CE,EXPANSION,427.15,450.0,30,619.5,-0.215,0.6964,69.6,2941.5,-2322.0,323.3,523.2,462.15,-96.05,2941.5,ML_CE,STOP,,,,0.0,427.15,,,,,,,,0.62,0.66
173,2026-08-19,14:34:16,14:39:41,BANKNIFTY26AUG57200CE,CE,EXPANSION,427.15,451.3,30,658.5,-0.229,0.6964,69.6,2941.5,-2283.0,324.6,523.2,462.15,-96.05,2941.5,ML_CE,STOP,,,,0.0,427.15,,,,,,,,0.62,0.66
174,2026-08-19,14:34:16,14:39:42,BANKNIFTY26AUG57200CE,CE,EXPANSION,427.15,450.0,30,619.5,-0.215,0.6964,69.6,2941.5,-2322.0,325.9,523.2,462.15,-96.05,2941.5,ML_CE,STOP,,,,0.0,427.15,,,,,,,,0.62,0.66
175,2026-08-19,14:34:16,14:39:43,BANKNIFTY26AUG57200CE,CE,EXPANSION,427.15,448.5,30,574.5,-0.199,0.6964,69.6,2941.5,-2367.0,327.1,523.2,462.15,-96.05,2941.5,ML_CE,STOP,,,,0.0,427.15,,,,,,,,0.62,0.66
176,2026-08-19,14:34:16,14:39:46,BANKNIFTY26AUG57200CE,CE,EXPANSION,427.15,448.5,30,574.5,-0.199,0.6964,69.6,2941.5,-2367.0,330.2,523.2,462.15,-96.05,2941.5,ML_CE,STOP,,,,0.0,427.15,,,,,,,,0.62,0.66
177,2026-08-19,14:34:16,14:39:48,BANKNIFTY26AUG57200CE,CE,EXPANSION,427.15,445.85,30,495.0,-0.172,0.6964,69.6,2941.5,-2446.5,331.9,523.2,462.15,-96.05,2941.5,ML_CE,STOP,,,,0.0,427.15,,,,,,,,0.62,0.66
178,2026-08-19,14:34:16,14:39:49,BANKNIFTY26AUG57200CE,CE,EXPANSION,427.15,443.65,30,429.0,-0.149,0.6964,69.6,2941.5,-2512.5,333.3,523.2,462.15,-96.05,2941.5,ML_CE,STOP,,,,0.0,427.15,,,,,,,,0.62,0.66
179,2026-08-19,14:34:16,14:39:51,BANKNIFTY26AUG57200CE,CE,EXPANSION,427.15,443.15,30,414.0,-0.144,0.6964,69.6,2941.5,-2527.5,334.8,523.2,462.15,-96.05,2941.5,ML_CE,STOP,,,,0.0,427.15,,,,,,,,0.62,0.66
180,2026-08-19,14:34:16,14:39:52,BANKNIFTY26AUG57200CE,CE,EXPANSION,427.15,448.85,30,585.0,-0.203,0.6964,69.6,2941.5,-2356.5,335.9,523.2,462.15,-96.05,2941.5,ML_CE,STOP,,,,0.0,427.15,,,,,,,,0.62,0.66
181,2026-08-19,14:34:16,14:39:54,BANKNIFTY26AUG57200CE,CE,EXPANSION,427.15,447.9,30,556.5,-0.193,0.6964,69.6,2941.5,-2385.0,337.4,523.2,462.15,-96.05,2941.5,ML_CE,STOP,,,,0.0,427.15,,,,,,,,0.62,0.66
182,2026-08-19,14:34:16,14:39:55,BANKNIFTY26AUG57200CE,CE,EXPANSION,427.15,448.75,30,582.0,-0.202,0.6964,69.6,2941.5,-2359.5,338.7,523.2,462.15,-96.05,2941.5,ML_CE,STOP,,,,0.0,427.15,,,,,,,,0.62,0.66
183,2026-08-19,14:34:16,14:39:56,BANKNIFTY26AUG57200CE,CE,EXPANSION,427.15,449.8,30,613.5,-0.213,0.6964,69.6,2941.5,-2328.0,340.0,523.2,462.15,-96.05,2941.5,ML_CE,STOP,,,,0.0,427.15,,,,,,,,0.62,0.66
184,2026-08-19,14:34:16,14:39:57,BANKNIFTY26AUG57200CE,CE,EXPANSION,427.15,449.1,30,592.5,-0.206,0.6964,69.6,2941.5,-2349.0,341.3,523.2,462.15,-96.05,2941.5,ML_CE,STOP,,,,0.0,427.15,,,,,,,,0.62,0.66
185,2026-08-19,14:34:16,14:39:59,BANKNIFTY26AUG57200CE,CE,EXPANSION,427.15,450.8,30,643.5,-0.223,0.6964,69.6,2941.5,-2298.0,342.5,523.2,462.15,-96.05,2941.5,ML_CE,STOP,,,,0.0,427.15,,,,,,,,0.62,0.66
186,2026-08-19,14:34:16,14:40:00,BANKNIFTY26AUG57200CE,CE,EXPANSION,427.15,446.7,30,520.5,-0.181,0.6964,69.6,2941.5,-2421.0,343.6,523.2,462.15,-96.05,2941.5,ML_CE,STOP,,,,0.0,427.15,,,,,,,,0.62,0.66
187,2026-08-19,14:34:16,14:40:01,BANKNIFTY26AUG57200CE,CE,EXPANSION,427.15,445.85,30,495.0,-0.172,0.6964,69.6,2941.5,-2446.5,344.9,523.2,462.15,-96.05,2941.5,ML_CE,STOP,,,,0.0,427.15,,,,,,,,0.62,0.66
188,2026-08-19,14:34:16,14:40:02,BANKNIFTY26AUG57200CE,CE,EXPANSION,427.15,446.2,30,505.5,-0.175,0.6964,69.6,2941.5,-2436.0,346.3,523.2,462.15,-96.05,2941.5,ML_CE,STOP,,,,0.0,427.15,,,,,,,,0.62,0.66
189,2026-08-19,14:34:16,14:40:04,BANKNIFTY26AUG57200CE,CE,EXPANSION,427.15,446.8,30,523.5,-0.182,0.6964,69.6,2941.5,-2418.0,347.4,523.2,462.15,-96.05,2941.5,ML_CE,STOP,,,,0.0,427.15,,,,,,,,0.62,0.66
190,2026-08-19,14:34:16,14:40:05,BANKNIFTY26AUG57200CE,CE,EXPANSION,427.15,449.85,30,615.0,-0.213,0.6964,69.6,2941.5,-2326.5,348.7,523.2,462.15,-96.05,2941.5,ML_CE,STOP,,,,0.0,427.15,,,,,,,,0.62,0.66
191,2026-08-19,14:34:16,14:40:06,BANKNIFTY26AUG57200CE,CE,EXPANSION,427.15,446.65,30,519.0,-0.18,0.6964,69.6,2941.5,-2422.5,350.2,523.2,462.15,-96.05,2941.5,ML_CE,STOP,,,,0.0,427.15,,,,,,,,0.62,0.66
192,2026-08-19,14:34:16,14:40:08,BANKNIFTY26AUG57200CE,CE,EXPANSION,427.15,447.45,30,543.0,-0.188,0.6964,69.6,2941.5,-2398.5,351.5,523.2,462.15,-96.05,2941.5,ML_CE,STOP,,,,0.0,427.15,,,,,,,,0.62,0.66
193,2026-08-19,14:34:16,14:40:09,BANKNIFTY26AUG57200CE,CE,EXPANSION,427.15,447.7,30,550.5,-0.191,0.6964,69.6,2941.5,-2391.0,353.0,523.2,462.15,-96.05,2941.5,ML_CE,STOP,,,,0.0,427.15,,,,,,,,0.62,0.66
194,2026-08-19,14:34:16,14:40:11,BANKNIFTY26AUG57200CE,CE,EXPANSION,427.15,451.25,30,657.0,-0.228,0.6964,69.6,2941.5,-2284.5,354.5,523.2,462.15,-96.05,2941.5,ML_CE,STOP,,,,0.0,427.15,,,,,,,,0.62,0.66
195,2026-08-19,14:34:16,14:40:12,BANKNIFTY26AUG57200CE,CE,EXPANSION,427.15,451.5,30,664.5,-0.231,0.6964,69.6,2941.5,-2277.0,355.6,523.2,462.15,-96.05,2941.5,ML_CE,STOP,,,,0.0,427.15,,,,,,,,0.62,0.66
196,2026-08-19,14:34:16,14:40:13,BANKNIFTY26AUG57200CE,CE,EXPANSION,427.15,450.95,30,648.0,-0.225,0.6964,69.6,2941.5,-2293.5,357.1,523.2,462.15,-96.05,2941.5,ML_CE,STOP,,,,0.0,427.15,,,,,,,,0.62,0.66
197,2026-08-19,14:34:16,14:40:14,BANKNIFTY26AUG57200CE,CE,EXPANSION,427.15,450.15,30,624.0,-0.217,0.6964,69.6,2941.5,-2317.5,358.3,523.2,462.15,-96.05,2941.5,ML_CE,STOP,,,,0.0,427.15,,,,,,,,0.62,0.66
198,2026-08-19,14:34:16,14:40:16,BANKNIFTY26AUG57200CE,CE,EXPANSION,427.15,451.4,30,661.5,-0.23,0.6964,69.6,2941.5,-2280.0,359.7,523.2,462.15,-96.05,2941.5,ML_CE,STOP,,,,0.0,427.15,,,,,,,,0.62,0.66
199,2026-08-19,14:34:16,14:40:17,BANKNIFTY26AUG57200CE,CE,EXPANSION,427.15,453.3,30,718.5,-0.249,0.6964,69.6,2941.5,-2223.0,361.1,523.2,462.15,-96.05,2941.5,ML_CE,STOP,,,,0.0,427.15,,,,,,,,0.62,0.66
200,2026-08-19,14:34:16,14:40:19,BANKNIFTY26AUG57200CE,CE,EXPANSION,427.15,457.0,30,829.5,-0.288,0.6964,69.6,2941.5,-2112.0,362.5,523.2,462.15,-96.05,2941.5,ML_CE,STOP,,,,0.0,427.15,,,,,,,,0.62,0.66
201,2026-08-19,14:34:16,14:40:20,BANKNIFTY26AUG57200CE,CE,EXPANSION,427.15,455.0,30,769.5,-0.267,0.6964,69.6,2941.5,-2172.0,363.8,523.2,462.15,-96.05,2941.5,ML_CE,STOP,,,,0.0,427.15,,,,,,,,0.62,0.66
202,2026-08-19,14:34:16,14:40:21,BANKNIFTY26AUG57200CE,CE,EXPANSION,427.15,453.7,30,730.5,-0.254,0.6964,69.6,2941.5,-2211.0,365.3,523.2,462.15,-96.05,2941.5,ML_CE,STOP,,,,0.0,427.15,,,,,,,,0.62,0.66
203,2026-08-19,14:34:16,14:40:23,BANKNIFTY26AUG57200CE,CE,EXPANSION,427.15,455.4,30,781.5,-0.271,0.6964,69.6,2941.5,-2160.0,366.6,523.2,462.15,-96.05,2941.5,ML_CE,STOP,,,,0.0,427.15,,,,,,,,0.62,0.66
204,2026-08-19,14:34:16,14:40:24,BANKNIFTY26AUG57200CE,CE,EXPANSION,427.15,452.65,30,699.0,-0.243,0.6964,69.6,2941.5,-2242.5,368.2,523.2,462.15,-96.05,2941.5,ML_CE,STOP,,,,0.0,427.15,,,,,,,,0.62,0.66
205,2026-08-19,14:34:16,14:40:26,BANKNIFTY26AUG57200CE,CE,EXPANSION,427.15,454.05,30,741.0,-0.257,0.6964,69.6,2941.5,-2200.5,369.5,523.2,462.15,-96.05,2941.5,ML_CE,STOP,,,,0.0,427.15,,,,,,,,0.62,0.66
206,2026-08-19,14:34:16,14:40:27,BANKNIFTY26AUG57200CE,CE,EXPANSION,427.15,452.55,30,696.0,-0.242,0.6964,69.6,2941.5,-2245.5,370.6,523.2,462.15,-96.05,2941.5,ML_CE,STOP,,,,0.0,427.15,,,,,,,,0.62,0.66
207,2026-08-19,14:34:16,14:40:28,BANKNIFTY26AUG57200CE,CE,EXPANSION,427.15,450.95,30,648.0,-0.225,0.6964,69.6,2941.5,-2293.5,371.8,523.2,462.15,-96.05,2941.5,ML_CE,STOP,,,,0.0,427.15,,,,,,,,0.62,0.66
208,2026-08-19,14:34:16,14:40:29,BANKNIFTY26AUG57200CE,CE,EXPANSION,427.15,450.95,30,648.0,-0.225,0.6964,69.6,2941.5,-2293.5,372.9,523.2,462.15,-96.05,2941.5,ML_CE,STOP,,,,0.0,427.15,,,,,,,,0.62,0.66
209,2026-08-19,14:34:16,14:40:30,BANKNIFTY26AUG57200CE,CE,EXPANSION,427.15,454.35,30,750.0,-0.26,0.6964,69.6,2941.5,-2191.5,374.3,523.2,462.15,-96.05,2941.5,ML_CE,STOP,,,,0.0,427.15,,,,,,,,0.62,0.66
210,2026-08-19,14:34:16,14:40:32,BANKNIFTY26AUG57200CE,CE,EXPANSION,427.15,458.05,30,861.0,-0.299,0.6964,69.6,2941.5,-2080.5,375.6,523.2,462.15,-96.05,2941.5,ML_CE,STOP,,,,0.0,427.15,,,,,,,,0.62,0.66
211,2026-08-19,14:34:16,14:40:33,BANKNIFTY26AUG57200CE,CE,EXPANSION,427.15,460.0,30,919.5,-0.319,0.6964,69.6,2941.5,-2022.0,376.9,523.2,462.15,-96.05,2941.5,ML_CE,STOP,,,,0.0,427.15,,,,,,,,0.62,0.66
212,2026-08-19,14:34:16,14:40:34,BANKNIFTY26AUG57200CE,CE,EXPANSION,427.15,459.95,30,918.0,-0.319,0.6964,69.6,2941.5,-2023.5,378.4,523.2,462.15,-96.05,2941.5,ML_CE,STOP,,,,0.0,427.15,,,,,,,,0.62,0.66
213,2026-08-19,14:34:16,14:40:36,BANKNIFTY26AUG57200CE,CE,EXPANSION,427.15,457.25,30,837.0,-0.29,0.6964,69.6,2941.5,-2104.5,379.7,523.2,462.15,-96.05,2941.5,ML_CE,STOP,,,,0.0,427.15,,,,,,,,0.62,0.66
214,2026-08-19,14:34:16,14:40:37,BANKNIFTY26AUG57200CE,CE,EXPANSION,427.15,457.1,30,832.5,-0.289,0.6964,69.6,2941.5,-2109.0,380.8,523.2,462.15,-96.05,2941.5,ML_CE,STOP,,,,0.0,427.15,,,,,,,,0.62,0.66
215,2026-08-19,14:34:16,14:40:38,BANKNIFTY26AUG57200CE,CE,EXPANSION,427.15,458.45,30,873.0,-0.303,0.6964,69.6,2941.5,-2068.5,382.0,523.2,462.15,-96.05,2941.5,ML_CE,STOP,,,,0.0,427.15,,,,,,,,0.62,0.66
216,2026-08-19,14:34:16,14:40:39,BANKNIFTY26AUG57200CE,CE,EXPANSION,427.15,460.35,30,930.0,-0.323,0.6964,69.6,2941.5,-2011.5,383.3,523.2,462.15,-96.05,2941.5,ML_CE,STOP,,,,0.0,427.15,,,,,,,,0.62,0.66
217,2026-08-19,14:34:16,14:40:41,BANKNIFTY26AUG57200CE,CE,EXPANSION,427.15,454.05,30,741.0,-0.257,0.6964,69.6,2941.5,-2200.5,384.6,523.2,462.15,-96.05,2941.5,ML_CE,STOP,,,,0.0,427.15,,,,,,,,0.62,0.66
218,2026-08-19,14:34:16,14:40:42,BANKNIFTY26AUG57200CE,CE,EXPANSION,427.15,456.25,30,807.0,-0.28,0.6964,69.6,2941.5,-2134.5,385.9,523.2,462.15,-96.05,2941.5,ML_CE,STOP,,,,0.0,427.15,,,,,,,,0.62,0.66
219,2026-08-19,14:34:16,14:40:43,BANKNIFTY26AUG57200CE,CE,EXPANSION,427.15,458.55,30,876.0,-0.304,0.6964,69.6,2941.5,-2065.5,387.0,523.2,462.15,-96.05,2941.5,ML_CE,STOP,,,,0.0,427.15,,,,,,,,0.62,0.66
220,2026-08-19,14:34:16,14:40:45,BANKNIFTY26AUG57200CE,CE,EXPANSION,427.15,459.1,30,892.5,-0.31,0.6964,69.6,2941.5,-2049.0,388.5,523.2,462.15,-96.05,2941.5,ML_CE,STOP,,,,0.0,427.15,,,,,,,,0.62,0.66
221,2026-08-19,14:34:16,14:40:46,BANKNIFTY26AUG57200CE,CE,EXPANSION,427.15,457.8,30,853.5,-0.296,0.6964,69.6,2941.5,-2088.0,389.7,523.2,462.15,-96.05,2941.5,ML_CE,STOP,,,,0.0,427.15,,,,,,,,0.62,0.66
222,2026-08-19,14:34:16,14:40:47,BANKNIFTY26AUG57200CE,CE,EXPANSION,427.15,456.25,30,807.0,-0.28,0.6964,69.6,2941.5,-2134.5,390.9,523.2,462.15,-96.05,2941.5,ML_CE,STOP,,,,0.0,427.15,,,,,,,,0.62,0.66
223,2026-08-19,14:34:16,14:40:49,BANKNIFTY26AUG57200CE,CE,EXPANSION,427.15,456.35,30,810.0,-0.281,0.6964,69.6,2941.5,-2131.5,392.4,523.2,462.15,-96.05,2941.5,ML_CE,STOP,,,,0.0,427.15,,,,,,,,0.62,0.66
224,2026-08-19,14:34:16,14:40:50,BANKNIFTY26AUG57200CE,CE,EXPANSION,427.15,456.6,30,817.5,-0.284,0.6964,69.6,2941.5,-2124.0,393.6,523.2,462.15,-96.05,2941.5,ML_CE,STOP,,,,0.0,427.15,,,,,,,,0.62,0.66
225,2026-08-19,14:34:16,14:40:51,BANKNIFTY26AUG57200CE,CE,EXPANSION,427.15,456.5,30,814.5,-0.283,0.6964,69.6,2941.5,-2127.0,394.7,523.2,462.15,-96.05,2941.5,ML_CE,STOP,,,,0.0,427.15,,,,,,,,0.62,0.66
226,2026-08-19,14:34:16,14:40:52,BANKNIFTY26AUG57200CE,CE,EXPANSION,427.15,455.75,30,792.0,-0.275,0.6964,69.6,2941.5,-2149.5,396.2,523.2,462.15,-96.05,2941.5,ML_CE,STOP,,,,0.0,427.15,,,,,,,,0.62,0.66
227,2026-08-19,14:34:16,14:40:54,BANKNIFTY26AUG57200CE,CE,EXPANSION,427.15,455.7,30,790.5,-0.274,0.6964,69.6,2941.5,-2151.0,397.5,523.2,462.15,-96.05,2941.5,ML_CE,STOP,,,,0.0,427.15,,,,,,,,0.62,0.66
228,2026-08-19,14:34:16,14:40:55,BANKNIFTY26AUG57200CE,CE,EXPANSION,427.15,455.3,30,778.5,-0.27,0.6964,69.6,2941.5,-2163.0,399.0,523.2,462.15,-96.05,2941.5,ML_CE,STOP,,,,0.0,427.15,,,,,,,,0.62,0.66
229,2026-08-19,14:34:16,14:40:56,BANKNIFTY26AUG57200CE,CE,EXPANSION,427.15,455.75,30,792.0,-0.275,0.6964,69.6,2941.5,-2149.5,400.1,523.2,462.15,-96.05,2941.5,ML_CE,STOP,,,,0.0,427.15,,,,,,,,0.62,0.66
230,2026-08-19,14:34:16,14:40:58,BANKNIFTY26AUG57200CE,CE,EXPANSION,427.15,456.7,30,820.5,-0.285,0.6964,69.6,2941.5,-2121.0,401.7,523.2,462.15,-96.05,2941.5,ML_CE,STOP,,,,0.0,427.15,,,,,,,,0.62,0.66
231,2026-08-19,14:34:16,14:40:59,BANKNIFTY26AUG57200CE,CE,EXPANSION,427.15,458.05,30,861.0,-0.299,0.6964,69.6,2941.5,-2080.5,403.1,523.2,462.15,-96.05,2941.5,ML_CE,STOP,,,,0.0,427.15,,,,,,,,0.62,0.66
232,2026-08-19,14:34:16,14:41:00,BANKNIFTY26AUG57200CE,CE,EXPANSION,427.15,458.2,30,865.5,-0.3,0.6964,69.6,2941.5,-2076.0,404.2,523.2,462.15,-96.05,2941.5,ML_CE,STOP,,,,0.0,427.15,,,,,,,,0.62,0.66
233,2026-08-19,14:34:16,14:41:02,BANKNIFTY26AUG57200CE,CE,EXPANSION,427.15,463.0,30,1009.5,-0.35,0.6964,69.6,2941.5,-1932.0,405.5,523.2,462.15,-96.05,2941.5,ML_CE,STOP,,,,0.0,427.15,,,,,,,,0.62,0.66
234,2026-08-19,14:34:16,14:41:03,BANKNIFTY26AUG57200CE,CE,EXPANSION,427.15,461.9,30,976.5,-0.339,0.6964,69.6,2941.5,-1965.0,407.1,523.2,462.15,-96.05,2941.5,ML_CE,STOP,,,,0.0,427.15,,,,,,,,0.62,0.66
235,2026-08-19,14:34:16,14:41:05,BANKNIFTY26AUG57200CE,CE,EXPANSION,427.15,460.5,30,934.5,-0.324,0.6964,69.6,2941.5,-2007.0,408.6,523.2,462.15,-96.05,2941.5,ML_CE,STOP,,,,0.0,427.15,,,,,,,,0.62,0.66
236,2026-08-19,14:34:16,14:41:06,BANKNIFTY26AUG57200CE,CE,EXPANSION,427.15,460.95,30,948.0,-0.329,0.6964,69.6,2941.5,-1993.5,410.2,523.2,462.15,-96.05,2941.5,ML_CE,STOP,,,,0.0,427.15,,,,,,,,0.62,0.66
237,2026-08-19,14:34:16,14:41:08,BANKNIFTY26AUG57200CE,CE,EXPANSION,427.15,461.9,30,976.5,-0.339,0.6964,69.6,2941.5,-1965.0,411.4,523.2,462.15,-96.05,2941.5,ML_CE,STOP,,,,0.0,427.15,,,,,,,,0.62,0.66
238,2026-08-19,14:34:16,14:41:09,BANKNIFTY26AUG57200CE,CE,EXPANSION,427.15,462.05,30,981.0,-0.34,0.6964,69.6,2941.5,-1960.5,412.7,523.2,462.15,-96.05,2941.5,ML_CE,STOP,,,,0.0,427.15,,,,,,,,0.62,0.66
239,2026-08-19,14:34:16,14:41:10,BANKNIFTY26AUG57200CE,CE,EXPANSION,427.15,464.3,30,1048.5,-0.364,0.6964,69.6,2941.5,-1893.0,413.8,523.2,462.15,-96.05,2941.5,ML_CE,STOP,,,,0.0,427.15,,,,,,,,0.62,0.66
240,2026-08-19,14:34:16,14:41:11,BANKNIFTY26AUG57200CE,CE,EXPANSION,427.15,462.4,30,991.5,-0.344,0.6964,69.6,2941.5,-1950.0,415.1,523.2,462.15,-96.05,2941.5,ML_CE,STOP,,,,0.0,427.15,,,,,,,,0.62,0.66
241,2026-08-19,14:34:16,14:41:13,BANKNIFTY26AUG57200CE,CE,EXPANSION,427.15,460.0,30,919.5,-0.319,0.6964,69.6,2941.5,-2022.0,416.5,523.2,462.15,-96.05,2941.5,ML_CE,STOP,,,,0.0,427.15,,,,,,,,0.62,0.66
242,2026-08-19,14:34:16,14:41:14,BANKNIFTY26AUG57200CE,CE,EXPANSION,427.15,463.3,30,1018.5,-0.353,0.6964,69.6,2941.5,-1923.0,417.9,523.2,462.15,-96.05,2941.5,ML_CE,STOP,,,,0.0,427.15,,,,,,,,0.62,0.66
243,2026-08-19,14:34:16,14:41:15,BANKNIFTY26AUG57200CE,CE,EXPANSION,427.15,463.3,30,1018.5,-0.353,0.6964,69.6,2941.5,-1923.0,419.1,523.2,462.15,-96.05,2941.5,ML_CE,STOP,,,,0.0,427.15,,,,,,,,0.62,0.66
244,2026-08-19,14:34:16,14:41:17,BANKNIFTY26AUG57200CE,CE,EXPANSION,427.15,461.45,30,963.0,-0.334,0.6964,69.6,2941.5,-1978.5,420.5,523.2,462.15,-96.05,2941.5,ML_CE,STOP,,,,0.0,427.15,,,,,,,,0.62,0.66
245,2026-08-19,14:34:16,14:41:18,BANKNIFTY26AUG57200CE,CE,EXPANSION,427.15,459.95,30,918.0,-0.319,0.6964,69.6,2941.5,-2023.5,421.9,523.2,462.15,-96.05,2941.5,ML_CE,STOP,,,,0.0,427.15,,,,,,,,0.62,0.66
246,2026-08-19,14:34:16,14:41:19,BANKNIFTY26AUG57200CE,CE,EXPANSION,427.15,460.0,30,919.5,-0.319,0.6964,69.6,2941.5,-2022.0,423.2,523.2,462.15,-96.05,2941.5,ML_CE,STOP,,,,0.0,427.15,,,,,,,,0.62,0.66
247,2026-08-19,14:34:16,14:41:21,BANKNIFTY26AUG57200CE,CE,EXPANSION,427.15,460.75,30,942.0,-0.327,0.6964,69.6,2941.5,-1999.5,424.5,523.2,462.15,-96.05,2941.5,ML_CE,STOP,,,,0.0,427.15,,,,,,,,0.62,0.66
248,2026-08-19,14:34:16,14:41:22,BANKNIFTY26AUG57200CE,CE,EXPANSION,427.15,459.5,30,904.5,-0.314,0.6964,69.6,2941.5,-2037.0,425.8,523.2,462.15,-96.05,2941.5,ML_CE,STOP,,,,0.0,427.15,,,,,,,,0.62,0.66
249,2026-08-19,14:34:16,14:41:23,BANKNIFTY26AUG57200CE,CE,EXPANSION,427.15,460.4,30,931.5,-0.323,0.6964,69.6,2941.5,-2010.0,427.1,523.2,462.15,-96.05,2941.5,ML_CE,STOP,,,,0.0,427.15,,,,,,,,0.62,0.66
250,2026-08-19,14:34:16,14:41:25,BANKNIFTY26AUG57200CE,CE,EXPANSION,427.15,459.55,30,906.0,-0.314,0.6964,69.6,2941.5,-2035.5,428.6,523.2,462.15,-96.05,2941.5,ML_CE,STOP,,,,0.0,427.15,,,,,,,,0.62,0.66
251,2026-08-19,14:34:16,14:41:26,BANKNIFTY26AUG57200CE,CE,EXPANSION,427.15,457.65,30,849.0,-0.295,0.6964,69.6,2941.5,-2092.5,429.9,523.2,462.15,-96.05,2941.5,ML_CE,STOP,,,,0.0,427.15,,,,,,,,0.62,0.66
252,2026-08-19,14:34:16,14:41:27,BANKNIFTY26AUG57200CE,CE,EXPANSION,427.15,458.85,30,885.0,-0.307,0.6964,69.6,2941.5,-2056.5,431.2,523.2,462.15,-96.05,2941.5,ML_CE,STOP,,,,0.0,427.15,,,,,,,,0.62,0.66
253,2026-08-19,14:34:16,14:41:29,BANKNIFTY26AUG57200CE,CE,EXPANSION,427.15,454.85,30,765.0,-0.265,0.6964,69.6,2941.5,-2176.5,432.5,523.2,462.15,-96.05,2941.5,ML_CE,STOP,,,,0.0,427.15,,,,,,,,0.62,0.66
254,2026-08-19,14:34:16,14:41:30,BANKNIFTY26AUG57200CE,CE,EXPANSION,427.15,454.5,30,754.5,-0.262,0.6964,69.6,2941.5,-2187.0,433.7,523.2,462.15,-96.05,2941.5,ML_CE,STOP,,,,0.0,427.15,,,,,,,,0.62,0.66
255,2026-08-19,14:34:16,14:41:31,BANKNIFTY26AUG57200CE,CE,EXPANSION,427.15,451.25,30,657.0,-0.228,0.6964,69.6,2941.5,-2284.5,435.0,523.2,462.15,-96.05,2941.5,ML_CE,STOP,,,,0.0,427.15,,,,,,,,0.62,0.66
256,2026-08-19,14:34:16,14:41:32,BANKNIFTY26AUG57200CE,CE,EXPANSION,427.15,451.0,30,649.5,-0.225,0.6964,69.6,2941.5,-2292.0,436.3,523.2,462.15,-96.05,2941.5,ML_CE,STOP,,,,0.0,427.15,,,,,,,,0.62,0.66
257,2026-08-19,14:34:16,14:41:34,BANKNIFTY26AUG57200CE,CE,EXPANSION,427.15,451.8,30,673.5,-0.234,0.6964,69.6,2941.5,-2268.0,437.6,523.2,462.15,-96.05,2941.5,ML_CE,STOP,,,,0.0,427.15,,,,,,,,0.62,0.66
258,2026-08-19,14:34:16,14:41:35,BANKNIFTY26AUG57200CE,CE,EXPANSION,427.15,453.0,30,709.5,-0.246,0.6964,69.6,2941.5,-2232.0,438.9,523.2,462.15,-96.05,2941.5,ML_CE,STOP,,,,0.0,427.15,,,,,,,,0.62,0.66
259,2026-08-19,14:34:16,14:41:36,BANKNIFTY26AUG57200CE,CE,EXPANSION,427.15,449.3,30,598.5,-0.208,0.6964,69.6,2941.5,-2343.0,440.3,523.2,462.15,-96.05,2941.5,ML_CE,STOP,,,,0.0,427.15,,,,,,,,0.62,0.66
260,2026-08-19,14:34:16,14:41:38,BANKNIFTY26AUG57200CE,CE,EXPANSION,427.15,445.8,30,493.5,-0.171,0.6964,69.6,2941.5,-2448.0,441.6,523.2,462.15,-96.05,2941.5,ML_CE,STOP,,,,0.0,427.15,,,,,,,,0.62,0.66
261,2026-08-19,14:34:16,14:41:39,BANKNIFTY26AUG57200CE,CE,EXPANSION,427.15,445.2,30,475.5,-0.165,0.6964,69.6,2941.5,-2466.0,442.9,523.2,462.15,-96.05,2941.5,ML_CE,STOP,,,,0.0,427.15,,,,,,,,0.62,0.66
262,2026-08-19,14:34:16,14:41:41,BANKNIFTY26AUG57200CE,CE,EXPANSION,427.15,441.8,30,373.5,-0.13,0.6964,69.6,2941.5,-2568.0,444.5,523.2,462.15,-96.05,2941.5,ML_CE,STOP,,,,0.0,427.15,,,,,,,,0.62,0.66
263,2026-08-19,14:34:16,14:41:42,BANKNIFTY26AUG57200CE,CE,EXPANSION,427.15,441.75,30,372.0,-0.129,0.6964,69.6,2941.5,-2569.5,445.6,523.2,462.15,-96.05,2941.5,ML_CE,STOP,,,,0.0,427.15,,,,,,,,0.62,0.66
264,2026-08-19,14:34:16,14:41:43,BANKNIFTY26AUG57200CE,CE,EXPANSION,427.15,440.65,30,339.0,-0.118,0.6964,69.6,2941.5,-2602.5,446.7,523.2,462.15,-96.05,2941.5,ML_CE,STOP,,,,0.0,427.15,,,,,,,,0.62,0.66
265,2026-08-19,14:34:16,14:41:44,BANKNIFTY26AUG57200CE,CE,EXPANSION,427.15,437.4,30,241.5,-0.084,0.6964,69.6,2941.5,-2700.0,447.9,523.2,462.15,-96.05,2941.5,ML_CE,STOP,,,,0.0,427.15,,,,,,,,0.62,0.66
266,2026-08-19,14:34:16,14:41:45,BANKNIFTY26AUG57200CE,CE,EXPANSION,427.15,441.8,30,373.5,-0.13,0.6964,69.6,2941.5,-2568.0,449.0,523.2,462.15,-96.05,2941.5,ML_CE,STOP,,,,0.0,427.15,,,,,,,,0.62,0.66
267,2026-08-19,14:34:16,14:41:46,BANKNIFTY26AUG57200CE,CE,EXPANSION,427.15,442.3,30,388.5,-0.135,0.6964,69.6,2941.5,-2553.0,450.2,523.2,462.15,-96.05,2941.5,ML_CE,STOP,,,,0.0,427.15,,,,,,,,0.62,0.66
268,2026-08-19,14:34:16,14:41:47,BANKNIFTY26AUG57200CE,CE,EXPANSION,427.15,442.15,30,384.0,-0.133,0.6964,69.6,2941.5,-2557.5,451.3,523.2,462.15,-96.05,2941.5,ML_CE,STOP,,,,0.0,427.15,,,,,,,,0.62,0.66
269,2026-08-19,14:34:16,14:41:49,BANKNIFTY26AUG57200CE,CE,EXPANSION,427.15,445.15,30,474.0,-0.164,0.6964,69.6,2941.5,-2467.5,452.4,523.2,462.15,-96.05,2941.5,ML_CE,STOP,,,,0.0,427.15,,,,,,,,0.62,0.66
270,2026-08-19,14:34:16,14:41:50,BANKNIFTY26AUG57200CE,CE,EXPANSION,427.15,445.25,30,477.0,-0.166,0.6964,69.6,2941.5,-2464.5,453.6,523.2,462.15,-96.05,2941.5,ML_CE,STOP,,,,0.0,427.15,,,,,,,,0.62,0.66
271,2026-08-19,14:34:16,14:41:51,BANKNIFTY26AUG57200CE,CE,EXPANSION,427.15,444.35,30,450.0,-0.156,0.6964,69.6,2941.5,-2491.5,454.7,523.2,462.15,-96.05,2941.5,ML_CE,STOP,,,,0.0,427.15,,,,,,,,0.62,0.66
272,2026-08-19,14:34:16,14:41:52,BANKNIFTY26AUG57200CE,CE,EXPANSION,427.15,445.55,30,486.0,-0.169,0.6964,69.6,2941.5,-2455.5,455.9,523.2,462.15,-96.05,2941.5,ML_CE,STOP,,,,0.0,427.15,,,,,,,,0.62,0.66
273,2026-08-19,14:34:16,14:41:53,BANKNIFTY26AUG57200CE,CE,EXPANSION,427.15,446.1,30,502.5,-0.174,0.6964,69.6,2941.5,-2439.0,457.0,523.2,462.15,-96.05,2941.5,ML_CE,STOP,,,,0.0,427.15,,,,,,,,0.62,0.66
274,2026-08-19,14:34:16,14:41:54,BANKNIFTY26AUG57200CE,CE,EXPANSION,427.15,444.4,30,451.5,-0.157,0.6964,69.6,2941.5,-2490.0,458.1,523.2,462.15,-96.05,2941.5,ML_CE,STOP,,,,0.0,427.15,,,,,,,,0.62,0.66
275,2026-08-19,14:34:16,14:41:55,BANKNIFTY26AUG57200CE,CE,EXPANSION,427.15,442.5,30,394.5,-0.137,0.6964,69.6,2941.5,-2547.0,459.3,523.2,462.15,-96.05,2941.5,ML_CE,STOP,,,,0.0,427.15,,,,,,,,0.62,0.66
276,2026-08-19,14:34:16,14:41:57,BANKNIFTY26AUG57200CE,CE,EXPANSION,427.15,442.15,30,384.0,-0.133,0.6964,69.6,2941.5,-2557.5,460.5,523.2,462.15,-96.05,2941.5,ML_CE,STOP,,,,0.0,427.15,,,,,,,,0.62,0.66
277,2026-08-19,14:34:16,14:41:58,BANKNIFTY26AUG57200CE,CE,EXPANSION,427.15,444.1,30,442.5,-0.154,0.6964,69.6,2941.5,-2499.0,461.7,523.2,462.15,-96.05,2941.5,ML_CE,STOP,,,,0.0,427.15,,,,,,,,0.62,0.66
278,2026-08-19,14:34:16,14:41:59,BANKNIFTY26AUG57200CE,CE,EXPANSION,427.15,443.75,30,432.0,-0.15,0.6964,69.6,2941.5,-2509.5,462.9,523.2,462.15,-96.05,2941.5,ML_CE,STOP,,,,0.0,427.15,,,,,,,,0.62,0.66
279,2026-08-19,14:34:16,14:42:00,BANKNIFTY26AUG57200CE,CE,EXPANSION,427.15,442.35,30,390.0,-0.135,0.6964,69.6,2941.5,-2551.5,464.0,523.2,462.15,-96.05,2941.5,ML_CE,STOP,,,,0.0,427.15,,,,,,,,0.62,0.66
280,2026-08-19,14:34:16,14:42:01,BANKNIFTY26AUG57200CE,CE,EXPANSION,427.15,446.25,30,507.0,-0.176,0.6964,69.6,2941.5,-2434.5,465.2,523.2,462.15,-96.05,2941.5,ML_CE,STOP,,,,0.0,427.15,,,,,,,,0.62,0.66
281,2026-08-19,14:34:16,14:42:03,BANKNIFTY26AUG57200CE,CE,EXPANSION,427.15,444.3,30,448.5,-0.156,0.6964,69.6,2941.5,-2493.0,466.4,523.2,462.15,-96.05,2941.5,ML_CE,STOP,,,,0.0,427.15,,,,,,,,0.62,0.66
282,2026-08-19,14:34:16,14:42:04,BANKNIFTY26AUG57200CE,CE,EXPANSION,427.15,444.3,30,448.5,-0.156,0.6964,69.6,2941.5,-2493.0,467.6,523.2,462.15,-96.05,2941.5,ML_CE,STOP,,,,0.0,427.15,,,,,,,,0.62,0.66
283,2026-08-19,14:34:16,14:42:05,BANKNIFTY26AUG57200CE,CE,EXPANSION,427.15,444.3,30,448.5,-0.156,0.6964,69.6,2941.5,-2493.0,468.7,523.2,462.15,-96.05,2941.5,ML_CE,STOP,,,,0.0,427.15,,,,,,,,0.62,0.66
284,2026-08-19,14:34:16,14:42:06,BANKNIFTY26AUG57200CE,CE,EXPANSION,427.15,444.85,30,465.0,-0.161,0.6964,69.6,2941.5,-2476.5,469.9,523.2,462.15,-96.05,2941.5,ML_CE,STOP,,,,0.0,427.15,,,,,,,,0.62,0.66
285,2026-08-19,14:34:16,14:42:07,BANKNIFTY26AUG57200CE,CE,EXPANSION,427.15,444.3,30,448.5,-0.156,0.6964,69.6,2941.5,-2493.0,471.0,523.2,462.15,-96.05,2941.5,ML_CE,STOP,,,,0.0,427.15,,,,,,,,0.62,0.66
286,2026-08-19,14:34:16,14:42:08,BANKNIFTY26AUG57200CE,CE,EXPANSION,427.15,442.15,30,384.0,-0.133,0.6964,69.6,2941.5,-2557.5,472.2,523.2,462.15,-96.05,2941.5,ML_CE,STOP,,,,0.0,427.15,,,,,,,,0.62,0.66
287,2026-08-19,14:34:16,14:42:09,BANKNIFTY26AUG57200CE,CE,EXPANSION,427.15,441.55,30,366.0,-0.127,0.6964,69.6,2941.5,-2575.5,473.3,523.2,462.15,-96.05,2941.5,ML_CE,STOP,,,,0.0,427.15,,,,,,,,0.62,0.66
288,2026-08-19,14:34:16,14:42:11,BANKNIFTY26AUG57200CE,CE,EXPANSION,427.15,442.75,30,402.0,-0.14,0.6964,69.6,2941.5,-2539.5,474.5,523.2,462.15,-96.05,2941.5,ML_CE,STOP,,,,0.0,427.15,,,,,,,,0.62,0.66
289,2026-08-19,14:34:16,14:42:12,BANKNIFTY26AUG57200CE,CE,EXPANSION,427.15,443.5,30,424.5,-0.147,0.6964,69.6,2941.5,-2517.0,475.6,523.2,462.15,-96.05,2941.5,ML_CE,STOP,,,,0.0,427.15,,,,,,,,0.62,0.66
290,2026-08-19,14:34:16,14:42:13,BANKNIFTY26AUG57200CE,CE,EXPANSION,427.15,442.3,30,388.5,-0.135,0.6964,69.6,2941.5,-2553.0,476.8,523.2,462.15,-96.05,2941.5,ML_CE,STOP,,,,0.0,427.15,,,,,,,,0.62,0.66
291,2026-08-19,14:34:16,14:42:14,BANKNIFTY26AUG57200CE,CE,EXPANSION,427.15,442.45,30,393.0,-0.136,0.6964,69.6,2941.5,-2548.5,477.9,523.2,462.15,-96.05,2941.5,ML_CE,STOP,,,,0.0,427.15,,,,,,,,0.62,0.66
292,2026-08-19,14:34:16,14:42:15,BANKNIFTY26AUG57200CE,CE,EXPANSION,427.15,444.3,30,448.5,-0.156,0.6964,69.6,2941.5,-2493.0,479.0,523.2,462.15,-96.05,2941.5,ML_CE,STOP,,,,0.0,427.15,,,,,,,,0.62,0.66
293,2026-08-19,14:34:16,14:42:16,BANKNIFTY26AUG57200CE,CE,EXPANSION,427.15,446.25,30,507.0,-0.176,0.6964,69.6,2941.5,-2434.5,480.2,523.2,462.15,-96.05,2941.5,ML_CE,STOP,,,,0.0,427.15,,,,,,,,0.62,0.66
294,2026-08-19,14:34:16,14:42:17,BANKNIFTY26AUG57200CE,CE,EXPANSION,427.15,447.65,30,549.0,-0.191,0.6964,69.6,2941.5,-2392.5,481.3,523.2,462.15,-96.05,2941.5,ML_CE,STOP,,,,0.0,427.15,,,,,,,,0.62,0.66
295,2026-08-19,14:34:16,14:42:19,BANKNIFTY26AUG57200CE,CE,EXPANSION,427.15,447.4,30,541.5,-0.188,0.6964,69.6,2941.5,-2400.0,482.5,523.2,462.15,-96.05,2941.5,ML_CE,STOP,,,,0.0,427.15,,,,,,,,0.62,0.66
296,2026-08-19,14:34:16,14:42:20,BANKNIFTY26AUG57200CE,CE,EXPANSION,427.15,446.15,30,504.0,-0.175,0.6964,69.6,2941.5,-2437.5,483.6,523.2,462.15,-96.05,2941.5,ML_CE,STOP,,,,0.0,427.15,,,,,,,,0.62,0.66
297,2026-08-19,14:34:16,14:42:21,BANKNIFTY26AUG57200CE,CE,EXPANSION,427.15,447.95,30,558.0,-0.194,0.6964,69.6,2941.5,-2383.5,484.7,523.2,462.15,-96.05,2941.5,ML_CE,STOP,,,,0.0,427.15,,,,,,,,0.62,0.66
298,2026-08-19,14:34:16,14:42:22,BANKNIFTY26AUG57200CE,CE,EXPANSION,427.15,448.25,30,567.0,-0.197,0.6964,69.6,2941.5,-2374.5,485.9,523.2,462.15,-96.05,2941.5,ML_CE,STOP,,,,0.0,427.15,,,,,,,,0.62,0.66
299,2026-08-19,14:34:16,14:42:23,BANKNIFTY26AUG57200CE,CE,EXPANSION,427.15,450.0,30,619.5,-0.215,0.6964,69.6,2941.5,-2322.0,487.0,523.2,462.15,-96.05,2941.5,ML_CE,STOP,,,,0.0,427.15,,,,,,,,0.62,0.66
300,2026-08-19,14:34:16,14:42:24,BANKNIFTY26AUG57200CE,CE,EXPANSION,427.15,449.65,30,609.0,-0.211,0.6964,69.6,2941.5,-2332.5,488.1,523.2,462.15,-96.05,2941.5,ML_CE,STOP,,,,0.0,427.15,,,,,,,,0.62,0.66
301,2026-08-19,14:34:16,14:42:25,BANKNIFTY26AUG57200CE,CE,EXPANSION,427.15,449.95,30,618.0,-0.214,0.6964,69.6,2941.5,-2323.5,489.3,523.2,462.15,-96.05,2941.5,ML_CE,STOP,,,,0.0,427.15,,,,,,,,0.62,0.66
302,2026-08-19,14:34:16,14:42:27,BANKNIFTY26AUG57200CE,CE,EXPANSION,427.15,450.8,30,643.5,-0.223,0.6964,69.6,2941.5,-2298.0,490.4,523.2,462.15,-96.05,2941.5,ML_CE,STOP,,,,0.0,427.15,,,,,,,,0.62,0.66
303,2026-08-19,14:34:16,14:42:28,BANKNIFTY26AUG57200CE,CE,EXPANSION,427.15,449.45,30,603.0,-0.209,0.6964,69.6,2941.5,-2338.5,491.6,523.2,462.15,-96.05,2941.5,ML_CE,STOP,,,,0.0,427.15,,,,,,,,0.62,0.66
304,2026-08-19,14:34:16,14:42:29,BANKNIFTY26AUG57200CE,CE,EXPANSION,427.15,452.7,30,700.5,-0.243,0.6964,69.6,2941.5,-2241.0,492.7,523.2,462.15,-96.05,2941.5,ML_CE,STOP,,,,0.0,427.15,,,,,,,,0.62,0.66
305,2026-08-19,14:34:16,14:42:30,BANKNIFTY26AUG57200CE,CE,EXPANSION,427.15,451.95,30,678.0,-0.235,0.6964,69.6,2941.5,-2263.5,493.8,523.2,462.15,-96.05,2941.5,ML_CE,STOP,,,,0.0,427.15,,,,,,,,0.62,0.66
306,2026-08-19,14:34:16,14:42:31,BANKNIFTY26AUG57200CE,CE,EXPANSION,427.15,452.35,30,690.0,-0.239,0.6964,69.6,2941.5,-2251.5,495.0,523.2,462.15,-96.05,2941.5,ML_CE,STOP,,,,0.0,427.15,,,,,,,,0.62,0.66
307,2026-08-19,14:34:16,14:42:32,BANKNIFTY26AUG57200CE,CE,EXPANSION,427.15,451.75,30,672.0,-0.233,0.6964,69.6,2941.5,-2269.5,496.1,523.2,462.15,-96.05,2941.5,ML_CE,STOP,,,,0.0,427.15,,,,,,,,0.62,0.66
308,2026-08-19,14:34:16,14:42:33,BANKNIFTY26AUG57200CE,CE,EXPANSION,427.15,451.85,30,675.0,-0.234,0.6964,69.6,2941.5,-2266.5,497.3,523.2,462.15,-96.05,2941.5,ML_CE,STOP,,,,0.0,427.15,,,,,,,,0.62,0.66
309,2026-08-19,14:34:16,14:42:35,BANKNIFTY26AUG57200CE,CE,EXPANSION,427.15,451.95,30,678.0,-0.235,0.6964,69.6,2941.5,-2263.5,498.4,523.2,462.15,-96.05,2941.5,ML_CE,STOP,,,,0.0,427.15,,,,,,,,0.62,0.66
310,2026-08-19,14:34:16,14:42:36,BANKNIFTY26AUG57200CE,CE,EXPANSION,427.15,450.75,30,642.0,-0.223,0.6964,69.6,2941.5,-2299.5,499.5,523.2,462.15,-96.05,2941.5,ML_CE,STOP,,,,0.0,427.15,,,,,,,,0.62,0.66
311,2026-08-19,14:34:16,14:42:37,BANKNIFTY26AUG57200CE,CE,EXPANSION,427.15,454.95,30,768.0,-0.267,0.6964,69.6,2941.5,-2173.5,500.7,523.2,462.15,-96.05,2941.5,ML_CE,STOP,,,,0.0,427.15,,,,,,,,0.62,0.66
312,2026-08-19,14:34:16,14:42:38,BANKNIFTY26AUG57200CE,CE,EXPANSION,427.15,454.55,30,756.0,-0.262,0.6964,69.6,2941.5,-2185.5,501.8,523.2,462.15,-96.05,2941.5,ML_CE,STOP,,,,0.0,427.15,,,,,,,,0.62,0.66
313,2026-08-19,14:34:16,14:42:39,BANKNIFTY26AUG57200CE,CE,EXPANSION,427.15,455.1,30,772.5,-0.268,0.6964,69.6,2941.5,-2169.0,503.0,523.2,462.15,-96.05,2941.5,ML_CE,STOP,,,,0.0,427.15,,,,,,,,0.62,0.66
314,2026-08-19,14:34:16,14:42:40,BANKNIFTY26AUG57200CE,CE,EXPANSION,427.15,455.75,30,792.0,-0.275,0.6964,69.6,2941.5,-2149.5,504.1,523.2,462.15,-96.05,2941.5,ML_CE,STOP,,,,0.0,427.15,,,,,,,,0.62,0.66
315,2026-08-19,14:34:16,14:42:41,BANKNIFTY26AUG57200CE,CE,EXPANSION,427.15,455.0,30,769.5,-0.267,0.6964,69.6,2941.5,-2172.0,505.2,523.2,462.15,-96.05,2941.5,ML_CE,STOP,,,,0.0,427.15,,,,,,,,0.62,0.66
316,2026-08-19,14:34:16,14:42:42,BANKNIFTY26AUG57200CE,CE,EXPANSION,427.15,456.9,30,826.5,-0.287,0.6964,69.6,2941.5,-2115.0,506.4,523.2,462.15,-96.05,2941.5,ML_CE,STOP,,,,0.0,427.15,,,,,,,,0.62,0.66
317,2026-08-19,14:34:16,14:42:44,BANKNIFTY26AUG57200CE,CE,EXPANSION,427.15,458.5,30,874.5,-0.303,0.6964,69.6,2941.5,-2067.0,507.5,523.2,462.15,-96.05,2941.5,ML_CE,STOP,,,,0.0,427.15,,,,,,,,0.62,0.66
318,2026-08-19,14:34:16,14:42:45,BANKNIFTY26AUG57200CE,CE,EXPANSION,427.15,458.4,30,871.5,-0.302,0.6964,69.6,2941.5,-2070.0,508.6,523.2,462.15,-96.05,2941.5,ML_CE,STOP,,,,0.0,427.15,,,,,,,,0.62,0.66
319,2026-08-19,14:34:16,14:42:46,BANKNIFTY26AUG57200CE,CE,EXPANSION,427.15,458.3,30,868.5,-0.301,0.6964,69.6,2941.5,-2073.0,509.8,523.2,462.15,-96.05,2941.5,ML_CE,STOP,,,,0.0,427.15,,,,,,,,0.62,0.66
320,2026-08-19,14:34:16,14:42:47,BANKNIFTY26AUG57200CE,CE,EXPANSION,427.15,458.4,30,871.5,-0.302,0.6964,69.6,2941.5,-2070.0,510.9,523.2,462.15,-96.05,2941.5,ML_CE,STOP,,,,0.0,427.15,,,,,,,,0.62,0.66
321,2026-08-19,14:34:16,14:42:48,BANKNIFTY26AUG57200CE,CE,EXPANSION,427.15,457.05,30,831.0,-0.288,0.6964,69.6,2941.5,-2110.5,512.1,523.2,462.15,-96.05,2941.5,ML_CE,STOP,,,,0.0,427.15,,,,,,,,0.62,0.66
322,2026-08-19,14:34:16,14:42:49,BANKNIFTY26AUG57200CE,CE,EXPANSION,427.15,458.95,30,888.0,-0.308,0.6964,69.6,2941.5,-2053.5,513.2,523.2,462.15,-96.05,2941.5,ML_CE,STOP,,,,0.0,427.15,,,,,,,,0.62,0.66
323,2026-08-19,14:34:16,14:42:51,BANKNIFTY26AUG57200CE,CE,EXPANSION,427.15,457.05,30,831.0,-0.288,0.6964,69.6,2941.5,-2110.5,514.4,523.2,462.15,-96.05,2941.5,ML_CE,STOP,,,,0.0,427.15,,,,,,,,0.62,0.66
324,2026-08-19,14:34:16,14:42:52,BANKNIFTY26AUG57200CE,CE,EXPANSION,427.15,457.05,30,831.0,-0.288,0.6964,69.6,2941.5,-2110.5,515.5,523.2,462.15,-96.05,2941.5,ML_CE,STOP,,,,0.0,427.15,,,,,,,,0.62,0.66
325,2026-08-19,14:34:16,14:42:53,BANKNIFTY26AUG57200CE,CE,EXPANSION,427.15,461.0,30,949.5,-0.33,0.6964,69.6,2941.5,-1992.0,516.7,523.2,462.15,-96.05,2941.5,ML_CE,STOP,,,,0.0,427.15,,,,,,,,0.62,0.66
326,2026-08-19,14:34:16,14:42:54,BANKNIFTY26AUG57200CE,CE,EXPANSION,427.15,463.95,30,1038.0,-0.36,0.6964,69.6,2941.5,-1903.5,517.8,523.2,462.15,-96.05,2941.5,ML_CE,STOP,,,,0.0,427.15,,,,,,,,0.62,0.66
327,2026-08-19,14:34:16,14:42:55,BANKNIFTY26AUG57200CE,CE,EXPANSION,427.15,463.05,30,1011.0,-0.351,0.6964,69.6,2941.5,-1930.5,519.0,523.2,462.15,-96.05,2941.5,ML_CE,STOP,,,,0.0,427.15,,,,,,,,0.62,0.66
328,2026-08-19,14:34:16,14:42:56,BANKNIFTY26AUG57200CE,CE,EXPANSION,427.15,464.8,30,1063.5,-0.369,0.6964,69.6,2941.5,-1878.0,520.1,523.2,462.15,-96.05,2941.5,ML_CE,STOP,,,,0.0,427.15,,,,,,,,0.62,0.66
329,2026-08-19,14:34:16,14:42:57,BANKNIFTY26AUG57200CE,CE,EXPANSION,427.15,463.55,30,1026.0,-0.356,0.6964,69.6,2941.5,-1915.5,521.3,523.2,462.15,-96.05,2941.5,ML_CE,STOP,,,,0.0,427.15,,,,,,,,0.62,0.66
330,2026-08-19,14:34:16,14:42:59,BANKNIFTY26AUG57200CE,CE,EXPANSION,427.15,463.95,30,1038.0,-0.36,0.6964,69.6,2941.5,-1903.5,522.4,523.2,462.15,-96.05,2941.5,ML_CE,STOP,,,,0.0,427.15,,,,,,,,0.62,0.66
331,2026-08-19,14:34:16,14:43:00,BANKNIFTY26AUG57200CE,CE,EXPANSION,427.15,463.35,30,1020.0,-0.354,0.6964,69.6,2941.5,-1921.5,523.6,523.2,462.15,-96.05,2941.5,ML_CE,STOP,,,,0.0,427.15,,,,,,,,0.62,0.66
332,2026-08-19,14:34:16,14:43:01,BANKNIFTY26AUG57200CE,CE,EXPANSION,427.15,464.9,30,1066.5,-0.37,0.6964,69.6,2941.5,-1875.0,524.7,523.2,462.15,-96.05,2941.5,ML_CE,STOP,,,,0.0,427.15,,,,,,,,0.62,0.66
333,2026-08-19,14:34:16,14:43:02,BANKNIFTY26AUG57200CE,CE,EXPANSION,427.15,463.95,30,1038.0,-0.36,0.6964,69.6,2941.5,-1903.5,525.9,523.2,462.15,-96.05,2941.5,ML_CE,STOP,,,,0.0,427.15,,,,,,,,0.62,0.66
334,2026-08-19,14:34:16,14:43:03,BANKNIFTY26AUG57200CE,CE,EXPANSION,427.15,467.95,30,1158.0,-0.402,0.6964,69.6,2941.5,-1783.5,527.0,523.2,462.15,-96.05,2941.5,ML_CE,STOP,,,,0.0,427.15,,,,,,,,0.62,0.66
335,2026-08-19,14:34:16,14:43:04,BANKNIFTY26AUG57200CE,CE,EXPANSION,427.15,466.05,30,1101.0,-0.382,0.6964,69.6,2941.5,-1840.5,528.1,523.2,462.15,-96.05,2941.5,ML_CE,STOP,,,,0.0,427.15,,,,,,,,0.62,0.66
336,2026-08-19,14:34:16,14:43:05,BANKNIFTY26AUG57200CE,CE,EXPANSION,427.15,465.0,30,1069.5,-0.371,0.6964,69.6,2941.5,-1872.0,529.3,523.2,462.15,-96.05,2941.5,ML_CE,STOP,,,,0.0,427.15,,,,,,,,0.62,0.66
337,2026-08-19,14:34:16,14:43:07,BANKNIFTY26AUG57200CE,CE,EXPANSION,427.15,465.45,30,1083.0,-0.376,0.6964,69.6,2941.5,-1858.5,530.4,523.2,462.15,-96.05,2941.5,ML_CE,STOP,,,,0.0,427.15,,,,,,,,0.62,0.66
338,2026-08-19,14:34:16,14:43:08,BANKNIFTY26AUG57200CE,CE,EXPANSION,427.15,464.75,30,1062.0,-0.369,0.6964,69.6,2941.5,-1879.5,531.5,523.2,462.15,-96.05,2941.5,ML_CE,STOP,,,,0.0,427.15,,,,,,,,0.62,0.66
339,2026-08-19,14:34:16,14:43:09,BANKNIFTY26AUG57200CE,CE,EXPANSION,427.15,465.0,30,1069.5,-0.371,0.6964,69.6,2941.5,-1872.0,532.7,523.2,462.15,-96.05,2941.5,ML_CE,STOP,,,,0.0,427.15,,,,,,,,0.62,0.66
340,2026-08-19,14:34:16,14:43:10,BANKNIFTY26AUG57200CE,CE,EXPANSION,427.15,464.75,30,1062.0,-0.369,0.6964,69.6,2941.5,-1879.5,533.8,523.2,462.15,-96.05,2941.5,ML_CE,STOP,,,,0.0,427.15,,,,,,,,0.62,0.66
341,2026-08-19,14:34:16,14:43:11,BANKNIFTY26AUG57200CE,CE,EXPANSION,427.15,469.0,30,1189.5,-0.413,0.6964,69.6,2941.5,-1752.0,535.0,523.2,462.15,-96.05,2941.5,ML_CE,STOP,,,,0.0,427.15,,,,,,,,0.62,0.66
342,2026-08-19,14:34:16,14:43:12,BANKNIFTY26AUG57200CE,CE,EXPANSION,427.15,469.0,30,1189.5,-0.413,0.6964,69.6,2941.5,-1752.0,536.1,523.2,462.15,-96.05,2941.5,ML_CE,STOP,,,,0.0,427.15,,,,,,,,0.62,0.66
343,2026-08-19,14:34:16,14:43:13,BANKNIFTY26AUG57200CE,CE,EXPANSION,427.15,467.65,30,1149.0,-0.399,0.6964,69.6,2941.5,-1792.5,537.3,523.2,462.15,-96.05,2941.5,ML_CE,STOP,,,,0.0,427.15,,,,,,,,0.62,0.66
344,2026-08-19,14:34:16,14:43:15,BANKNIFTY26AUG57200CE,CE,EXPANSION,427.15,469.05,30,1191.0,-0.413,0.6964,69.6,2941.5,-1750.5,538.4,523.2,462.15,-96.05,2941.5,ML_CE,STOP,,,,0.0,427.15,,,,,,,,0.62,0.66
345,2026-08-19,14:34:16,14:43:16,BANKNIFTY26AUG57200CE,CE,EXPANSION,427.15,469.95,30,1218.0,-0.423,0.6964,69.6,2941.5,-1723.5,539.5,523.2,462.15,-96.05,2941.5,ML_CE,STOP,,,,0.0,427.15,,,,,,,,0.62,0.66
346,2026-08-19,14:34:16,14:43:17,BANKNIFTY26AUG57200CE,CE,EXPANSION,427.15,470.0,30,1219.5,-0.423,0.6964,69.6,2941.5,-1722.0,540.7,523.2,462.15,-96.05,2941.5,ML_CE,STOP,,,,0.0,427.15,,,,,,,,0.62,0.66
347,2026-08-19,14:34:16,14:43:18,BANKNIFTY26AUG57200CE,CE,EXPANSION,427.15,469.65,30,1209.0,-0.42,0.6964,69.6,2941.5,-1732.5,541.8,523.2,462.15,-96.05,2941.5,ML_CE,STOP,,,,0.0,427.15,,,,,,,,0.62,0.66
348,2026-08-19,14:34:16,14:43:19,BANKNIFTY26AUG57200CE,CE,EXPANSION,427.15,470.0,30,1219.5,-0.423,0.6964,69.6,2941.5,-1722.0,542.9,523.2,462.15,-96.05,2941.5,ML_CE,STOP,,,,0.0,427.15,,,,,,,,0.62,0.66
349,2026-08-19,14:34:16,14:43:20,BANKNIFTY26AUG57200CE,CE,EXPANSION,427.15,471.85,30,1275.0,-0.442,0.6964,69.6,2941.5,-1666.5,544.1,523.2,462.15,-96.05,2941.5,ML_CE,STOP,,,,0.0,427.15,,,,,,,,0.62,0.66
350,2026-08-19,14:34:16,14:43:21,BANKNIFTY26AUG57200CE,CE,EXPANSION,427.15,471.9,30,1276.5,-0.443,0.6964,69.6,2941.5,-1665.0,545.2,523.2,462.15,-96.05,2941.5,ML_CE,STOP,,,,0.0,427.15,,,,,,,,0.62,0.66
351,2026-08-19,14:34:16,14:43:22,BANKNIFTY26AUG57200CE,CE,EXPANSION,427.15,470.55,30,1236.0,-0.429,0.6964,69.6,2941.5,-1705.5,546.4,523.2,462.15,-96.05,2941.5,ML_CE,STOP,,,,0.0,427.15,,,,,,,,0.62,0.66
352,2026-08-19,14:34:16,14:43:24,BANKNIFTY26AUG57200CE,CE,EXPANSION,427.15,472.0,30,1279.5,-0.444,0.6964,69.6,2941.5,-1662.0,547.5,523.2,462.15,-96.05,2941.5,ML_CE,STOP,,,,0.0,427.15,,,,,,,,0.62,0.66
353,2026-08-19,14:34:16,14:43:25,BANKNIFTY26AUG57200CE,CE,EXPANSION,427.15,471.5,30,1264.5,-0.439,0.6964,69.6,2941.5,-1677.0,548.6,523.2,462.15,-96.05,2941.5,ML_CE,STOP,,,,0.0,427.15,,,,,,,,0.62,0.66
354,2026-08-19,14:34:16,14:43:26,BANKNIFTY26AUG57200CE,CE,EXPANSION,427.15,471.0,30,1249.5,-0.434,0.6964,69.6,2941.5,-1692.0,549.8,523.2,462.15,-96.05,2941.5,ML_CE,STOP,,,,0.0,427.15,,,,,,,,0.62,0.66
355,2026-08-19,14:34:16,14:43:27,BANKNIFTY26AUG57200CE,CE,EXPANSION,427.15,470.65,30,1239.0,-0.43,0.6964,69.6,2941.5,-1702.5,550.9,523.2,462.15,-96.05,2941.5,ML_CE,STOP,,,,0.0,427.15,,,,,,,,0.62,0.66
356,2026-08-19,14:34:16,14:43:28,BANKNIFTY26AUG57200CE,CE,EXPANSION,427.15,471.65,30,1269.0,-0.44,0.6964,69.6,2941.5,-1672.5,552.1,523.2,462.15,-96.05,2941.5,ML_CE,STOP,,,,0.0,427.15,,,,,,,,0.62,0.66
357,2026-08-19,14:34:16,14:43:29,BANKNIFTY26AUG57200CE,CE,EXPANSION,427.15,470.25,30,1227.0,-0.426,0.6964,69.6,2941.5,-1714.5,553.2,523.2,462.15,-96.05,2941.5,ML_CE,STOP,,,,0.0,427.15,,,,,,,,0.62,0.66
358,2026-08-19,14:34:16,14:43:30,BANKNIFTY26AUG57200CE,CE,EXPANSION,427.15,470.85,30,1245.0,-0.432,0.6964,69.6,2941.5,-1696.5,554.3,523.2,462.15,-96.05,2941.5,ML_CE,STOP,,,,0.0,427.15,,,,,,,,0.62,0.66
359,2026-08-19,14:34:16,14:43:32,BANKNIFTY26AUG57200CE,CE,EXPANSION,427.15,469.65,30,1209.0,-0.42,0.6964,69.6,2941.5,-1732.5,555.5,523.2,462.15,-96.05,2941.5,ML_CE,STOP,,,,0.0,427.15,,,,,,,,0.62,0.66
360,2026-08-19,14:34:16,14:43:33,BANKNIFTY26AUG57200CE,CE,EXPANSION,427.15,470.05,30,1221.0,-0.424,0.6964,69.6,2941.5,-1720.5,556.6,523.2,462.15,-96.05,2941.5,ML_CE,STOP,,,,0.0,427.15,,,,,,,,0.62,0.66
361,2026-08-19,14:34:16,14:43:34,BANKNIFTY26AUG57200CE,CE,EXPANSION,427.15,469.0,30,1189.5,-0.413,0.6964,69.6,2941.5,-1752.0,557.8,523.2,462.15,-96.05,2941.5,ML_CE,STOP,,,,0.0,427.15,,,,,,,,0.62,0.66
362,2026-08-19,14:34:16,14:43:35,BANKNIFTY26AUG57200CE,CE,EXPANSION,427.15,467.25,30,1137.0,-0.395,0.6964,69.6,2941.5,-1804.5,558.9,523.2,462.15,-96.05,2941.5,ML_CE,STOP,,,,0.0,427.15,,,,,,,,0.62,0.66
363,2026-08-19,14:34:16,14:43:36,BANKNIFTY26AUG57200CE,CE,EXPANSION,427.15,469.05,30,1191.0,-0.413,0.6964,69.6,2941.5,-1750.5,560.1,523.2,462.15,-96.05,2941.5,ML_CE,STOP,,,,0.0,427.15,,,,,,,,0.62,0.66
364,2026-08-19,14:34:16,14:43:37,BANKNIFTY26AUG57200CE,CE,EXPANSION,427.15,468.85,30,1185.0,-0.411,0.6964,69.6,2941.5,-1756.5,561.2,523.2,462.15,-96.05,2941.5,ML_CE,STOP,,,,0.0,427.15,,,,,,,,0.62,0.66
365,2026-08-19,14:34:16,14:43:38,BANKNIFTY26AUG57200CE,CE,EXPANSION,427.15,470.6,30,1237.5,-0.429,0.6964,69.6,2941.5,-1704.0,562.4,523.2,462.15,-96.05,2941.5,ML_CE,STOP,,,,0.0,427.15,,,,,,,,0.62,0.66
366,2026-08-19,14:34:16,14:43:40,BANKNIFTY26AUG57200CE,CE,EXPANSION,427.15,469.3,30,1198.5,-0.416,0.6964,69.6,2941.5,-1743.0,563.5,523.2,462.15,-96.05,2941.5,ML_CE,STOP,,,,0.0,427.15,,,,,,,,0.62,0.66
367,2026-08-19,14:34:16,14:43:41,BANKNIFTY26AUG57200CE,CE,EXPANSION,427.15,469.95,30,1218.0,-0.423,0.6964,69.6,2941.5,-1723.5,564.7,523.2,462.15,-96.05,2941.5,ML_CE,STOP,,,,0.0,427.15,,,,,,,,0.62,0.66
368,2026-08-19,14:34:16,14:43:42,BANKNIFTY26AUG57200CE,CE,EXPANSION,427.15,468.65,30,1179.0,-0.409,0.6964,69.6,2941.5,-1762.5,565.8,523.2,462.15,-96.05,2941.5,ML_CE,STOP,,,,0.0,427.15,,,,,,,,0.62,0.66
369,2026-08-19,14:34:16,14:43:43,BANKNIFTY26AUG57200CE,CE,EXPANSION,427.15,470.25,30,1227.0,-0.426,0.6964,69.6,2941.5,-1714.5,567.0,523.2,462.15,-96.05,2941.5,ML_CE,STOP,,,,0.0,427.15,,,,,,,,0.62,0.66
370,2026-08-19,14:34:16,14:43:44,BANKNIFTY26AUG57200CE,CE,EXPANSION,427.15,471.75,30,1272.0,-0.441,0.6964,69.6,2941.5,-1669.5,568.1,523.2,462.15,-96.05,2941.5,ML_CE,STOP,,,,0.0,427.15,,,,,,,,0.62,0.66
371,2026-08-19,14:34:16,14:43:45,BANKNIFTY26AUG57200CE,CE,EXPANSION,427.15,470.55,30,1236.0,-0.429,0.6964,69.6,2941.5,-1705.5,569.3,523.2,462.15,-96.05,2941.5,ML_CE,STOP,,,,0.0,427.15,,,,,,,,0.62,0.66
372,2026-08-19,14:34:16,14:43:47,BANKNIFTY26AUG57200CE,CE,EXPANSION,427.15,470.1,30,1222.5,-0.424,0.6964,69.6,2941.5,-1719.0,570.4,523.2,462.15,-96.05,2941.5,ML_CE,STOP,,,,0.0,427.15,,,,,,,,0.62,0.66
373,2026-08-19,14:34:16,14:43:48,BANKNIFTY26AUG57200CE,CE,EXPANSION,427.15,472.35,30,1290.0,-0.448,0.6964,69.6,2941.5,-1651.5,571.6,523.2,462.15,-96.05,2941.5,ML_CE,STOP,,,,0.0,427.15,,,,,,,,0.62,0.66
374,2026-08-19,14:34:16,14:43:49,BANKNIFTY26AUG57200CE,CE,EXPANSION,427.15,472.35,30,1290.0,-0.448,0.6964,69.6,2941.5,-1651.5,572.7,523.2,462.15,-96.05,2941.5,ML_CE,STOP,,,,0.0,427.15,,,,,,,,0.62,0.66
375,2026-08-19,14:34:16,14:43:50,BANKNIFTY26AUG57200CE,CE,EXPANSION,427.15,473.0,30,1309.5,-0.454,0.6964,69.6,2941.5,-1632.0,573.9,523.2,462.15,-96.05,2941.5,ML_CE,STOP,,,,0.0,427.15,,,,,,,,0.62,0.66
376,2026-08-19,14:34:16,14:43:51,BANKNIFTY26AUG57200CE,CE,EXPANSION,427.15,476.85,30,1425.0,-0.495,0.6964,69.6,2941.5,-1516.5,575.0,523.2,462.15,-96.05,2941.5,ML_CE,STOP,,,,0.0,427.15,,,,,,,,0.62,0.66
377,2026-08-19,14:34:16,14:43:52,BANKNIFTY26AUG57200CE,CE,EXPANSION,427.15,477.65,30,1449.0,-0.503,0.6964,69.6,2941.5,-1492.5,576.2,523.2,462.15,-96.05,2941.5,ML_CE,STOP,,,,0.0,427.15,,,,,,,,0.62,0.66
378,2026-08-19,14:34:16,14:43:54,BANKNIFTY26AUG57200CE,CE,EXPANSION,427.15,474.75,30,1362.0,-0.473,0.6964,69.6,2941.5,-1579.5,577.4,523.2,462.15,-96.05,2941.5,ML_CE,STOP,,,,0.0,427.15,,,,,,,,0.62,0.66
379,2026-08-19,14:34:16,14:43:55,BANKNIFTY26AUG57200CE,CE,EXPANSION,427.15,475.05,30,1371.0,-0.476,0.6964,69.6,2941.5,-1570.5,578.6,523.2,462.15,-96.05,2941.5,ML_CE,STOP,,,,0.0,427.15,,,,,,,,0.62,0.66
380,2026-08-19,14:34:16,14:43:56,BANKNIFTY26AUG57200CE,CE,EXPANSION,427.15,478.0,30,1459.5,-0.507,0.6964,69.6,2941.5,-1482.0,579.7,523.2,462.15,-96.05,2941.5,ML_CE,STOP,,,,0.0,427.15,,,,,,,,0.62,0.66
381,2026-08-19,14:34:16,14:43:57,BANKNIFTY26AUG57200CE,CE,EXPANSION,427.15,477.6,30,1447.5,-0.502,0.6964,69.6,2941.5,-1494.0,580.9,523.2,462.15,-96.05,2941.5,ML_CE,STOP,,,,0.0,427.15,,,,,,,,0.62,0.66
382,2026-08-19,14:34:16,14:43:58,BANKNIFTY26AUG57200CE,CE,EXPANSION,427.15,478.85,30,1485.0,-0.515,0.6964,69.6,2941.5,-1456.5,582.0,523.2,462.15,-96.05,2941.5,ML_CE,STOP,,,,0.0,427.15,,,,,,,,0.62,0.66
383,2026-08-19,14:34:16,14:43:59,BANKNIFTY26AUG57200CE,CE,EXPANSION,427.15,477.7,30,1450.5,-0.503,0.6964,69.6,2941.5,-1491.0,583.2,523.2,462.15,-96.05,2941.5,ML_CE,STOP,,,,0.0,427.15,,,,,,,,0.62,0.66
384,2026-08-19,14:34:16,14:44:00,BANKNIFTY26AUG57200CE,CE,EXPANSION,427.15,477.6,30,1447.5,-0.502,0.6964,69.6,2941.5,-1494.0,584.3,523.2,462.15,-96.05,2941.5,ML_CE,STOP,,,,0.0,427.15,,,,,,,,0.62,0.66
385,2026-08-19,14:34:16,14:44:02,BANKNIFTY26AUG57200CE,CE,EXPANSION,427.15,477.95,30,1458.0,-0.506,0.6964,69.6,2941.5,-1483.5,585.5,523.2,462.15,-96.05,2941.5,ML_CE,STOP,,,,0.0,427.15,,,,,,,,0.62,0.66
386,2026-08-19,14:34:16,14:44:03,BANKNIFTY26AUG57200CE,CE,EXPANSION,427.15,478.0,30,1459.5,-0.507,0.6964,69.6,2941.5,-1482.0,586.6,523.2,462.15,-96.05,2941.5,ML_CE,STOP,,,,0.0,427.15,,,,,,,,0.62,0.66
387,2026-08-19,14:34:16,14:44:04,BANKNIFTY26AUG57200CE,CE,EXPANSION,427.15,479.0,30,1489.5,-0.517,0.6964,69.6,2941.5,-1452.0,587.7,523.2,462.15,-96.05,2941.5,ML_CE,STOP,,,,0.0,427.15,,,,,,,,0.62,0.66
388,2026-08-19,14:34:16,14:44:05,BANKNIFTY26AUG57200CE,CE,EXPANSION,427.15,482.25,30,1587.0,-0.551,0.6964,69.6,2941.5,-1354.5,588.9,523.2,462.15,-96.05,2941.5,ML_CE,STOP,,,,0.0,427.15,,,,,,,,0.62,0.66
389,2026-08-19,14:34:16,14:44:06,BANKNIFTY26AUG57200CE,CE,EXPANSION,427.15,481.0,30,1549.5,-0.538,0.6964,69.6,2941.5,-1392.0,590.0,523.2,462.15,-96.05,2941.5,ML_CE,STOP,,,,0.0,427.15,,,,,,,,0.62,0.66
390,2026-08-19,14:34:16,14:44:07,BANKNIFTY26AUG57200CE,CE,EXPANSION,427.15,480.85,30,1545.0,-0.536,0.6964,69.6,2941.5,-1396.5,591.2,523.2,462.15,-96.05,2941.5,ML_CE,STOP,,,,0.0,427.15,,,,,,,,0.62,0.66
391,2026-08-19,14:34:16,14:44:08,BANKNIFTY26AUG57200CE,CE,EXPANSION,427.15,481.55,30,1566.0,-0.543,0.6964,69.6,2941.5,-1375.5,592.3,523.2,462.15,-96.05,2941.5,ML_CE,STOP,,,,0.0,427.15,,,,,,,,0.62,0.66
392,2026-08-19,14:34:16,14:44:10,BANKNIFTY26AUG57200CE,CE,EXPANSION,427.15,480.65,30,1539.0,-0.534,0.6964,69.6,2941.5,-1402.5,593.5,523.2,462.15,-96.05,2941.5,ML_CE,STOP,,,,0.0,427.15,,,,,,,,0.62,0.66
393,2026-08-19,14:34:16,14:44:11,BANKNIFTY26AUG57200CE,CE,EXPANSION,427.15,479.7,30,1510.5,-0.524,0.6964,69.6,2941.5,-1431.0,594.6,523.2,462.15,-96.05,2941.5,ML_CE,STOP,,,,0.0,427.15,,,,,,,,0.62,0.66
394,2026-08-19,14:34:16,14:44:12,BANKNIFTY26AUG57200CE,CE,EXPANSION,427.15,482.4,30,1591.5,-0.552,0.6964,69.6,2941.5,-1350.0,595.8,523.2,462.15,-96.05,2941.5,ML_CE,STOP,,,,0.0,427.15,,,,,,,,0.62,0.66
395,2026-08-19,14:34:16,14:44:13,BANKNIFTY26AUG57200CE,CE,EXPANSION,427.15,481.15,30,1554.0,-0.539,0.6964,69.6,2941.5,-1387.5,596.9,523.2,462.15,-96.05,2941.5,ML_CE,STOP,,,,0.0,427.15,,,,,,,,0.62,0.66
396,2026-08-19,14:34:16,14:44:14,BANKNIFTY26AUG57200CE,CE,EXPANSION,427.15,480.65,30,1539.0,-0.534,0.6964,69.6,2941.5,-1402.5,598.0,523.2,462.15,-96.05,2941.5,ML_CE,STOP,,,,0.0,427.15,,,,,,,,0.62,0.66
397,2026-08-19,14:34:16,14:44:15,BANKNIFTY26AUG57200CE,CE,EXPANSION,427.15,481.05,30,1551.0,-0.538,0.6964,69.6,2941.5,-1390.5,599.2,523.2,462.15,-96.05,2941.5,ML_CE,STOP,,,,0.0,427.15,,,,,,,,0.62,0.66
398,2026-08-19,14:34:16,14:44:17,BANKNIFTY26AUG57200CE,CE,EXPANSION,427.15,475.0,30,1369.5,-0.475,0.6964,69.6,2941.5,-1572.0,600.4,523.2,462.15,-96.05,2941.5,ML_CE,STOP,,,,0.0,427.15,,,,,,,,0.62,0.66
399,2026-08-19,14:34:16,14:44:18,BANKNIFTY26AUG57200CE,CE,EXPANSION,427.15,474.55,30,1356.0,-0.471,0.6964,69.6,2941.5,-1585.5,601.6,523.2,462.15,-96.05,2941.5,ML_CE,STOP,,,,0.0,427.15,,,,,,,,0.62,0.66
400,2026-08-19,14:34:16,14:44:19,BANKNIFTY26AUG57200CE,CE,EXPANSION,427.15,472.8,30,1303.5,-0.452,0.6964,69.6,2941.5,-1638.0,602.7,523.2,462.15,-96.05,2941.5,ML_CE,STOP,,,,0.0,427.15,,,,,,,,0.62,0.66
401,2026-08-19,14:34:16,14:44:20,BANKNIFTY26AUG57200CE,CE,EXPANSION,427.15,473.15,30,1314.0,-0.456,0.6964,69.6,2941.5,-1627.5,603.9,523.2,462.15,-96.05,2941.5,ML_CE,STOP,,,,0.0,427.15,,,,,,,,0.62,0.66
402,2026-08-19,14:34:16,14:44:21,BANKNIFTY26AUG57200CE,CE,EXPANSION,427.15,472.5,30,1294.5,-0.449,0.6964,69.6,2941.5,-1647.0,605.0,523.2,462.15,-96.05,2941.5,ML_CE,STOP,,,,0.0,427.15,,,,,,,,0.62,0.66
403,2026-08-19,14:34:16,14:44:22,BANKNIFTY26AUG57200CE,CE,EXPANSION,427.15,468.4,30,1171.5,-0.407,0.6964,69.6,2941.5,-1770.0,606.1,523.2,462.15,-96.05,2941.5,ML_CE,STOP,,,,0.0,427.15,,,,,,,,0.62,0.66
404,2026-08-19,14:34:16,14:44:23,BANKNIFTY26AUG57200CE,CE,EXPANSION,427.15,467.65,30,1149.0,-0.399,0.6964,69.6,2941.5,-1792.5,607.3,523.2,462.15,-96.05,2941.5,ML_CE,STOP,,,,0.0,427.15,,,,,,,,0.62,0.66
405,2026-08-19,14:34:16,14:44:25,BANKNIFTY26AUG57200CE,CE,EXPANSION,427.15,463.65,30,1029.0,-0.357,0.6964,69.6,2941.5,-1912.5,608.4,523.2,462.15,-96.05,2941.5,ML_CE,STOP,,,,0.0,427.15,,,,,,,,0.62,0.66
406,2026-08-19,14:34:16,14:44:26,BANKNIFTY26AUG57200CE,CE,EXPANSION,427.15,464.75,30,1062.0,-0.369,0.6964,69.6,2941.5,-1879.5,609.6,523.2,462.15,-96.05,2941.5,ML_CE,STOP,,,,0.0,427.15,,,,,,,,0.62,0.66
407,2026-08-19,14:34:16,14:44:27,BANKNIFTY26AUG57200CE,CE,EXPANSION,427.15,463.25,30,1017.0,-0.353,0.6964,69.6,2941.5,-1924.5,610.7,523.2,462.15,-96.05,2941.5,ML_CE,STOP,,,,0.0,427.15,,,,,,,,0.62,0.66
408,2026-08-19,14:34:16,14:44:28,BANKNIFTY26AUG57200CE,CE,EXPANSION,427.15,465.05,30,1071.0,-0.372,0.6964,69.6,2941.5,-1870.5,611.9,523.2,462.15,-96.05,2941.5,ML_CE,STOP,,,,0.0,427.15,,,,,,,,0.62,0.66
409,2026-08-19,14:34:16,14:44:29,BANKNIFTY26AUG57200CE,CE,EXPANSION,427.15,465.2,30,1075.5,-0.373,0.6964,69.6,2941.5,-1866.0,613.0,523.2,462.15,-96.05,2941.5,ML_CE,STOP,,,,0.0,427.15,,,,,,,,0.62,0.66
410,2026-08-19,14:34:16,14:44:30,BANKNIFTY26AUG57200CE,CE,EXPANSION,427.15,465.9,30,1096.5,-0.381,0.6964,69.6,2941.5,-1845.0,614.2,523.2,462.15,-96.05,2941.5,ML_CE,STOP,,,,0.0,427.15,,,,,,,,0.62,0.66
411,2026-08-19,14:34:16,14:44:31,BANKNIFTY26AUG57200CE,CE,EXPANSION,427.15,466.95,30,1128.0,-0.391,0.6964,69.6,2941.5,-1813.5,615.3,523.2,462.15,-96.05,2941.5,ML_CE,STOP,,,,0.0,427.15,,,,,,,,0.62,0.66
412,2026-08-19,14:34:16,14:44:33,BANKNIFTY26AUG57200CE,CE,EXPANSION,427.15,461.85,30,975.0,-0.338,0.6964,69.6,2941.5,-1966.5,616.5,523.2,462.15,-96.05,2941.5,ML_CE,STOP,,,,0.0,427.15,,,,,,,,0.62,0.66
413,2026-08-19,14:34:16,14:44:34,BANKNIFTY26AUG57200CE,CE,EXPANSION,427.15,461.0,30,949.5,-0.33,0.6964,69.6,2941.5,-1992.0,617.6,523.2,462.15,-96.05,2941.5,ML_CE,STOP,,,,0.0,427.15,,,,,,,,0.62,0.66
414,2026-08-19,14:34:16,14:44:35,BANKNIFTY26AUG57200CE,CE,EXPANSION,427.15,465.05,30,1071.0,-0.372,0.6964,69.6,2941.5,-1870.5,618.8,523.2,462.15,-96.05,2941.5,ML_CE,STOP,,,,0.0,427.15,,,,,,,,0.62,0.66
415,2026-08-19,14:34:16,14:44:36,BANKNIFTY26AUG57200CE,CE,EXPANSION,427.15,463.8,30,1033.5,-0.359,0.6964,69.6,2941.5,-1908.0,619.9,523.2,462.15,-96.05,2941.5,ML_CE,STOP,,,,0.0,427.15,,,,,,,,0.62,0.66
416,2026-08-19,14:34:16,14:44:37,BANKNIFTY26AUG57200CE,CE,EXPANSION,427.15,464.6,30,1057.5,-0.367,0.6964,69.6,2941.5,-1884.0,621.0,523.2,462.15,-96.05,2941.5,ML_CE,STOP,,,,0.0,427.15,,,,,,,,0.62,0.66
417,2026-08-19,14:34:16,14:44:38,BANKNIFTY26AUG57200CE,CE,EXPANSION,427.15,465.45,30,1083.0,-0.376,0.6964,69.6,2941.5,-1858.5,622.2,523.2,462.15,-96.05,2941.5,ML_CE,STOP,,,,0.0,427.15,,,,,,,,0.62,0.66
418,2026-08-19,14:34:16,14:44:39,BANKNIFTY26AUG57200CE,CE,EXPANSION,427.15,466.95,30,1128.0,-0.391,0.6964,69.6,2941.5,-1813.5,623.3,523.2,462.15,-96.05,2941.5,ML_CE,STOP,,,,0.0,427.15,,,,,,,,0.62,0.66
419,2026-08-19,14:34:16,14:44:41,BANKNIFTY26AUG57200CE,CE,EXPANSION,427.15,465.5,30,1084.5,-0.376,0.6964,69.6,2941.5,-1857.0,624.5,523.2,462.15,-96.05,2941.5,ML_CE,STOP,,,,0.0,427.15,,,,,,,,0.62,0.66
420,2026-08-19,14:34:16,14:44:42,BANKNIFTY26AUG57200CE,CE,EXPANSION,427.15,465.9,30,1096.5,-0.381,0.6964,69.6,2941.5,-1845.0,625.6,523.2,462.15,-96.05,2941.5,ML_CE,STOP,,,,0.0,427.15,,,,,,,,0.62,0.66
421,2026-08-19,14:34:16,14:44:43,BANKNIFTY26AUG57200CE,CE,EXPANSION,427.15,464.75,30,1062.0,-0.369,0.6964,69.6,2941.5,-1879.5,626.7,523.2,462.15,-96.05,2941.5,ML_CE,STOP,,,,0.0,427.15,,,,,,,,0.62,0.66
422,2026-08-19,14:34:16,14:44:44,BANKNIFTY26AUG57200CE,CE,EXPANSION,427.15,459.9,30,916.5,-0.318,0.6964,69.6,2941.5,-2025.0,627.9,523.2,462.15,-96.05,2941.5,ML_CE,STOP,,,,0.0,427.15,,,,,,,,0.62,0.66
423,2026-08-19,14:34:16,14:44:45,BANKNIFTY26AUG57200CE,CE,EXPANSION,427.15,459.6,30,907.5,-0.315,0.6964,69.6,2941.5,-2034.0,629.0,523.2,462.15,-96.05,2941.5,ML_CE,STOP,,,,0.0,427.15,,,,,,,,0.62,0.66
424,2026-08-19,14:34:16,14:44:46,BANKNIFTY26AUG57200CE,CE,EXPANSION,427.15,457.0,30,829.5,-0.288,0.6964,69.6,2941.5,-2112.0,630.2,523.2,462.15,-96.05,2941.5,ML_CE,STOP,,,,0.0,427.15,,,,,,,,0.62,0.66
425,2026-08-19,14:34:16,14:44:47,BANKNIFTY26AUG57200CE,CE,EXPANSION,427.15,457.05,30,831.0,-0.288,0.6964,69.6,2941.5,-2110.5,631.3,523.2,462.15,-96.05,2941.5,ML_CE,STOP,,,,0.0,427.15,,,,,,,,0.62,0.66
426,2026-08-19,14:34:16,14:44:49,BANKNIFTY26AUG57200CE,CE,EXPANSION,427.15,457.6,30,847.5,-0.294,0.6964,69.6,2941.5,-2094.0,632.4,523.2,462.15,-96.05,2941.5,ML_CE,STOP,,,,0.0,427.15,,,,,,,,0.62,0.66
427,2026-08-19,14:34:16,14:44:50,BANKNIFTY26AUG57200CE,CE,EXPANSION,427.15,461.35,30,960.0,-0.333,0.6964,69.6,2941.5,-1981.5,633.6,523.2,462.15,-96.05,2941.5,ML_CE,STOP,,,,0.0,427.15,,,,,,,,0.62,0.66
428,2026-08-19,14:34:16,14:44:51,BANKNIFTY26AUG57200CE,CE,EXPANSION,427.15,460.65,30,939.0,-0.326,0.6964,69.6,2941.5,-2002.5,634.7,523.2,462.15,-96.05,2941.5,ML_CE,STOP,,,,0.0,427.15,,,,,,,,0.62,0.66
429,2026-08-19,14:34:16,14:44:52,BANKNIFTY26AUG57200CE,CE,EXPANSION,427.15,461.2,30,955.5,-0.332,0.6964,69.6,2941.5,-1986.0,635.8,523.2,462.15,-96.05,2941.5,ML_CE,STOP,,,,0.0,427.15,,,,,,,,0.62,0.66
430,2026-08-19,14:34:16,14:44:53,BANKNIFTY26AUG57200CE,CE,EXPANSION,427.15,461.45,30,963.0,-0.334,0.6964,69.6,2941.5,-1978.5,637.0,523.2,462.15,-96.05,2941.5,ML_CE,STOP,,,,0.0,427.15,,,,,,,,0.62,0.66
431,2026-08-19,14:34:16,14:44:54,BANKNIFTY26AUG57200CE,CE,EXPANSION,427.15,462.95,30,1008.0,-0.35,0.6964,69.6,2941.5,-1933.5,638.1,523.2,462.15,-96.05,2941.5,ML_CE,STOP,,,,0.0,427.15,,,,,,,,0.62,0.66
432,2026-08-19,14:34:16,14:44:55,BANKNIFTY26AUG57200CE,CE,EXPANSION,427.15,465.9,30,1096.5,-0.381,0.6964,69.6,2941.5,-1845.0,639.3,523.2,462.15,-96.05,2941.5,ML_CE,STOP,,,,0.0,427.15,,,,,,,,0.62,0.66
433,2026-08-19,14:34:16,14:44:57,BANKNIFTY26AUG57200CE,CE,EXPANSION,427.15,467.0,30,1129.5,-0.392,0.6964,69.6,2941.5,-1812.0,640.4,523.2,462.15,-96.05,2941.5,ML_CE,STOP,,,,0.0,427.15,,,,,,,,0.62,0.66
434,2026-08-19,14:34:16,14:44:58,BANKNIFTY26AUG57200CE,CE,EXPANSION,427.15,468.85,30,1185.0,-0.411,0.6964,69.6,2941.5,-1756.5,641.6,523.2,462.15,-96.05,2941.5,ML_CE,STOP,,,,0.0,427.15,,,,,,,,0.62,0.66
435,2026-08-19,14:34:16,14:44:59,BANKNIFTY26AUG57200CE,CE,EXPANSION,427.15,469.1,30,1192.5,-0.414,0.6964,69.6,2941.5,-1749.0,642.7,523.2,462.15,-96.05,2941.5,ML_CE,STOP,,,,0.0,427.15,,,,,,,,0.62,0.66
436,2026-08-19,14:34:16,14:45:00,BANKNIFTY26AUG57200CE,CE,EXPANSION,427.15,468.1,30,1162.5,-0.403,0.6964,69.6,2941.5,-1779.0,643.8,523.2,462.15,-96.05,2941.5,ML_CE,STOP,,,,0.0,427.15,,,,,,,,0.62,0.66
437,2026-08-19,14:34:16,14:45:01,BANKNIFTY26AUG57200CE,CE,EXPANSION,427.15,467.8,30,1153.5,-0.4,0.6964,69.6,2941.5,-1788.0,645.0,523.2,462.15,-96.05,2941.5,ML_CE,STOP,,,,0.0,427.15,,,,,,,,0.62,0.66
438,2026-08-19,14:34:16,14:45:02,BANKNIFTY26AUG57200CE,CE,EXPANSION,427.15,464.7,30,1060.5,-0.368,0.6964,69.6,2941.5,-1881.0,646.1,523.2,462.15,-96.05,2941.5,ML_CE,STOP,,,,0.0,427.15,,,,,,,,0.62,0.66
439,2026-08-19,14:34:16,14:45:03,BANKNIFTY26AUG57200CE,CE,EXPANSION,427.15,464.7,30,1060.5,-0.368,0.6964,69.6,2941.5,-1881.0,647.3,523.2,462.15,-96.05,2941.5,ML_CE,STOP,,,,0.0,427.15,,,,,,,,0.62,0.66
440,2026-08-19,14:34:16,14:45:05,BANKNIFTY26AUG57200CE,CE,EXPANSION,427.15,464.7,30,1060.5,-0.368,0.6964,69.6,2941.5,-1881.0,648.4,523.2,462.15,-96.05,2941.5,ML_CE,STOP,,,,0.0,427.15,,,,,,,,0.62,0.66
441,2026-08-19,14:34:16,14:45:06,BANKNIFTY26AUG57200CE,CE,EXPANSION,427.15,465.35,30,1080.0,-0.375,0.6964,69.6,2941.5,-1861.5,649.6,523.2,462.15,-96.05,2941.5,ML_CE,STOP,,,,0.0,427.15,,,,,,,,0.62,0.66
442,2026-08-19,14:34:16,14:45:07,BANKNIFTY26AUG57200CE,CE,EXPANSION,427.15,466.0,30,1099.5,-0.382,0.6964,69.6,2941.5,-1842.0,650.7,523.2,462.15,-96.05,2941.5,ML_CE,STOP,,,,0.0,427.15,,,,,,,,0.62,0.66
443,2026-08-19,14:34:16,14:45:08,BANKNIFTY26AUG57200CE,CE,EXPANSION,427.15,465.0,30,1069.5,-0.371,0.6964,69.6,2941.5,-1872.0,651.8,523.2,462.15,-96.05,2941.5,ML_CE,STOP,,,,0.0,427.15,,,,,,,,0.62,0.66
444,2026-08-19,14:34:16,14:45:09,BANKNIFTY26AUG57200CE,CE,EXPANSION,427.15,465.25,30,1077.0,-0.374,0.6964,69.6,2941.5,-1864.5,653.0,523.2,462.15,-96.05,2941.5,ML_CE,STOP,,,,0.0,427.15,,,,,,,,0.62,0.66
445,2026-08-19,14:34:16,14:45:10,BANKNIFTY26AUG57200CE,CE,EXPANSION,427.15,466.0,30,1099.5,-0.382,0.6964,69.6,2941.5,-1842.0,654.1,523.2,462.15,-96.05,2941.5,ML_CE,STOP,,,,0.0,427.15,,,,,,,,0.62,0.66
446,2026-08-19,14:34:16,14:45:11,BANKNIFTY26AUG57200CE,CE,EXPANSION,427.15,466.0,30,1099.5,-0.382,0.6964,69.6,2941.5,-1842.0,655.3,523.2,462.15,-96.05,2941.5,ML_CE,STOP,,,,0.0,427.15,,,,,,,,0.62,0.66
447,2026-08-19,14:34:16,14:45:13,BANKNIFTY26AUG57200CE,CE,EXPANSION,427.15,466.0,30,1099.5,-0.382,0.6964,69.6,2941.5,-1842.0,656.4,523.2,462.15,-96.05,2941.5,ML_CE,STOP,,,,0.0,427.15,,,,,,,,0.62,0.66
448,2026-08-19,14:34:16,14:45:14,BANKNIFTY26AUG57200CE,CE,EXPANSION,427.15,469.5,30,1204.5,-0.418,0.6964,69.6,2941.5,-1737.0,657.6,523.2,462.15,-96.05,2941.5,ML_CE,STOP,,,,0.0,427.15,,,,,,,,0.62,0.66
449,2026-08-19,14:34:16,14:45:15,BANKNIFTY26AUG57200CE,CE,EXPANSION,427.15,471.85,30,1275.0,-0.442,0.6964,69.6,2941.5,-1666.5,658.7,523.2,462.15,-96.05,2941.5,ML_CE,STOP,,,,0.0,427.15,,,,,,,,0.62,0.66
450,2026-08-19,14:34:16,14:45:16,BANKNIFTY26AUG57200CE,CE,EXPANSION,427.15,473.7,30,1330.5,-0.462,0.6964,69.6,2941.5,-1611.0,659.8,523.2,462.15,-96.05,2941.5,ML_CE,STOP,,,,0.0,427.15,,,,,,,,0.62,0.66
451,2026-08-19,14:34:16,14:45:17,BANKNIFTY26AUG57200CE,CE,EXPANSION,427.15,472.85,30,1305.0,-0.453,0.6964,69.6,2941.5,-1636.5,661.0,523.2,462.15,-96.05,2941.5,ML_CE,STOP,,,,0.0,427.15,,,,,,,,0.62,0.66
452,2026-08-19,14:34:16,14:45:18,BANKNIFTY26AUG57200CE,CE,EXPANSION,427.15,474.0,30,1339.5,-0.465,0.6964,69.6,2941.5,-1602.0,662.1,523.2,462.15,-96.05,2941.5,ML_CE,STOP,,,,0.0,427.15,,,,,,,,0.62,0.66
453,2026-08-19,14:34:16,14:45:19,BANKNIFTY26AUG57200CE,CE,EXPANSION,427.15,475.0,30,1369.5,-0.475,0.6964,69.6,2941.5,-1572.0,663.3,523.2,462.15,-96.05,2941.5,ML_CE,STOP,,,,0.0,427.15,,,,,,,,0.62,0.66
454,2026-08-19,14:34:16,14:45:21,BANKNIFTY26AUG57200CE,CE,EXPANSION,427.15,475.0,30,1369.5,-0.475,0.6964,69.6,2941.5,-1572.0,664.4,523.2,462.15,-96.05,2941.5,ML_CE,STOP,,,,0.0,427.15,,,,,,,,0.62,0.66
455,2026-08-19,14:34:16,14:45:22,BANKNIFTY26AUG57200CE,CE,EXPANSION,427.15,477.1,30,1432.5,-0.497,0.6964,69.6,2941.5,-1509.0,665.5,523.2,462.15,-96.05,2941.5,ML_CE,STOP,,,,0.0,427.15,,,,,,,,0.62,0.66
456,2026-08-19,14:34:16,14:45:23,BANKNIFTY26AUG57200CE,CE,EXPANSION,427.15,483.35,30,1620.0,-0.562,0.6964,69.6,2941.5,-1321.5,666.7,523.2,462.15,-96.05,2941.5,ML_CE,STOP,,,,0.0,427.15,,,,,,,,0.62,0.66
457,2026-08-19,14:34:16,14:45:24,BANKNIFTY26AUG57200CE,CE,EXPANSION,427.15,485.3,30,1678.5,-0.583,0.6964,69.6,2941.5,-1263.0,667.8,523.2,462.15,-96.05,2941.5,ML_CE,STOP,,,,0.0,427.15,,,,,,,,0.62,0.66
458,2026-08-19,14:34:16,14:45:25,BANKNIFTY26AUG57200CE,CE,EXPANSION,427.15,484.7,30,1660.5,-0.576,0.6964,69.6,2941.5,-1281.0,669.0,523.2,462.15,-96.05,2941.5,ML_CE,STOP,,,,0.0,427.15,,,,,,,,0.62,0.66
459,2026-08-19,14:34:16,14:45:26,BANKNIFTY26AUG57200CE,CE,EXPANSION,427.15,482.0,30,1579.5,-0.548,0.6964,69.6,2941.5,-1362.0,670.1,523.2,462.15,-96.05,2941.5,ML_CE,STOP,,,,0.0,427.15,,,,,,,,0.62,0.66
460,2026-08-19,14:34:16,14:45:27,BANKNIFTY26AUG57200CE,CE,EXPANSION,427.15,481.4,30,1561.5,-0.542,0.6964,69.6,2941.5,-1380.0,671.2,523.2,462.15,-96.05,2941.5,ML_CE,STOP,,,,0.0,427.15,,,,,,,,0.62,0.66
461,2026-08-19,14:34:16,14:45:29,BANKNIFTY26AUG57200CE,CE,EXPANSION,427.15,484.15,30,1644.0,-0.571,0.6964,69.6,2941.5,-1297.5,672.4,523.2,462.15,-96.05,2941.5,ML_CE,STOP,,,,0.0,427.15,,,,,,,,0.62,0.66
462,2026-08-19,14:34:16,14:45:30,BANKNIFTY26AUG57200CE,CE,EXPANSION,427.15,481.65,30,1569.0,-0.545,0.6964,69.6,2941.5,-1372.5,673.5,523.2,462.15,-96.05,2941.5,ML_CE,STOP,,,,0.0,427.15,,,,,,,,0.62,0.66
463,2026-08-19,14:34:16,14:45:31,BANKNIFTY26AUG57200CE,CE,EXPANSION,427.15,483.85,30,1635.0,-0.567,0.6964,69.6,2941.5,-1306.5,674.7,523.2,462.15,-96.05,2941.5,ML_CE,STOP,,,,0.0,427.15,,,,,,,,0.62,0.66
464,2026-08-19,14:34:16,14:45:32,BANKNIFTY26AUG57200CE,CE,EXPANSION,427.15,481.65,30,1569.0,-0.545,0.6964,69.6,2941.5,-1372.5,675.8,523.2,462.15,-96.05,2941.5,ML_CE,STOP,,,,0.0,427.15,,,,,,,,0.62,0.66
465,2026-08-19,14:34:16,14:45:33,BANKNIFTY26AUG57200CE,CE,EXPANSION,427.15,481.3,30,1558.5,-0.541,0.6964,69.6,2941.5,-1383.0,677.0,523.2,462.15,-96.05,2941.5,ML_CE,STOP,,,,0.0,427.15,,,,,,,,0.62,0.66
466,2026-08-19,14:34:16,14:45:34,BANKNIFTY26AUG57200CE,CE,EXPANSION,427.15,481.3,30,1558.5,-0.541,0.6964,69.6,2941.5,-1383.0,678.1,523.2,462.15,-96.05,2941.5,ML_CE,STOP,,,,0.0,427.15,,,,,,,,0.62,0.66
467,2026-08-19,14:34:16,14:45:35,BANKNIFTY26AUG57200CE,CE,EXPANSION,427.15,480.55,30,1536.0,-0.533,0.6964,69.6,2941.5,-1405.5,679.2,523.2,462.15,-96.05,2941.5,ML_CE,STOP,,,,0.0,427.15,,,,,,,,0.62,0.66
468,2026-08-19,14:34:16,14:45:37,BANKNIFTY26AUG57200CE,CE,EXPANSION,427.15,480.75,30,1542.0,-0.535,0.6964,69.6,2941.5,-1399.5,680.4,523.2,462.15,-96.05,2941.5,ML_CE,STOP,,,,0.0,427.15,,,,,,,,0.62,0.66
469,2026-08-19,14:34:16,14:45:38,BANKNIFTY26AUG57200CE,CE,EXPANSION,427.15,481.6,30,1567.5,-0.544,0.6964,69.6,2941.5,-1374.0,681.5,523.2,462.15,-96.05,2941.5,ML_CE,STOP,,,,0.0,427.15,,,,,,,,0.62,0.66
470,2026-08-19,14:34:16,14:45:39,BANKNIFTY26AUG57200CE,CE,EXPANSION,427.15,480.0,30,1519.5,-0.527,0.6964,69.6,2941.5,-1422.0,682.7,523.2,462.15,-96.05,2941.5,ML_CE,STOP,,,,0.0,427.15,,,,,,,,0.62,0.66
471,2026-08-19,14:34:16,14:45:40,BANKNIFTY26AUG57200CE,CE,EXPANSION,427.15,480.4,30,1531.5,-0.531,0.6964,69.6,2941.5,-1410.0,683.8,523.2,462.15,-96.05,2941.5,ML_CE,STOP,,,,0.0,427.15,,,,,,,,0.62,0.66
472,2026-08-19,14:34:16,14:45:41,BANKNIFTY26AUG57200CE,CE,EXPANSION,427.15,479.9,30,1516.5,-0.526,0.6964,69.6,2941.5,-1425.0,684.9,523.2,462.15,-96.05,2941.5,ML_CE,STOP,,,,0.0,427.15,,,,,,,,0.62,0.66
473,2026-08-19,14:34:16,14:45:42,BANKNIFTY26AUG57200CE,CE,EXPANSION,427.15,480.55,30,1536.0,-0.533,0.6964,69.6,2941.5,-1405.5,686.1,523.2,462.15,-96.05,2941.5,ML_CE,STOP,,,,0.0,427.15,,,,,,,,0.62,0.66
474,2026-08-19,14:34:16,14:45:43,BANKNIFTY26AUG57200CE,CE,EXPANSION,427.15,477.9,30,1456.5,-0.505,0.6964,69.6,2941.5,-1485.0,687.2,523.2,462.15,-96.05,2941.5,ML_CE,STOP,,,,0.0,427.15,,,,,,,,0.62,0.66
475,2026-08-19,14:34:16,14:45:45,BANKNIFTY26AUG57200CE,CE,EXPANSION,427.15,479.0,30,1489.5,-0.517,0.6964,69.6,2941.5,-1452.0,688.4,523.2,462.15,-96.05,2941.5,ML_CE,STOP,,,,0.0,427.15,,,,,,,,0.62,0.66
476,2026-08-19,14:34:16,14:45:46,BANKNIFTY26AUG57200CE,CE,EXPANSION,427.15,479.4,30,1501.5,-0.521,0.6964,69.6,2941.5,-1440.0,689.5,523.2,462.15,-96.05,2941.5,ML_CE,STOP,,,,0.0,427.15,,,,,,,,0.62,0.66
477,2026-08-19,14:34:16,14:45:47,BANKNIFTY26AUG57200CE,CE,EXPANSION,427.15,485.55,30,1686.0,-0.585,0.6964,69.6,2941.5,-1255.5,690.7,523.2,462.15,-96.05,2941.5,ML_CE,STOP,,,,0.0,427.15,,,,,,,,0.62,0.66
478,2026-08-19,14:34:16,14:45:48,BANKNIFTY26AUG57200CE,CE,EXPANSION,427.15,485.2,30,1675.5,-0.581,0.6964,69.6,2941.5,-1266.0,691.8,523.2,462.15,-96.05,2941.5,ML_CE,STOP,,,,0.0,427.15,,,,,,,,0.62,0.66
479,2026-08-19,14:34:16,14:45:49,BANKNIFTY26AUG57200CE,CE,EXPANSION,427.15,484.55,30,1656.0,-0.575,0.6964,69.6,2941.5,-1285.5,693.0,523.2,462.15,-96.05,2941.5,ML_CE,STOP,,,,0.0,427.15,,,,,,,,0.62,0.66
480,2026-08-19,14:34:16,14:45:50,BANKNIFTY26AUG57200CE,CE,EXPANSION,427.15,485.0,30,1669.5,-0.579,0.6964,69.6,2941.5,-1272.0,694.1,523.2,462.15,-96.05,2941.5,ML_CE,STOP,,,,0.0,427.15,,,,,,,,0.62,0.66
481,2026-08-19,14:34:16,14:45:51,BANKNIFTY26AUG57200CE,CE,EXPANSION,427.15,483.8,30,1633.5,-0.567,0.6964,69.6,2941.5,-1308.0,695.2,523.2,462.15,-96.05,2941.5,ML_CE,STOP,,,,0.0,427.15,,,,,,,,0.62,0.66
482,2026-08-19,14:34:16,14:45:53,BANKNIFTY26AUG57200CE,CE,EXPANSION,427.15,480.55,30,1536.0,-0.533,0.6964,69.6,2941.5,-1405.5,696.4,523.2,462.15,-96.05,2941.5,ML_CE,STOP,,,,0.0,427.15,,,,,,,,0.62,0.66
483,2026-08-19,14:34:16,14:45:54,BANKNIFTY26AUG57200CE,CE,EXPANSION,427.15,482.55,30,1596.0,-0.554,0.6964,69.6,2941.5,-1345.5,697.5,523.2,462.15,-96.05,2941.5,ML_CE,STOP,,,,0.0,427.15,,,,,,,,0.62,0.66
484,2026-08-19,14:34:16,14:45:55,BANKNIFTY26AUG57200CE,CE,EXPANSION,427.15,482.0,30,1579.5,-0.548,0.6964,69.6,2941.5,-1362.0,698.7,523.2,462.15,-96.05,2941.5,ML_CE,STOP,,,,0.0,427.15,,,,,,,,0.62,0.66
485,2026-08-19,14:34:16,14:45:56,BANKNIFTY26AUG57200CE,CE,EXPANSION,427.15,482.65,30,1599.0,-0.555,0.6964,69.6,2941.5,-1342.5,699.8,523.2,462.15,-96.05,2941.5,ML_CE,STOP,,,,0.0,427.15,,,,,,,,0.62,0.66
486,2026-08-19,14:34:16,14:45:57,BANKNIFTY26AUG57200CE,CE,EXPANSION,427.15,481.4,30,1561.5,-0.542,0.6964,69.6,2941.5,-1380.0,701.0,523.2,462.15,-96.05,2941.5,ML_CE,STOP,,,,0.0,427.15,,,,,,,,0.62,0.66
487,2026-08-19,14:34:16,14:45:58,BANKNIFTY26AUG57200CE,CE,EXPANSION,427.15,480.0,30,1519.5,-0.527,0.6964,69.6,2941.5,-1422.0,702.1,523.2,462.15,-96.05,2941.5,ML_CE,STOP,,,,0.0,427.15,,,,,,,,0.62,0.66
488,2026-08-19,14:34:16,14:45:59,BANKNIFTY26AUG57200CE,CE,EXPANSION,427.15,482.1,30,1582.5,-0.549,0.6964,69.6,2941.5,-1359.0,703.2,523.2,462.15,-96.05,2941.5,ML_CE,STOP,,,,0.0,427.15,,,,,,,,0.62,0.66
489,2026-08-19,14:34:16,14:46:00,BANKNIFTY26AUG57200CE,CE,EXPANSION,427.15,482.0,30,1579.5,-0.548,0.6964,69.6,2941.5,-1362.0,704.4,523.2,462.15,-96.05,2941.5,ML_CE,STOP,,,,0.0,427.15,,,,,,,,0.62,0.66
490,2026-08-19,14:34:16,14:46:02,BANKNIFTY26AUG57200CE,CE,EXPANSION,427.15,481.35,30,1560.0,-0.541,0.6964,69.6,2941.5,-1381.5,705.5,523.2,462.15,-96.05,2941.5,ML_CE,STOP,,,,0.0,427.15,,,,,,,,0.62,0.66
491,2026-08-19,14:34:16,14:46:03,BANKNIFTY26AUG57200CE,CE,EXPANSION,427.15,479.05,30,1491.0,-0.517,0.6964,69.6,2941.5,-1450.5,706.7,523.2,462.15,-96.05,2941.5,ML_CE,STOP,,,,0.0,427.15,,,,,,,,0.62,0.66
492,2026-08-19,14:34:16,14:46:04,BANKNIFTY26AUG57200CE,CE,EXPANSION,427.15,482.2,30,1585.5,-0.55,0.6964,69.6,2941.5,-1356.0,707.8,523.2,462.15,-96.05,2941.5,ML_CE,STOP,,,,0.0,427.15,,,,,,,,0.62,0.66
493,2026-08-19,14:34:16,14:46:05,BANKNIFTY26AUG57200CE,CE,EXPANSION,427.15,481.95,30,1578.0,-0.548,0.6964,69.6,2941.5,-1363.5,708.9,523.2,462.15,-96.05,2941.5,ML_CE,STOP,,,,0.0,427.15,,,,,,,,0.62,0.66
494,2026-08-19,14:34:16,14:46:06,BANKNIFTY26AUG57200CE,CE,EXPANSION,427.15,479.4,30,1501.5,-0.521,0.6964,69.6,2941.5,-1440.0,710.1,523.2,462.15,-96.05,2941.5,ML_CE,STOP,,,,0.0,427.15,,,,,,,,0.62,0.66
495,2026-08-19,14:34:16,14:46:07,BANKNIFTY26AUG57200CE,CE,EXPANSION,427.15,475.0,30,1369.5,-0.475,0.6964,69.6,2941.5,-1572.0,711.2,523.2,462.15,-96.05,2941.5,ML_CE,STOP,,,,0.0,427.15,,,,,,,,0.62,0.66
496,2026-08-19,14:34:16,14:46:08,BANKNIFTY26AUG57200CE,CE,EXPANSION,427.15,476.75,30,1422.0,-0.493,0.6964,69.6,2941.5,-1519.5,712.4,523.2,462.15,-96.05,2941.5,ML_CE,STOP,,,,0.0,427.15,,,,,,,,0.62,0.66
497,2026-08-19,14:34:16,14:46:10,BANKNIFTY26AUG57200CE,CE,EXPANSION,427.15,473.5,30,1324.5,-0.46,0.6964,69.6,2941.5,-1617.0,713.5,523.2,462.15,-96.05,2941.5,ML_CE,STOP,,,,0.0,427.15,,,,,,,,0.62,0.66
498,2026-08-19,14:34:16,14:46:11,BANKNIFTY26AUG57200CE,CE,EXPANSION,427.15,475.05,30,1371.0,-0.476,0.6964,69.6,2941.5,-1570.5,714.7,523.2,462.15,-96.05,2941.5,ML_CE,STOP,,,,0.0,427.15,,,,,,,,0.62,0.66
499,2026-08-19,14:34:16,14:46:12,BANKNIFTY26AUG57200CE,CE,EXPANSION,427.15,474.05,30,1341.0,-0.465,0.6964,69.6,2941.5,-1600.5,715.8,523.2,462.15,-96.05,2941.5,ML_CE,STOP,,,,0.0,427.15,,,,,,,,0.62,0.66
500,2026-08-19,14:34:16,14:46:13,BANKNIFTY26AUG57200CE,CE,EXPANSION,427.15,474.05,30,1341.0,-0.465,0.6964,69.6,2941.5,-1600.5,716.9,523.2,462.15,-96.05,2941.5,ML_CE,STOP,,,,0.0,427.15,,,,,,,,0.62,0.66
501,2026-08-19,14:34:16,14:46:14,BANKNIFTY26AUG57200CE,CE,EXPANSION,427.15,471.6,30,1267.5,-0.44,0.6964,69.6,2941.5,-1674.0,718.1,523.2,462.15,-96.05,2941.5,ML_CE,STOP,,,,0.0,427.15,,,,,,,,0.62,0.66
502,2026-08-19,14:34:16,14:46:15,BANKNIFTY26AUG57200CE,CE,EXPANSION,427.15,471.75,30,1272.0,-0.441,0.6964,69.6,2941.5,-1669.5,719.2,523.2,462.15,-96.05,2941.5,ML_CE,STOP,,,,0.0,427.15,,,,,,,,0.62,0.66
503,2026-08-19,14:34:16,14:46:17,BANKNIFTY26AUG57200CE,CE,EXPANSION,427.15,471.1,30,1252.5,-0.435,0.6964,69.6,2941.5,-1689.0,720.4,523.2,462.15,-96.05,2941.5,ML_CE,STOP,,,,0.0,427.15,,,,,,,,0.62,0.66
504,2026-08-19,14:34:16,14:46:18,BANKNIFTY26AUG57200CE,CE,EXPANSION,427.15,467.15,30,1134.0,-0.394,0.6964,69.6,2941.5,-1807.5,721.6,523.2,462.15,-96.05,2941.5,ML_CE,STOP,,,,0.0,427.15,,,,,,,,0.62,0.66
505,2026-08-19,14:34:16,14:46:19,BANKNIFTY26AUG57200CE,CE,EXPANSION,427.15,469.1,30,1192.5,-0.414,0.6964,69.6,2941.5,-1749.0,722.7,523.2,462.15,-96.05,2941.5,ML_CE,STOP,,,,0.0,427.15,,,,,,,,0.62,0.66
506,2026-08-19,14:34:16,14:46:20,BANKNIFTY26AUG57200CE,CE,EXPANSION,427.15,468.05,30,1161.0,-0.403,0.6964,69.6,2941.5,-1780.5,723.9,523.2,462.15,-96.05,2941.5,ML_CE,STOP,,,,0.0,427.15,,,,,,,,0.62,0.66
507,2026-08-19,14:34:16,14:46:21,BANKNIFTY26AUG57200CE,CE,EXPANSION,427.15,470.25,30,1227.0,-0.426,0.6964,69.6,2941.5,-1714.5,725.0,523.2,462.15,-96.05,2941.5,ML_CE,STOP,,,,0.0,427.15,,,,,,,,0.62,0.66
508,2026-08-19,14:34:16,14:46:22,BANKNIFTY26AUG57200CE,CE,EXPANSION,427.15,469.5,30,1204.5,-0.418,0.6964,69.6,2941.5,-1737.0,726.1,523.2,462.15,-96.05,2941.5,ML_CE,STOP,,,,0.0,427.15,,,,,,,,0.62,0.66
509,2026-08-19,14:34:16,14:46:23,BANKNIFTY26AUG57200CE,CE,EXPANSION,427.15,470.5,30,1234.5,-0.428,0.6964,69.6,2941.5,-1707.0,727.3,523.2,462.15,-96.05,2941.5,ML_CE,STOP,,,,0.0,427.15,,,,,,,,0.62,0.66
510,2026-08-19,14:34:16,14:46:25,BANKNIFTY26AUG57200CE,CE,EXPANSION,427.15,467.6,30,1147.5,-0.398,0.6964,69.6,2941.5,-1794.0,728.4,523.2,462.15,-96.05,2941.5,ML_CE,STOP,,,,0.0,427.15,,,,,,,,0.62,0.66
511,2026-08-19,14:34:16,14:46:26,BANKNIFTY26AUG57200CE,CE,EXPANSION,427.15,466.95,30,1128.0,-0.391,0.6964,69.6,2941.5,-1813.5,729.5,523.2,462.15,-96.05,2941.5,ML_CE,STOP,,,,0.0,427.15,,,,,,,,0.62,0.66
512,2026-08-19,14:34:16,14:46:27,BANKNIFTY26AUG57200CE,CE,EXPANSION,427.15,465.75,30,1092.0,-0.379,0.6964,69.6,2941.5,-1849.5,730.7,523.2,462.15,-96.05,2941.5,ML_CE,STOP,,,,0.0,427.15,,,,,,,,0.62,0.66
513,2026-08-19,14:34:16,14:46:28,BANKNIFTY26AUG57200CE,CE,EXPANSION,427.15,469.25,30,1197.0,-0.415,0.6964,69.6,2941.5,-1744.5,731.8,523.2,462.15,-96.05,2941.5,ML_CE,STOP,,,,0.0,427.15,,,,,,,,0.62,0.66
514,2026-08-19,14:34:16,14:46:29,BANKNIFTY26AUG57200CE,CE,EXPANSION,427.15,471.0,30,1249.5,-0.434,0.6964,69.6,2941.5,-1692.0,733.0,523.2,462.15,-96.05,2941.5,ML_CE,STOP,,,,0.0,427.15,,,,,,,,0.62,0.66
515,2026-08-19,14:34:16,14:46:30,BANKNIFTY26AUG57200CE,CE,EXPANSION,427.15,471.6,30,1267.5,-0.44,0.6964,69.6,2941.5,-1674.0,734.1,523.2,462.15,-96.05,2941.5,ML_CE,STOP,,,,0.0,427.15,,,,,,,,0.62,0.66
516,2026-08-19,14:34:16,14:46:31,BANKNIFTY26AUG57200CE,CE,EXPANSION,427.15,474.75,30,1362.0,-0.473,0.6964,69.6,2941.5,-1579.5,735.2,523.2,462.15,-96.05,2941.5,ML_CE,STOP,,,,0.0,427.15,,,,,,,,0.62,0.66
517,2026-08-19,14:34:16,14:46:32,BANKNIFTY26AUG57200CE,CE,EXPANSION,427.15,475.35,30,1380.0,-0.479,0.6964,69.6,2941.5,-1561.5,736.3,523.2,462.15,-96.05,2941.5,ML_CE,STOP,,,,0.0,427.15,,,,,,,,0.62,0.66
518,2026-08-19,14:34:16,14:46:34,BANKNIFTY26AUG57200CE,CE,EXPANSION,427.15,475.7,30,1390.5,-0.483,0.6964,69.6,2941.5,-1551.0,737.4,523.2,462.15,-96.05,2941.5,ML_CE,STOP,,,,0.0,427.15,,,,,,,,0.62,0.66
519,2026-08-19,14:34:16,14:46:35,BANKNIFTY26AUG57200CE,CE,EXPANSION,427.15,471.5,30,1264.5,-0.439,0.6964,69.6,2941.5,-1677.0,738.5,523.2,462.15,-96.05,2941.5,ML_CE,STOP,,,,0.0,427.15,,,,,,,,0.62,0.66
520,2026-08-19,14:34:16,14:46:36,BANKNIFTY26AUG57200CE,CE,EXPANSION,427.15,471.15,30,1254.0,-0.435,0.6964,69.6,2941.5,-1687.5,739.6,523.2,462.15,-96.05,2941.5,ML_CE,STOP,,,,0.0,427.15,,,,,,,,0.62,0.66
521,2026-08-19,14:34:16,14:46:37,BANKNIFTY26AUG57200CE,CE,EXPANSION,427.15,472.75,30,1302.0,-0.452,0.6964,69.6,2941.5,-1639.5,740.7,523.2,462.15,-96.05,2941.5,ML_CE,STOP,,,,0.0,427.15,,,,,,,,0.62,0.66
522,2026-08-19,14:34:16,14:46:38,BANKNIFTY26AUG57200CE,CE,EXPANSION,427.15,472.15,30,1284.0,-0.446,0.6964,69.6,2941.5,-1657.5,741.8,523.2,462.15,-96.05,2941.5,ML_CE,STOP,,,,0.0,427.15,,,,,,,,0.62,0.66
523,2026-08-19,14:34:16,14:46:39,BANKNIFTY26AUG57200CE,CE,EXPANSION,427.15,475.5,30,1384.5,-0.48,0.6964,69.6,2941.5,-1557.0,742.9,523.2,462.15,-96.05,2941.5,ML_CE,STOP,,,,0.0,427.15,,,,,,,,0.62,0.66
524,2026-08-19,14:34:16,14:46:40,BANKNIFTY26AUG57200CE,CE,EXPANSION,427.15,475.55,30,1386.0,-0.481,0.6964,69.6,2941.5,-1555.5,744.0,523.2,462.15,-96.05,2941.5,ML_CE,STOP,,,,0.0,427.15,,,,,,,,0.62,0.66
525,2026-08-19,14:34:16,14:46:41,BANKNIFTY26AUG57200CE,CE,EXPANSION,427.15,476.0,30,1399.5,-0.486,0.6964,69.6,2941.5,-1542.0,745.1,523.2,462.15,-96.05,2941.5,ML_CE,STOP,,,,0.0,427.15,,,,,,,,0.62,0.66
526,2026-08-19,14:34:16,14:46:42,BANKNIFTY26AUG57200CE,CE,EXPANSION,427.15,476.2,30,1405.5,-0.488,0.6964,69.6,2941.5,-1536.0,746.2,523.2,462.15,-96.05,2941.5,ML_CE,STOP,,,,0.0,427.15,,,,,,,,0.62,0.66
527,2026-08-19,14:34:16,14:46:43,BANKNIFTY26AUG57200CE,CE,EXPANSION,427.15,474.45,30,1353.0,-0.47,0.6964,69.6,2941.5,-1588.5,747.3,523.2,462.15,-96.05,2941.5,ML_CE,STOP,,,,0.0,427.15,,,,,,,,0.62,0.66
528,2026-08-19,14:34:16,14:46:45,BANKNIFTY26AUG57200CE,CE,EXPANSION,427.15,476.0,30,1399.5,-0.486,0.6964,69.6,2941.5,-1542.0,748.4,523.2,462.15,-96.05,2941.5,ML_CE,STOP,,,,0.0,427.15,,,,,,,,0.62,0.66
529,2026-08-19,14:34:16,14:46:46,BANKNIFTY26AUG57200CE,CE,EXPANSION,427.15,477.0,30,1429.5,-0.496,0.6964,69.6,2941.5,-1512.0,749.5,523.2,462.15,-96.05,2941.5,ML_CE,STOP,,,,0.0,427.15,,,,,,,,0.62,0.66
530,2026-08-19,14:34:16,14:46:47,BANKNIFTY26AUG57200CE,CE,EXPANSION,427.15,477.0,30,1429.5,-0.496,0.6964,69.6,2941.5,-1512.0,750.6,523.2,462.15,-96.05,2941.5,ML_CE,STOP,,,,0.0,427.15,,,,,,,,0.62,0.66
531,2026-08-19,14:34:16,14:46:48,BANKNIFTY26AUG57200CE,CE,EXPANSION,427.15,477.65,30,1449.0,-0.503,0.6964,69.6,2941.5,-1492.5,751.7,523.2,462.15,-96.05,2941.5,ML_CE,STOP,,,,0.0,427.15,,,,,,,,0.62,0.66
532,2026-08-19,14:34:16,14:46:49,BANKNIFTY26AUG57200CE,CE,EXPANSION,427.15,478.55,30,1476.0,-0.512,0.6964,69.6,2941.5,-1465.5,752.8,523.2,462.15,-96.05,2941.5,ML_CE,STOP,,,,0.0,427.15,,,,,,,,0.62,0.66
533,2026-08-19,14:34:16,14:46:50,BANKNIFTY26AUG57200CE,CE,EXPANSION,427.15,476.85,30,1425.0,-0.495,0.6964,69.6,2941.5,-1516.5,753.9,523.2,462.15,-96.05,2941.5,ML_CE,STOP,,,,0.0,427.15,,,,,,,,0.62,0.66
534,2026-08-19,14:34:16,14:46:51,BANKNIFTY26AUG57200CE,CE,EXPANSION,427.15,477.8,30,1453.5,-0.504,0.6964,69.6,2941.5,-1488.0,755.0,523.2,462.15,-96.05,2941.5,ML_CE,STOP,,,,0.0,427.15,,,,,,,,0.62,0.66
535,2026-08-19,14:34:16,14:46:52,BANKNIFTY26AUG57200CE,CE,EXPANSION,427.15,476.8,30,1423.5,-0.494,0.6964,69.6,2941.5,-1518.0,756.1,523.2,462.15,-96.05,2941.5,ML_CE,STOP,,,,0.0,427.15,,,,,,,,0.62,0.66
536,2026-08-19,14:34:16,14:46:53,BANKNIFTY26AUG57200CE,CE,EXPANSION,427.15,477.8,30,1453.5,-0.504,0.6964,69.6,2941.5,-1488.0,757.2,523.2,462.15,-96.05,2941.5,ML_CE,STOP,,,,0.0,427.15,,,,,,,,0.62,0.66
537,2026-08-19,14:34:16,14:46:54,BANKNIFTY26AUG57200CE,CE,EXPANSION,427.15,478.2,30,1465.5,-0.509,0.6964,69.6,2941.5,-1476.0,758.3,523.2,462.15,-96.05,2941.5,ML_CE,STOP,,,,0.0,427.15,,,,,,,,0.62,0.66
538,2026-08-19,14:34:16,14:46:56,BANKNIFTY26AUG57200CE,CE,EXPANSION,427.15,479.2,30,1495.5,-0.519,0.6964,69.6,2941.5,-1446.0,759.4,523.2,462.15,-96.05,2941.5,ML_CE,STOP,,,,0.0,427.15,,,,,,,,0.62,0.66
539,2026-08-19,14:34:16,14:46:57,BANKNIFTY26AUG57200CE,CE,EXPANSION,427.15,477.0,30,1429.5,-0.496,0.6964,69.6,2941.5,-1512.0,760.5,523.2,462.15,-96.05,2941.5,ML_CE,STOP,,,,0.0,427.15,,,,,,,,0.62,0.66
540,2026-08-19,14:34:16,14:46:58,BANKNIFTY26AUG57200CE,CE,EXPANSION,427.15,477.25,30,1437.0,-0.499,0.6964,69.6,2941.5,-1504.5,761.6,523.2,462.15,-96.05,2941.5,ML_CE,STOP,,,,0.0,427.15,,,,,,,,0.62,0.66
541,2026-08-19,14:34:16,14:46:59,BANKNIFTY26AUG57200CE,CE,EXPANSION,427.15,477.25,30,1437.0,-0.499,0.6964,69.6,2941.5,-1504.5,762.7,523.2,462.15,-96.05,2941.5,ML_CE,STOP,,,,0.0,427.15,,,,,,,,0.62,0.66
542,2026-08-19,14:34:16,14:47:00,BANKNIFTY26AUG57200CE,CE,EXPANSION,427.15,475.55,30,1386.0,-0.481,0.6964,69.6,2941.5,-1555.5,763.8,523.2,462.15,-96.05,2941.5,ML_CE,STOP,,,,0.0,427.15,,,,,,,,0.62,0.66
543,2026-08-19,14:34:16,14:47:01,BANKNIFTY26AUG57200CE,CE,EXPANSION,427.15,474.75,30,1362.0,-0.473,0.6964,69.6,2941.5,-1579.5,764.9,523.2,462.15,-96.05,2941.5,ML_CE,STOP,,,,0.0,427.15,,,,,,,,0.62,0.66
544,2026-08-19,14:34:16,14:47:02,BANKNIFTY26AUG57200CE,CE,EXPANSION,427.15,475.0,30,1369.5,-0.475,0.6964,69.6,2941.5,-1572.0,766.0,523.2,462.15,-96.05,2941.5,ML_CE,STOP,,,,0.0,427.15,,,,,,,,0.62,0.66
545,2026-08-19,14:34:16,14:47:03,BANKNIFTY26AUG57200CE,CE,EXPANSION,427.15,472.1,30,1282.5,-0.445,0.6964,69.6,2941.5,-1659.0,767.1,523.2,462.15,-96.05,2941.5,ML_CE,STOP,,,,0.0,427.15,,,,,,,,0.62,0.66
546,2026-08-19,14:34:16,14:47:04,BANKNIFTY26AUG57200CE,CE,EXPANSION,427.15,475.95,30,1398.0,-0.485,0.6964,69.6,2941.5,-1543.5,768.2,523.2,462.15,-96.05,2941.5,ML_CE,STOP,,,,0.0,427.15,,,,,,,,0.62,0.66
547,2026-08-19,14:34:16,14:47:05,BANKNIFTY26AUG57200CE,CE,EXPANSION,427.15,475.7,30,1390.5,-0.483,0.6964,69.6,2941.5,-1551.0,769.3,523.2,462.15,-96.05,2941.5,ML_CE,STOP,,,,0.0,427.15,,,,,,,,0.62,0.66
548,2026-08-19,14:34:16,14:47:07,BANKNIFTY26AUG57200CE,CE,EXPANSION,427.15,475.7,30,1390.5,-0.483,0.6964,69.6,2941.5,-1551.0,770.4,523.2,462.15,-96.05,2941.5,ML_CE,STOP,,,,0.0,427.15,,,,,,,,0.62,0.66
549,2026-08-19,14:34:16,14:47:08,BANKNIFTY26AUG57200CE,CE,EXPANSION,427.15,473.95,30,1338.0,-0.464,0.6964,69.6,2941.5,-1603.5,771.5,523.2,462.15,-96.05,2941.5,ML_CE,STOP,,,,0.0,427.15,,,,,,,,0.62,0.66
550,2026-08-19,14:34:16,14:47:09,BANKNIFTY26AUG57200CE,CE,EXPANSION,427.15,475.0,30,1369.5,-0.475,0.6964,69.6,2941.5,-1572.0,772.6,523.2,462.15,-96.05,2941.5,ML_CE,STOP,,,,0.0,427.15,,,,,,,,0.62,0.66
551,2026-08-19,14:34:16,14:47:10,BANKNIFTY26AUG57200CE,CE,EXPANSION,427.15,473.05,30,1311.0,-0.455,0.6964,69.6,2941.5,-1630.5,773.7,523.2,462.15,-96.05,2941.5,ML_CE,STOP,,,,0.0,427.15,,,,,,,,0.62,0.66
552,2026-08-19,14:34:16,14:47:11,BANKNIFTY26AUG57200CE,CE,EXPANSION,427.15,472.3,30,1288.5,-0.447,0.6964,69.6,2941.5,-1653.0,774.8,523.2,462.15,-96.05,2941.5,ML_CE,STOP,,,,0.0,427.15,,,,,,,,0.62,0.66
553,2026-08-19,14:34:16,14:47:12,BANKNIFTY26AUG57200CE,CE,EXPANSION,427.15,472.65,30,1299.0,-0.451,0.6964,69.6,2941.5,-1642.5,775.9,523.2,462.15,-96.05,2941.5,ML_CE,STOP,,,,0.0,427.15,,,,,,,,0.62,0.66
554,2026-08-19,14:34:16,14:47:13,BANKNIFTY26AUG57200CE,CE,EXPANSION,427.15,472.0,30,1279.5,-0.444,0.6964,69.6,2941.5,-1662.0,777.0,523.2,462.15,-96.05,2941.5,ML_CE,STOP,,,,0.0,427.15,,,,,,,,0.62,0.66
555,2026-08-19,14:34:16,14:47:14,BANKNIFTY26AUG57200CE,CE,EXPANSION,427.15,471.5,30,1264.5,-0.439,0.6964,69.6,2941.5,-1677.0,778.1,523.2,462.15,-96.05,2941.5,ML_CE,STOP,,,,0.0,427.15,,,,,,,,0.62,0.66
556,2026-08-19,14:34:16,14:47:15,BANKNIFTY26AUG57200CE,CE,EXPANSION,427.15,474.05,30,1341.0,-0.465,0.6964,69.6,2941.5,-1600.5,779.2,523.2,462.15,-96.05,2941.5,ML_CE,STOP,,,,0.0,427.15,,,,,,,,0.62,0.66
557,2026-08-19,14:34:16,14:47:17,BANKNIFTY26AUG57200CE,CE,EXPANSION,427.15,475.0,30,1369.5,-0.475,0.6964,69.6,2941.5,-1572.0,780.4,523.2,462.15,-96.05,2941.5,ML_CE,STOP,,,,0.0,427.15,,,,,,,,0.62,0.66
558,2026-08-19,14:34:16,14:47:18,BANKNIFTY26AUG57200CE,CE,EXPANSION,427.15,475.2,30,1375.5,-0.477,0.6964,69.6,2941.5,-1566.0,781.5,523.2,462.15,-96.05,2941.5,ML_CE,STOP,,,,0.0,427.15,,,,,,,,0.62,0.66
559,2026-08-19,14:34:16,14:47:19,BANKNIFTY26AUG57200CE,CE,EXPANSION,427.15,470.0,30,1219.5,-0.423,0.6964,69.6,2941.5,-1722.0,782.6,523.2,462.15,-96.05,2941.5,ML_CE,STOP,,,,0.0,427.15,,,,,,,,0.62,0.66
560,2026-08-19,14:34:16,14:47:20,BANKNIFTY26AUG57200CE,CE,EXPANSION,427.15,472.65,30,1299.0,-0.451,0.6964,69.6,2941.5,-1642.5,783.7,523.2,462.15,-96.05,2941.5,ML_CE,STOP,,,,0.0,427.15,,,,,,,,0.62,0.66
561,2026-08-19,14:34:16,14:47:21,BANKNIFTY26AUG57200CE,CE,EXPANSION,427.15,471.15,30,1254.0,-0.435,0.6964,69.6,2941.5,-1687.5,784.8,523.2,462.15,-96.05,2941.5,ML_CE,STOP,,,,0.0,427.15,,,,,,,,0.62,0.66
562,2026-08-19,14:34:16,14:47:22,BANKNIFTY26AUG57200CE,CE,EXPANSION,427.15,469.25,30,1197.0,-0.415,0.6964,69.6,2941.5,-1744.5,785.9,523.2,462.15,-96.05,2941.5,ML_CE,STOP,,,,0.0,427.15,,,,,,,,0.62,0.66
563,2026-08-19,14:34:16,14:47:23,BANKNIFTY26AUG57200CE,CE,EXPANSION,427.15,470.85,30,1245.0,-0.432,0.6964,69.6,2941.5,-1696.5,787.0,523.2,462.15,-96.05,2941.5,ML_CE,STOP,,,,0.0,427.15,,,,,,,,0.62,0.66
564,2026-08-19,14:34:16,14:47:24,BANKNIFTY26AUG57200CE,CE,EXPANSION,427.15,469.4,30,1201.5,-0.417,0.6964,69.6,2941.5,-1740.0,788.1,523.2,462.15,-96.05,2941.5,ML_CE,STOP,,,,0.0,427.15,,,,,,,,0.62,0.66
565,2026-08-19,14:34:16,14:47:25,BANKNIFTY26AUG57200CE,CE,EXPANSION,427.15,471.55,30,1266.0,-0.439,0.6964,69.6,2941.5,-1675.5,789.2,523.2,462.15,-96.05,2941.5,ML_CE,STOP,,,,0.0,427.15,,,,,,,,0.62,0.66
566,2026-08-19,14:34:16,14:47:26,BANKNIFTY26AUG57200CE,CE,EXPANSION,427.15,472.95,30,1308.0,-0.454,0.6964,69.6,2941.5,-1633.5,790.3,523.2,462.15,-96.05,2941.5,ML_CE,STOP,,,,0.0,427.15,,,,,,,,0.62,0.66
567,2026-08-19,14:34:16,14:47:28,BANKNIFTY26AUG57200CE,CE,EXPANSION,427.15,468.3,30,1168.5,-0.406,0.6964,69.6,2941.5,-1773.0,791.4,523.2,462.15,-96.05,2941.5,ML_CE,STOP,,,,0.0,427.15,,,,,,,,0.62,0.66
568,2026-08-19,14:34:16,14:47:29,BANKNIFTY26AUG57200CE,CE,EXPANSION,427.15,470.1,30,1222.5,-0.424,0.6964,69.6,2941.5,-1719.0,792.5,523.2,462.15,-96.05,2941.5,ML_CE,STOP,,,,0.0,427.15,,,,,,,,0.62,0.66
569,2026-08-19,14:34:16,14:47:30,BANKNIFTY26AUG57200CE,CE,EXPANSION,427.15,470.7,30,1240.5,-0.431,0.6964,69.6,2941.5,-1701.0,793.6,523.2,462.15,-96.05,2941.5,ML_CE,STOP,,,,0.0,427.15,,,,,,,,0.62,0.66
570,2026-08-19,14:34:16,14:47:31,BANKNIFTY26AUG57200CE,CE,EXPANSION,427.15,470.45,30,1233.0,-0.428,0.6964,69.6,2941.5,-1708.5,794.8,523.2,462.15,-96.05,2941.5,ML_CE,STOP,,,,0.0,427.15,,,,,,,,0.62,0.66
571,2026-08-19,14:34:16,14:47:32,BANKNIFTY26AUG57200CE,CE,EXPANSION,427.15,472.7,30,1300.5,-0.451,0.6964,69.6,2941.5,-1641.0,795.9,523.2,462.15,-96.05,2941.5,ML_CE,STOP,,,,0.0,427.15,,,,,,,,0.62,0.66
572,2026-08-19,14:34:16,14:47:33,BANKNIFTY26AUG57200CE,CE,EXPANSION,427.15,470.75,30,1242.0,-0.431,0.6964,69.6,2941.5,-1699.5,797.0,523.2,462.15,-96.05,2941.5,ML_CE,STOP,,,,0.0,427.15,,,,,,,,0.62,0.66
573,2026-08-19,14:34:16,14:47:34,BANKNIFTY26AUG57200CE,CE,EXPANSION,427.15,471.2,30,1255.5,-0.436,0.6964,69.6,2941.5,-1686.0,798.1,523.2,462.15,-96.05,2941.5,ML_CE,STOP,,,,0.0,427.15,,,,,,,,0.62,0.66
574,2026-08-19,14:34:16,14:47:35,BANKNIFTY26AUG57200CE,CE,EXPANSION,427.15,471.2,30,1255.5,-0.436,0.6964,69.6,2941.5,-1686.0,799.2,523.2,462.15,-96.05,2941.5,ML_CE,STOP,,,,0.0,427.15,,,,,,,,0.62,0.66
575,2026-08-19,14:34:16,14:47:36,BANKNIFTY26AUG57200CE,CE,EXPANSION,427.15,470.0,30,1219.5,-0.423,0.6964,69.6,2941.5,-1722.0,800.3,523.2,462.15,-96.05,2941.5,ML_CE,STOP,,,,0.0,427.15,,,,,,,,0.62,0.66
576,2026-08-19,14:34:16,14:47:38,BANKNIFTY26AUG57200CE,CE,EXPANSION,427.15,467.35,30,1140.0,-0.396,0.6964,69.6,2941.5,-1801.5,801.4,523.2,462.15,-96.05,2941.5,ML_CE,STOP,,,,0.0,427.15,,,,,,,,0.62,0.66
577,2026-08-19,14:34:16,14:47:39,BANKNIFTY26AUG57200CE,CE,EXPANSION,427.15,467.35,30,1140.0,-0.396,0.6964,69.6,2941.5,-1801.5,802.6,523.2,462.15,-96.05,2941.5,ML_CE,STOP,,,,0.0,427.15,,,,,,,,0.62,0.66
578,2026-08-19,14:34:16,14:47:40,BANKNIFTY26AUG57200CE,CE,EXPANSION,427.15,465.15,30,1074.0,-0.373,0.6964,69.6,2941.5,-1867.5,803.7,523.2,462.15,-96.05,2941.5,ML_CE,STOP,,,,0.0,427.15,,,,,,,,0.62,0.66
579,2026-08-19,14:34:16,14:47:41,BANKNIFTY26AUG57200CE,CE,EXPANSION,427.15,465.0,30,1069.5,-0.371,0.6964,69.6,2941.5,-1872.0,804.8,523.2,462.15,-96.05,2941.5,ML_CE,STOP,,,,0.0,427.15,,,,,,,,0.62,0.66
580,2026-08-19,14:34:16,14:47:42,BANKNIFTY26AUG57200CE,CE,EXPANSION,427.15,461.9,30,976.5,-0.339,0.6964,69.6,2941.5,-1965.0,805.9,523.2,462.15,-96.05,2941.5,ML_CE,STOP,,,,0.0,427.15,,,,,,,,0.62,0.66
581,2026-08-19,14:34:16,14:47:43,BANKNIFTY26AUG57200CE,CE,EXPANSION,427.15,459.5,30,904.5,-0.314,0.6964,69.6,2941.5,-2037.0,807.0,523.2,462.15,-96.05,2941.5,ML_CE,STOP,,,,0.0,427.15,,,,,,,,0.62,0.66
582,2026-08-19,14:34:16,14:47:44,BANKNIFTY26AUG57200CE,CE,EXPANSION,427.15,458.75,30,882.0,-0.306,0.6964,69.6,2941.5,-2059.5,808.1,523.2,462.15,-96.05,2941.5,ML_CE,STOP,,,,0.0,427.15,,,,,,,,0.62,0.66
583,2026-08-19,14:34:16,14:47:45,BANKNIFTY26AUG57200CE,CE,EXPANSION,427.15,457.25,30,837.0,-0.29,0.6964,69.6,2941.5,-2104.5,809.2,523.2,462.15,-96.05,2941.5,ML_CE,STOP,,,,0.0,427.15,,,,,,,,0.62,0.66
584,2026-08-19,14:34:16,14:47:46,BANKNIFTY26AUG57200CE,CE,EXPANSION,427.15,458.7,30,880.5,-0.306,0.6964,69.6,2941.5,-2061.0,810.3,523.2,462.15,-96.05,2941.5,ML_CE,STOP,,,,0.0,427.15,,,,,,,,0.62,0.66
585,2026-08-19,14:34:16,14:47:48,BANKNIFTY26AUG57200CE,CE,EXPANSION,427.15,455.1,30,772.5,-0.268,0.6964,69.6,2941.5,-2169.0,811.4,523.2,462.15,-96.05,2941.5,ML_CE,STOP,,,,0.0,427.15,,,,,,,,0.62,0.66
586,2026-08-19,14:34:16,14:47:49,BANKNIFTY26AUG57200CE,CE,EXPANSION,427.15,456.5,30,814.5,-0.283,0.6964,69.6,2941.5,-2127.0,812.5,523.2,462.15,-96.05,2941.5,ML_CE,STOP,,,,0.0,427.15,,,,,,,,0.62,0.66
587,2026-08-19,14:34:16,14:47:50,BANKNIFTY26AUG57200CE,CE,EXPANSION,427.15,454.75,30,762.0,-0.264,0.6964,69.6,2941.5,-2179.5,813.6,523.2,462.15,-96.05,2941.5,ML_CE,STOP,,,,0.0,427.15,,,,,,,,0.62,0.66
588,2026-08-19,14:34:16,14:47:51,BANKNIFTY26AUG57200CE,CE,EXPANSION,427.15,453.7,30,730.5,-0.254,0.6964,69.6,2941.5,-2211.0,814.7,523.2,462.15,-96.05,2941.5,ML_CE,STOP,,,,0.0,427.15,,,,,,,,0.62,0.66
589,2026-08-19,14:34:16,14:47:52,BANKNIFTY26AUG57200CE,CE,EXPANSION,427.15,452.85,30,705.0,-0.245,0.6964,69.6,2941.5,-2236.5,815.8,523.2,462.15,-96.05,2941.5,ML_CE,STOP,,,,0.0,427.15,,,,,,,,0.62,0.66
590,2026-08-19,14:34:16,14:47:53,BANKNIFTY26AUG57200CE,CE,EXPANSION,427.15,451.15,30,654.0,-0.227,0.6964,69.6,2941.5,-2287.5,816.9,523.2,462.15,-96.05,2941.5,ML_CE,STOP,,,,0.0,427.15,,,,,,,,0.62,0.66
591,2026-08-19,14:34:16,14:47:54,BANKNIFTY26AUG57200CE,CE,EXPANSION,427.15,451.4,30,661.5,-0.23,0.6964,69.6,2941.5,-2280.0,818.0,523.2,462.15,-96.05,2941.5,ML_CE,STOP,,,,0.0,427.15,,,,,,,,0.62,0.66
592,2026-08-19,14:34:16,14:47:55,BANKNIFTY26AUG57200CE,CE,EXPANSION,427.15,449.55,30,606.0,-0.21,0.6964,69.6,2941.5,-2335.5,819.2,523.2,462.15,-96.05,2941.5,ML_CE,STOP,,,,0.0,427.15,,,,,,,,0.62,0.66
593,2026-08-19,14:34:16,14:47:56,BANKNIFTY26AUG57200CE,CE,EXPANSION,427.15,451.4,30,661.5,-0.23,0.6964,69.6,2941.5,-2280.0,820.3,523.2,462.15,-96.05,2941.5,ML_CE,STOP,,,,0.0,427.15,,,,,,,,0.62,0.66
594,2026-08-19,14:34:16,14:47:57,BANKNIFTY26AUG57200CE,CE,EXPANSION,427.15,453.05,30,711.0,-0.247,0.6964,69.6,2941.5,-2230.5,821.4,523.2,462.15,-96.05,2941.5,ML_CE,STOP,,,,0.0,427.15,,,,,,,,0.62,0.66
595,2026-08-19,14:34:16,14:47:59,BANKNIFTY26AUG57200CE,CE,EXPANSION,427.15,450.25,30,627.0,-0.218,0.6964,69.6,2941.5,-2314.5,822.5,523.2,462.15,-96.05,2941.5,ML_CE,STOP,,,,0.0,427.15,,,,,,,,0.62,0.66
596,2026-08-19,14:34:16,14:48:00,BANKNIFTY26AUG57200CE,CE,EXPANSION,427.15,454.85,30,765.0,-0.265,0.6964,69.6,2941.5,-2176.5,823.6,523.2,462.15,-96.05,2941.5,ML_CE,STOP,,,,0.0,427.15,,,,,,,,0.62,0.66
597,2026-08-19,14:34:16,14:48:01,BANKNIFTY26AUG57200CE,CE,EXPANSION,427.15,454.8,30,763.5,-0.265,0.6964,69.6,2941.5,-2178.0,824.7,523.2,462.15,-96.05,2941.5,ML_CE,STOP,,,,0.0,427.15,,,,,,,,0.62,0.66
598,2026-08-19,14:34:16,14:48:02,BANKNIFTY26AUG57200CE,CE,EXPANSION,427.15,453.0,30,709.5,-0.246,0.6964,69.6,2941.5,-2232.0,825.9,523.2,462.15,-96.05,2941.5,ML_CE,STOP,,,,0.0,427.15,,,,,,,,0.62,0.66
599,2026-08-19,14:34:16,14:48:03,BANKNIFTY26AUG57200CE,CE,EXPANSION,427.15,454.45,30,753.0,-0.261,0.6964,69.6,2941.5,-2188.5,827.0,523.2,462.15,-96.05,2941.5,ML_CE,STOP,,,,0.0,427.15,,,,,,,,0.62,0.66
600,2026-08-19,14:34:16,14:48:04,BANKNIFTY26AUG57200CE,CE,EXPANSION,427.15,455.0,30,769.5,-0.267,0.6964,69.6,2941.5,-2172.0,828.2,523.2,462.15,-96.05,2941.5,ML_CE,STOP,,,,0.0,427.15,,,,,,,,0.62,0.66
601,2026-08-19,14:34:16,14:48:05,BANKNIFTY26AUG57200CE,CE,EXPANSION,427.15,453.55,30,726.0,-0.252,0.6964,69.6,2941.5,-2215.5,829.3,523.2,462.15,-96.05,2941.5,ML_CE,STOP,,,,0.0,427.15,,,,,,,,0.62,0.66
602,2026-08-19,14:34:16,14:48:07,BANKNIFTY26AUG57200CE,CE,EXPANSION,427.15,454.4,30,751.5,-0.261,0.6964,69.6,2941.5,-2190.0,830.5,523.2,462.15,-96.05,2941.5,ML_CE,STOP,,,,0.0,427.15,,,,,,,,0.62,0.66
603,2026-08-19,14:34:16,14:48:08,BANKNIFTY26AUG57200CE,CE,EXPANSION,427.15,451.2,30,655.5,-0.227,0.6964,69.6,2941.5,-2286.0,831.6,523.2,462.15,-96.05,2941.5,ML_CE,STOP,,,,0.0,427.15,,,,,,,,0.62,0.66
604,2026-08-19,14:34:16,14:48:09,BANKNIFTY26AUG57200CE,CE,EXPANSION,427.15,451.7,30,670.5,-0.233,0.6964,69.6,2941.5,-2271.0,832.8,523.2,462.15,-96.05,2941.5,ML_CE,STOP,,,,0.0,427.15,,,,,,,,0.62,0.66
605,2026-08-19,14:34:16,14:48:10,BANKNIFTY26AUG57200CE,CE,EXPANSION,427.15,451.7,30,670.5,-0.233,0.6964,69.6,2941.5,-2271.0,833.9,523.2,462.15,-96.05,2941.5,ML_CE,STOP,,,,0.0,427.15,,,,,,,,0.62,0.66
606,2026-08-19,14:34:16,14:48:11,BANKNIFTY26AUG57200CE,CE,EXPANSION,427.15,451.1,30,652.5,-0.226,0.6964,69.6,2941.5,-2289.0,835.1,523.2,462.15,-96.05,2941.5,ML_CE,STOP,,,,0.0,427.15,,,,,,,,0.62,0.66
607,2026-08-19,14:34:16,14:48:12,BANKNIFTY26AUG57200CE,CE,EXPANSION,427.15,449.55,30,606.0,-0.21,0.6964,69.6,2941.5,-2335.5,836.2,523.2,462.15,-96.05,2941.5,ML_CE,STOP,,,,0.0,427.15,,,,,,,,0.62,0.66
608,2026-08-19,14:34:16,14:48:13,BANKNIFTY26AUG57200CE,CE,EXPANSION,427.15,449.35,30,600.0,-0.208,0.6964,69.6,2941.5,-2341.5,837.3,523.2,462.15,-96.05,2941.5,ML_CE,STOP,,,,0.0,427.15,,,,,,,,0.62,0.66
609,2026-08-19,14:34:16,14:48:15,BANKNIFTY26AUG57200CE,CE,EXPANSION,427.15,446.0,30,499.5,-0.173,0.6964,69.6,2941.5,-2442.0,838.5,523.2,462.15,-96.05,2941.5,ML_CE,STOP,,,,0.0,427.15,,,,,,,,0.62,0.66
610,2026-08-19,14:34:16,14:48:16,BANKNIFTY26AUG57200CE,CE,EXPANSION,427.15,449.35,30,600.0,-0.208,0.6964,69.6,2941.5,-2341.5,839.6,523.2,462.15,-96.05,2941.5,ML_CE,STOP,,,,0.0,427.15,,,,,,,,0.62,0.66
611,2026-08-19,14:34:16,14:48:17,BANKNIFTY26AUG57200CE,CE,EXPANSION,427.15,451.25,30,657.0,-0.228,0.6964,69.6,2941.5,-2284.5,840.8,523.2,462.15,-96.05,2941.5,ML_CE,STOP,,,,0.0,427.15,,,,,,,,0.62,0.66
612,2026-08-19,14:34:16,14:48:18,BANKNIFTY26AUG57200CE,CE,EXPANSION,427.15,449.1,30,592.5,-0.206,0.6964,69.6,2941.5,-2349.0,841.9,523.2,462.15,-96.05,2941.5,ML_CE,STOP,,,,0.0,427.15,,,,,,,,0.62,0.66
613,2026-08-19,14:34:16,14:48:19,BANKNIFTY26AUG57200CE,CE,EXPANSION,427.15,450.0,30,619.5,-0.215,0.6964,69.6,2941.5,-2322.0,843.1,523.2,462.15,-96.05,2941.5,ML_CE,STOP,,,,0.0,427.15,,,,,,,,0.62,0.66
614,2026-08-19,14:34:16,14:48:20,BANKNIFTY26AUG57200CE,CE,EXPANSION,427.15,451.95,30,678.0,-0.235,0.6964,69.6,2941.5,-2263.5,844.2,523.2,462.15,-96.05,2941.5,ML_CE,STOP,,,,0.0,427.15,,,,,,,,0.62,0.66
615,2026-08-19,14:34:16,14:48:21,BANKNIFTY26AUG57200CE,CE,EXPANSION,427.15,452.7,30,700.5,-0.243,0.6964,69.6,2941.5,-2241.0,845.4,523.2,462.15,-96.05,2941.5,ML_CE,STOP,,,,0.0,427.15,,,,,,,,0.62,0.66
616,2026-08-19,14:34:16,14:48:23,BANKNIFTY26AUG57200CE,CE,EXPANSION,427.15,453.25,30,717.0,-0.249,0.6964,69.6,2941.5,-2224.5,846.5,523.2,462.15,-96.05,2941.5,ML_CE,STOP,,,,0.0,427.15,,,,,,,,0.62,0.66
617,2026-08-19,14:34:16,14:48:24,BANKNIFTY26AUG57200CE,CE,EXPANSION,427.15,454.8,30,763.5,-0.265,0.6964,69.6,2941.5,-2178.0,847.7,523.2,462.15,-96.05,2941.5,ML_CE,STOP,,,,0.0,427.15,,,,,,,,0.62,0.66
618,2026-08-19,14:34:16,14:48:25,BANKNIFTY26AUG57200CE,CE,EXPANSION,427.15,452.45,30,693.0,-0.24,0.6964,69.6,2941.5,-2248.5,848.8,523.2,462.15,-96.05,2941.5,ML_CE,STOP,,,,0.0,427.15,,,,,,,,0.62,0.66
619,2026-08-19,14:34:16,14:48:26,BANKNIFTY26AUG57200CE,CE,EXPANSION,427.15,451.35,30,660.0,-0.229,0.6964,69.6,2941.5,-2281.5,849.9,523.2,462.15,-96.05,2941.5,ML_CE,STOP,,,,0.0,427.15,,,,,,,,0.62,0.66
620,2026-08-19,14:34:16,14:48:27,BANKNIFTY26AUG57200CE,CE,EXPANSION,427.15,451.0,30,649.5,-0.225,0.6964,69.6,2941.5,-2292.0,851.1,523.2,462.15,-96.05,2941.5,ML_CE,STOP,,,,0.0,427.15,,,,,,,,0.62,0.66
621,2026-08-19,14:34:16,14:48:28,BANKNIFTY26AUG57200CE,CE,EXPANSION,427.15,449.75,30,612.0,-0.212,0.6964,69.6,2941.5,-2329.5,852.2,523.2,462.15,-96.05,2941.5,ML_CE,STOP,,,,0.0,427.15,,,,,,,,0.62,0.66
622,2026-08-19,14:34:16,14:48:30,BANKNIFTY26AUG57200CE,CE,EXPANSION,427.15,451.65,30,669.0,-0.232,0.6964,69.6,2941.5,-2272.5,853.9,523.2,462.15,-96.05,2941.5,ML_CE,STOP,,,,0.0,427.15,,,,,,,,0.62,0.66
623,2026-08-19,14:34:16,14:48:31,BANKNIFTY26AUG57200CE,CE,EXPANSION,427.15,452.1,30,682.5,-0.237,0.6964,69.6,2941.5,-2259.0,855.0,523.2,462.15,-96.05,2941.5,ML_CE,STOP,,,,0.0,427.15,,,,,,,,0.62,0.66
624,2026-08-19,14:34:16,14:48:32,BANKNIFTY26AUG57200CE,CE,EXPANSION,427.15,454.85,30,765.0,-0.265,0.6964,69.6,2941.5,-2176.5,856.3,523.2,462.15,-96.05,2941.5,ML_CE,STOP,,,,0.0,427.15,,,,,,,,0.62,0.66
625,2026-08-19,14:34:16,14:48:34,BANKNIFTY26AUG57200CE,CE,EXPANSION,427.15,455.0,30,769.5,-0.267,0.6964,69.6,2941.5,-2172.0,857.4,523.2,462.15,-96.05,2941.5,ML_CE,STOP,,,,0.0,427.15,,,,,,,,0.62,0.66
626,2026-08-19,14:34:16,14:48:35,BANKNIFTY26AUG57200CE,CE,EXPANSION,427.15,456.8,30,823.5,-0.286,0.6964,69.6,2941.5,-2118.0,858.5,523.2,462.15,-96.05,2941.5,ML_CE,STOP,,,,0.0,427.15,,,,,,,,0.62,0.66
627,2026-08-19,14:34:16,14:48:36,BANKNIFTY26AUG57200CE,CE,EXPANSION,427.15,455.4,30,781.5,-0.271,0.6964,69.6,2941.5,-2160.0,859.7,523.2,462.15,-96.05,2941.5,ML_CE,STOP,,,,0.0,427.15,,,,,,,,0.62,0.66
628,2026-08-19,14:34:16,14:48:37,BANKNIFTY26AUG57200CE,CE,EXPANSION,427.15,455.25,30,777.0,-0.27,0.6964,69.6,2941.5,-2164.5,860.8,523.2,462.15,-96.05,2941.5,ML_CE,STOP,,,,0.0,427.15,,,,,,,,0.62,0.66
629,2026-08-19,14:34:16,14:48:38,BANKNIFTY26AUG57200CE,CE,EXPANSION,427.15,451.1,30,652.5,-0.226,0.6964,69.6,2941.5,-2289.0,861.9,523.2,462.15,-96.05,2941.5,ML_CE,STOP,,,,0.0,427.15,,,,,,,,0.62,0.66
630,2026-08-19,14:34:16,14:48:39,BANKNIFTY26AUG57200CE,CE,EXPANSION,427.15,451.65,30,669.0,-0.232,0.6964,69.6,2941.5,-2272.5,863.1,523.2,462.15,-96.05,2941.5,ML_CE,STOP,,,,0.0,427.15,,,,,,,,0.62,0.66
631,2026-08-19,14:34:16,14:48:40,BANKNIFTY26AUG57200CE,CE,EXPANSION,427.15,452.95,30,708.0,-0.246,0.6964,69.6,2941.5,-2233.5,864.2,523.2,462.15,-96.05,2941.5,ML_CE,STOP,,,,0.0,427.15,,,,,,,,0.62,0.66
632,2026-08-19,14:34:16,14:48:42,BANKNIFTY26AUG57200CE,CE,EXPANSION,427.15,453.55,30,726.0,-0.252,0.6964,69.6,2941.5,-2215.5,865.7,523.2,462.15,-96.05,2941.5,ML_CE,STOP,,,,0.0,427.15,,,,,,,,0.62,0.66
633,2026-08-19,14:34:16,14:48:43,BANKNIFTY26AUG57200CE,CE,EXPANSION,427.15,454.55,30,756.0,-0.262,0.6964,69.6,2941.5,-2185.5,866.8,523.2,462.15,-96.05,2941.5,ML_CE,STOP,,,,0.0,427.15,,,,,,,,0.62,0.66
634,2026-08-19,14:34:16,14:48:44,BANKNIFTY26AUG57200CE,CE,EXPANSION,427.15,452.45,30,693.0,-0.24,0.6964,69.6,2941.5,-2248.5,868.2,523.2,462.15,-96.05,2941.5,ML_CE,STOP,,,,0.0,427.15,,,,,,,,0.62,0.66
635,2026-08-19,14:34:16,14:48:45,BANKNIFTY26AUG57200CE,CE,EXPANSION,427.15,452.45,30,693.0,-0.24,0.6964,69.6,2941.5,-2248.5,869.3,523.2,462.15,-96.05,2941.5,ML_CE,STOP,,,,0.0,427.15,,,,,,,,0.62,0.66
636,2026-08-19,14:34:16,14:48:47,BANKNIFTY26AUG57200CE,CE,EXPANSION,427.15,452.6,30,697.5,-0.242,0.6964,69.6,2941.5,-2244.0,870.4,523.2,462.15,-96.05,2941.5,ML_CE,STOP,,,,0.0,427.15,,,,,,,,0.62,0.66
637,2026-08-19,14:34:16,14:48:48,BANKNIFTY26AUG57200CE,CE,EXPANSION,427.15,451.95,30,678.0,-0.235,0.6964,69.6,2941.5,-2263.5,871.5,523.2,462.15,-96.05,2941.5,ML_CE,STOP,,,,0.0,427.15,,,,,,,,0.62,0.66
638,2026-08-19,14:34:16,14:48:49,BANKNIFTY26AUG57200CE,CE,EXPANSION,427.15,452.05,30,681.0,-0.236,0.6964,69.6,2941.5,-2260.5,872.8,523.2,462.15,-96.05,2941.5,ML_CE,STOP,,,,0.0,427.15,,,,,,,,0.62,0.66
639,2026-08-19,14:34:16,14:48:50,BANKNIFTY26AUG57200CE,CE,EXPANSION,427.15,452.75,30,702.0,-0.244,0.6964,69.6,2941.5,-2239.5,873.9,523.2,462.15,-96.05,2941.5,ML_CE,STOP,,,,0.0,427.15,,,,,,,,0.62,0.66
640,2026-08-19,14:34:16,14:48:51,BANKNIFTY26AUG57200CE,CE,EXPANSION,427.15,452.85,30,705.0,-0.245,0.6964,69.6,2941.5,-2236.5,875.0,523.2,462.15,-96.05,2941.5,ML_CE,STOP,,,,0.0,427.15,,,,,,,,0.62,0.66
641,2026-08-19,14:34:16,14:48:52,BANKNIFTY26AUG57200CE,CE,EXPANSION,427.15,451.65,30,669.0,-0.232,0.6964,69.6,2941.5,-2272.5,876.2,523.2,462.15,-96.05,2941.5,ML_CE,STOP,,,,0.0,427.15,,,,,,,,0.62,0.66
642,2026-08-19,14:34:16,14:48:54,BANKNIFTY26AUG57200CE,CE,EXPANSION,427.15,449.45,30,603.0,-0.209,0.6964,69.6,2941.5,-2338.5,877.4,523.2,462.15,-96.05,2941.5,ML_CE,STOP,,,,0.0,427.15,,,,,,,,0.62,0.66
643,2026-08-19,14:34:16,14:48:55,BANKNIFTY26AUG57200CE,CE,EXPANSION,427.15,449.1,30,592.5,-0.206,0.6964,69.6,2941.5,-2349.0,878.6,523.2,462.15,-96.05,2941.5,ML_CE,STOP,,,,0.0,427.15,,,,,,,,0.62,0.66
644,2026-08-19,14:34:16,14:48:56,BANKNIFTY26AUG57200CE,CE,EXPANSION,427.15,447.0,30,529.5,-0.184,0.6964,69.6,2941.5,-2412.0,879.8,523.2,462.15,-96.05,2941.5,ML_CE,STOP,,,,0.0,427.15,,,,,,,,0.62,0.66
645,2026-08-19,14:34:16,14:48:57,BANKNIFTY26AUG57200CE,CE,EXPANSION,427.15,445.4,30,481.5,-0.167,0.6964,69.6,2941.5,-2460.0,880.9,523.2,462.15,-96.05,2941.5,ML_CE,STOP,,,,0.0,427.15,,,,,,,,0.62,0.66
646,2026-08-19,14:34:16,14:48:58,BANKNIFTY26AUG57200CE,CE,EXPANSION,427.15,442.55,30,396.0,-0.137,0.6964,69.6,2941.5,-2545.5,882.0,523.2,462.15,-96.05,2941.5,ML_CE,STOP,,,,0.0,427.15,,,,,,,,0.62,0.66
647,2026-08-19,14:34:16,14:48:59,BANKNIFTY26AUG57200CE,CE,EXPANSION,427.15,446.3,30,508.5,-0.176,0.6964,69.6,2941.5,-2433.0,883.3,523.2,462.15,-96.05,2941.5,ML_CE,STOP,,,,0.0,427.15,,,,,,,,0.62,0.66
648,2026-08-19,14:34:16,14:49:01,BANKNIFTY26AUG57200CE,CE,EXPANSION,427.15,445.35,30,480.0,-0.167,0.6964,69.6,2941.5,-2461.5,884.4,523.2,462.15,-96.05,2941.5,ML_CE,STOP,,,,0.0,427.15,,,,,,,,0.62,0.66
649,2026-08-19,14:34:16,14:49:02,BANKNIFTY26AUG57200CE,CE,EXPANSION,427.15,445.75,30,492.0,-0.171,0.6964,69.6,2941.5,-2449.5,885.5,523.2,462.15,-96.05,2941.5,ML_CE,STOP,,,,0.0,427.15,,,,,,,,0.62,0.66
650,2026-08-19,14:34:16,14:49:03,BANKNIFTY26AUG57200CE,CE,EXPANSION,427.15,447.15,30,534.0,-0.185,0.6964,69.6,2941.5,-2407.5,886.6,523.2,462.15,-96.05,2941.5,ML_CE,STOP,,,,0.0,427.15,,,,,,,,0.62,0.66
651,2026-08-19,14:34:16,14:49:04,BANKNIFTY26AUG57200CE,CE,EXPANSION,427.15,448.55,30,576.0,-0.2,0.6964,69.6,2941.5,-2365.5,887.9,523.2,462.15,-96.05,2941.5,ML_CE,STOP,,,,0.0,427.15,,,,,,,,0.62,0.66
652,2026-08-19,14:34:16,14:49:05,BANKNIFTY26AUG57200CE,CE,EXPANSION,427.15,447.2,30,535.5,-0.186,0.6964,69.6,2941.5,-2406.0,889.2,523.2,462.15,-96.05,2941.5,ML_CE,STOP,,,,0.0,427.15,,,,,,,,0.62,0.66
653,2026-08-19,14:34:16,14:49:06,BANKNIFTY26AUG57200CE,CE,EXPANSION,427.15,446.95,30,528.0,-0.183,0.6964,69.6,2941.5,-2413.5,890.3,523.2,462.15,-96.05,2941.5,ML_CE,STOP,,,,0.0,427.15,,,,,,,,0.62,0.66
654,2026-08-19,14:34:16,14:49:08,BANKNIFTY26AUG57200CE,CE,EXPANSION,427.15,446.5,30,514.5,-0.179,0.6964,69.6,2941.5,-2427.0,891.6,523.2,462.15,-96.05,2941.5,ML_CE,STOP,,,,0.0,427.15,,,,,,,,0.62,0.66
655,2026-08-19,14:34:16,14:49:09,BANKNIFTY26AUG57200CE,CE,EXPANSION,427.15,447.3,30,538.5,-0.187,0.6964,69.6,2941.5,-2403.0,892.9,523.2,462.15,-96.05,2941.5,ML_CE,STOP,,,,0.0,427.15,,,,,,,,0.62,0.66
656,2026-08-19,14:34:16,14:49:10,BANKNIFTY26AUG57200CE,CE,EXPANSION,427.15,446.3,30,508.5,-0.176,0.6964,69.6,2941.5,-2433.0,894.0,523.2,462.15,-96.05,2941.5,ML_CE,STOP,,,,0.0,427.15,,,,,,,,0.62,0.66
657,2026-08-19,14:34:16,14:49:11,BANKNIFTY26AUG57200CE,CE,EXPANSION,427.15,446.3,30,508.5,-0.176,0.6964,69.6,2941.5,-2433.0,895.1,523.2,462.15,-96.05,2941.5,ML_CE,STOP,,,,0.0,427.15,,,,,,,,0.62,0.66
658,2026-08-19,14:34:16,14:49:12,BANKNIFTY26AUG57200CE,CE,EXPANSION,427.15,447.3,30,538.5,-0.187,0.6964,69.6,2941.5,-2403.0,896.3,523.2,462.15,-96.05,2941.5,ML_CE,STOP,,,,0.0,427.15,,,,,,,,0.62,0.66
659,2026-08-19,14:34:16,14:49:14,BANKNIFTY26AUG57200CE,CE,EXPANSION,427.15,446.3,30,508.5,-0.176,0.6964,69.6,2941.5,-2433.0,897.4,523.2,462.15,-96.05,2941.5,ML_CE,STOP,,,,0.0,427.15,,,,,,,,0.62,0.66
660,2026-08-19,14:34:16,14:49:15,BANKNIFTY26AUG57200CE,CE,EXPANSION,427.15,447.05,30,531.0,-0.184,0.6964,69.6,2941.5,-2410.5,898.5,523.2,462.15,-96.05,2941.5,ML_CE,STOP,,,,0.0,427.15,,,,,,,,0.62,0.66
661,2026-08-19,14:34:16,14:49:16,BANKNIFTY26AUG57200CE,CE,EXPANSION,427.15,448.55,30,576.0,-0.2,0.6964,69.6,2941.5,-2365.5,899.9,523.2,462.15,-96.05,2941.5,ML_CE,STOP,,,,0.0,427.15,,,,,,,,0.62,0.66
662,2026-08-19,14:34:16,14:49:17,BANKNIFTY26AUG57200CE,CE,EXPANSION,427.15,450.45,30,633.0,-0.22,0.6964,69.6,2941.5,-2308.5,901.0,523.2,462.15,-96.05,2941.5,ML_CE,STOP,,,,0.0,427.15,,,,,,,,0.62,0.66
663,2026-08-19,14:34:16,14:49:18,BANKNIFTY26AUG57200CE,CE,EXPANSION,427.15,450.9,30,646.5,-0.224,0.6964,69.6,2941.5,-2295.0,902.1,523.2,462.15,-96.05,2941.5,ML_CE,STOP,,,,0.0,427.15,,,,,,,,0.62,0.66
664,2026-08-19,14:34:16,14:49:20,BANKNIFTY26AUG57200CE,CE,EXPANSION,427.15,452.95,30,708.0,-0.246,0.6964,69.6,2941.5,-2233.5,903.4,523.2,462.15,-96.05,2941.5,ML_CE,STOP,,,,0.0,427.15,,,,,,,,0.62,0.66
665,2026-08-19,14:34:16,14:49:21,BANKNIFTY26AUG57200CE,CE,EXPANSION,427.15,450.25,30,627.0,-0.218,0.6964,69.6,2941.5,-2314.5,904.7,523.2,462.15,-96.05,2941.5,ML_CE,STOP,,,,0.0,427.15,,,,,,,,0.62,0.66
666,2026-08-19,14:34:16,14:49:22,BANKNIFTY26AUG57200CE,CE,EXPANSION,427.15,450.25,30,627.0,-0.218,0.6964,69.6,2941.5,-2314.5,905.8,523.2,462.15,-96.05,2941.5,ML_CE,STOP,,,,0.0,427.15,,,,,,,,0.62,0.66
667,2026-08-19,14:34:16,14:49:23,BANKNIFTY26AUG57200CE,CE,EXPANSION,427.15,455.4,30,781.5,-0.271,0.6964,69.6,2941.5,-2160.0,906.9,523.2,462.15,-96.05,2941.5,ML_CE,STOP,,,,0.0,427.15,,,,,,,,0.62,0.66
668,2026-08-19,14:34:16,14:49:25,BANKNIFTY26AUG57200CE,CE,EXPANSION,427.15,455.9,30,796.5,-0.276,0.6964,69.6,2941.5,-2145.0,908.4,523.2,462.15,-96.05,2941.5,ML_CE,STOP,,,,0.0,427.15,,,,,,,,0.62,0.66
669,2026-08-19,14:34:16,14:49:26,BANKNIFTY26AUG57200CE,CE,EXPANSION,427.15,454.15,30,744.0,-0.258,0.6964,69.6,2941.5,-2197.5,909.7,523.2,462.15,-96.05,2941.5,ML_CE,STOP,,,,0.0,427.15,,,,,,,,0.62,0.66
670,2026-08-19,14:34:16,14:49:27,BANKNIFTY26AUG57200CE,CE,EXPANSION,427.15,456.0,30,799.5,-0.277,0.6964,69.6,2941.5,-2142.0,910.8,523.2,462.15,-96.05,2941.5,ML_CE,STOP,,,,0.0,427.15,,,,,,,,0.62,0.66
671,2026-08-19,14:34:16,14:49:28,BANKNIFTY26AUG57200CE,CE,EXPANSION,427.15,456.0,30,799.5,-0.277,0.6964,69.6,2941.5,-2142.0,911.9,523.2,462.15,-96.05,2941.5,ML_CE,STOP,,,,0.0,427.15,,,,,,,,0.62,0.66
672,2026-08-19,14:34:16,14:49:29,BANKNIFTY26AUG57200CE,CE,EXPANSION,427.15,453.25,30,717.0,-0.249,0.6964,69.6,2941.5,-2224.5,913.0,523.2,462.15,-96.05,2941.5,ML_CE,STOP,,,,0.0,427.15,,,,,,,,0.62,0.66
673,2026-08-19,14:34:16,14:49:30,BANKNIFTY26AUG57200CE,CE,EXPANSION,427.15,454.5,30,754.5,-0.262,0.6964,69.6,2941.5,-2187.0,914.3,523.2,462.15,-96.05,2941.5,ML_CE,STOP,,,,0.0,427.15,,,,,,,,0.62,0.66
674,2026-08-19,14:34:16,14:49:32,BANKNIFTY26AUG57200CE,CE,EXPANSION,427.15,454.9,30,766.5,-0.266,0.6964,69.6,2941.5,-2175.0,915.4,523.2,462.15,-96.05,2941.5,ML_CE,STOP,,,,0.0,427.15,,,,,,,,0.62,0.66
675,2026-08-19,14:34:16,14:49:33,BANKNIFTY26AUG57200CE,CE,EXPANSION,427.15,453.35,30,720.0,-0.25,0.6964,69.6,2941.5,-2221.5,916.5,523.2,462.15,-96.05,2941.5,ML_CE,STOP,,,,0.0,427.15,,,,,,,,0.62,0.66
676,2026-08-19,14:34:16,14:49:34,BANKNIFTY26AUG57200CE,CE,EXPANSION,427.15,453.35,30,720.0,-0.25,0.6964,69.6,2941.5,-2221.5,917.8,523.2,462.15,-96.05,2941.5,ML_CE,STOP,,,,0.0,427.15,,,,,,,,0.62,0.66
677,2026-08-19,14:34:16,14:49:35,BANKNIFTY26AUG57200CE,CE,EXPANSION,427.15,453.35,30,720.0,-0.25,0.6964,69.6,2941.5,-2221.5,919.1,523.2,462.15,-96.05,2941.5,ML_CE,STOP,,,,0.0,427.15,,,,,,,,0.62,0.66
678,2026-08-19,14:34:16,14:49:36,BANKNIFTY26AUG57200CE,CE,EXPANSION,427.15,453.35,30,720.0,-0.25,0.6964,69.6,2941.5,-2221.5,920.2,523.2,462.15,-96.05,2941.5,ML_CE,STOP,,,,0.0,427.15,,,,,,,,0.62,0.66
679,2026-08-19,14:34:16,14:49:38,BANKNIFTY26AUG57200CE,CE,EXPANSION,427.15,452.15,30,684.0,-0.237,0.6964,69.6,2941.5,-2257.5,921.5,523.2,462.15,-96.05,2941.5,ML_CE,STOP,,,,0.0,427.15,,,,,,,,0.62,0.66
680,2026-08-19,14:34:16,14:49:39,BANKNIFTY26AUG57200CE,CE,EXPANSION,427.15,454.85,30,765.0,-0.265,0.6964,69.6,2941.5,-2176.5,922.8,523.2,462.15,-96.05,2941.5,ML_CE,STOP,,,,0.0,427.15,,,,,,,,0.62,0.66
681,2026-08-19,14:34:16,14:49:40,BANKNIFTY26AUG57200CE,CE,EXPANSION,427.15,455.0,30,769.5,-0.267,0.6964,69.6,2941.5,-2172.0,924.0,523.2,462.15,-96.05,2941.5,ML_CE,STOP,,,,0.0,427.15,,,,,,,,0.62,0.66
682,2026-08-19,14:34:16,14:49:41,BANKNIFTY26AUG57200CE,CE,EXPANSION,427.15,454.9,30,766.5,-0.266,0.6964,69.6,2941.5,-2175.0,925.2,523.2,462.15,-96.05,2941.5,ML_CE,STOP,,,,0.0,427.15,,,,,,,,0.62,0.66
683,2026-08-19,14:34:16,14:49:42,BANKNIFTY26AUG57200CE,CE,EXPANSION,427.15,455.4,30,781.5,-0.271,0.6964,69.6,2941.5,-2160.0,926.3,523.2,462.15,-96.05,2941.5,ML_CE,STOP,,,,0.0,427.15,,,,,,,,0.62,0.66
684,2026-08-19,14:34:16,14:49:44,BANKNIFTY26AUG57200CE,CE,EXPANSION,427.15,456.7,30,820.5,-0.285,0.6964,69.6,2941.5,-2121.0,927.5,523.2,462.15,-96.05,2941.5,ML_CE,STOP,,,,0.0,427.15,,,,,,,,0.62,0.66
685,2026-08-19,14:34:16,14:49:45,BANKNIFTY26AUG57200CE,CE,EXPANSION,427.15,455.85,30,795.0,-0.276,0.6964,69.6,2941.5,-2146.5,928.8,523.2,462.15,-96.05,2941.5,ML_CE,STOP,,,,0.0,427.15,,,,,,,,0.62,0.66
686,2026-08-19,14:34:16,14:49:46,BANKNIFTY26AUG57200CE,CE,EXPANSION,427.15,457.15,30,834.0,-0.289,0.6964,69.6,2941.5,-2107.5,929.9,523.2,462.15,-96.05,2941.5,ML_CE,STOP,,,,0.0,427.15,,,,,,,,0.62,0.66
687,2026-08-19,14:34:16,14:49:47,BANKNIFTY26AUG57200CE,CE,EXPANSION,427.15,456.7,30,820.5,-0.285,0.6964,69.6,2941.5,-2121.0,931.0,523.2,462.15,-96.05,2941.5,ML_CE,STOP,,,,0.0,427.15,,,,,,,,0.62,0.66
688,2026-08-19,14:34:16,14:49:49,BANKNIFTY26AUG57200CE,CE,EXPANSION,427.15,456.7,30,820.5,-0.285,0.6964,69.6,2941.5,-2121.0,932.4,523.2,462.15,-96.05,2941.5,ML_CE,STOP,,,,0.0,427.15,,,,,,,,0.62,0.66
689,2026-08-19,14:34:16,14:49:50,BANKNIFTY26AUG57200CE,CE,EXPANSION,427.15,456.7,30,820.5,-0.285,0.6964,69.6,2941.5,-2121.0,933.7,523.2,462.15,-96.05,2941.5,ML_CE,STOP,,,,0.0,427.15,,,,,,,,0.62,0.66
690,2026-08-19,14:34:16,14:49:51,BANKNIFTY26AUG57200CE,CE,EXPANSION,427.15,457.3,30,838.5,-0.291,0.6964,69.6,2941.5,-2103.0,935.1,523.2,462.15,-96.05,2941.5,ML_CE,STOP,,,,0.0,427.15,,,,,,,,0.62,0.66
691,2026-08-19,14:34:16,14:49:52,BANKNIFTY26AUG57200CE,CE,EXPANSION,427.15,455.85,30,795.0,-0.276,0.6964,69.6,2941.5,-2146.5,936.2,523.2,462.15,-96.05,2941.5,ML_CE,STOP,,,,0.0,427.15,,,,,,,,0.62,0.66
692,2026-08-19,14:34:16,14:49:53,BANKNIFTY26AUG57200CE,CE,EXPANSION,427.15,457.8,30,853.5,-0.296,0.6964,69.6,2941.5,-2088.0,937.3,523.2,462.15,-96.05,2941.5,ML_CE,STOP,,,,0.0,427.15,,,,,,,,0.62,0.66
693,2026-08-19,14:34:16,14:49:55,BANKNIFTY26AUG57200CE,CE,EXPANSION,427.15,453.35,30,720.0,-0.25,0.6964,69.6,2941.5,-2221.5,938.6,523.2,462.15,-96.05,2941.5,ML_CE,STOP,,,,0.0,427.15,,,,,,,,0.62,0.66
694,2026-08-19,14:34:16,14:49:56,BANKNIFTY26AUG57200CE,CE,EXPANSION,427.15,450.0,30,619.5,-0.215,0.6964,69.6,2941.5,-2322.0,940.0,523.2,462.15,-96.05,2941.5,ML_CE,STOP,,,,0.0,427.15,,,,,,,,0.62,0.66
695,2026-08-19,14:34:16,14:49:57,BANKNIFTY26AUG57200CE,CE,EXPANSION,427.15,452.55,30,696.0,-0.242,0.6964,69.6,2941.5,-2245.5,941.3,523.2,462.15,-96.05,2941.5,ML_CE,STOP,,,,0.0,427.15,,,,,,,,0.62,0.66
696,2026-08-19,14:34:16,14:49:59,BANKNIFTY26AUG57200CE,CE,EXPANSION,427.15,454.7,30,760.5,-0.264,0.6964,69.6,2941.5,-2181.0,942.7,523.2,462.15,-96.05,2941.5,ML_CE,STOP,,,,0.0,427.15,,,,,,,,0.62,0.66
697,2026-08-19,14:34:16,14:50:00,BANKNIFTY26AUG57200CE,CE,EXPANSION,427.15,453.0,30,709.5,-0.246,0.6964,69.6,2941.5,-2232.0,944.0,523.2,462.15,-96.05,2941.5,ML_CE,STOP,,,,0.0,427.15,,,,,,,,0.62,0.66
698,2026-08-19,14:34:16,14:50:01,BANKNIFTY26AUG57200CE,CE,EXPANSION,427.15,450.0,30,619.5,-0.215,0.6964,69.6,2941.5,-2322.0,945.3,523.2,462.15,-96.05,2941.5,ML_CE,STOP,,,,0.0,427.15,,,,,,,,0.62,0.66
699,2026-08-19,14:34:16,14:50:03,BANKNIFTY26AUG57200CE,CE,EXPANSION,427.15,450.5,30,634.5,-0.22,0.6964,69.6,2941.5,-2307.0,946.7,523.2,462.15,-96.05,2941.5,ML_CE,STOP,,,,0.0,427.15,,,,,,,,0.62,0.66
700,2026-08-19,14:34:16,14:50:04,BANKNIFTY26AUG57200CE,CE,EXPANSION,427.15,450.0,30,619.5,-0.215,0.6964,69.6,2941.5,-2322.0,948.0,523.2,462.15,-96.05,2941.5,ML_CE,STOP,,,,0.0,427.15,,,,,,,,0.62,0.66
701,2026-08-19,14:34:16,14:50:06,BANKNIFTY26AUG57200CE,CE,EXPANSION,427.15,450.0,30,619.5,-0.215,0.6964,69.6,2941.5,-2322.0,949.4,523.2,462.15,-96.05,2941.5,ML_CE,STOP,,,,0.0,427.15,,,,,,,,0.62,0.66
702,2026-08-19,14:34:16,14:50:07,BANKNIFTY26AUG57200CE,CE,EXPANSION,427.15,451.15,30,654.0,-0.227,0.6964,69.6,2941.5,-2287.5,950.5,523.2,462.15,-96.05,2941.5,ML_CE,STOP,,,,0.0,427.15,,,,,,,,0.62,0.66
703,2026-08-19,14:34:16,14:50:08,BANKNIFTY26AUG57200CE,CE,EXPANSION,427.15,454.1,30,742.5,-0.258,0.6964,69.6,2941.5,-2199.0,951.6,523.2,462.15,-96.05,2941.5,ML_CE,STOP,,,,0.0,427.15,,,,,,,,0.62,0.66
704,2026-08-19,14:34:16,14:50:09,BANKNIFTY26AUG57200CE,CE,EXPANSION,427.15,454.1,30,742.5,-0.258,0.6964,69.6,2941.5,-2199.0,952.7,523.2,462.15,-96.05,2941.5,ML_CE,STOP,,,,0.0,427.15,,,,,,,,0.62,0.66
705,2026-08-19,14:34:16,14:50:10,BANKNIFTY26AUG57200CE,CE,EXPANSION,427.15,457.5,30,844.5,-0.293,0.6964,69.6,2941.5,-2097.0,954.0,523.2,462.15,-96.05,2941.5,ML_CE,STOP,,,,0.0,427.15,,,,,,,,0.62,0.66
706,2026-08-19,14:34:16,14:50:11,BANKNIFTY26AUG57200CE,CE,EXPANSION,427.15,455.75,30,792.0,-0.275,0.6964,69.6,2941.5,-2149.5,955.3,523.2,462.15,-96.05,2941.5,ML_CE,STOP,,,,0.0,427.15,,,,,,,,0.62,0.66
707,2026-08-19,14:34:16,14:50:12,BANKNIFTY26AUG57200CE,CE,EXPANSION,427.15,454.2,30,745.5,-0.259,0.6964,69.6,2941.5,-2196.0,956.4,523.2,462.15,-96.05,2941.5,ML_CE,STOP,,,,0.0,427.15,,,,,,,,0.62,0.66
708,2026-08-19,14:34:16,14:50:14,BANKNIFTY26AUG57200CE,CE,EXPANSION,427.15,456.2,30,805.5,-0.28,0.6964,69.6,2941.5,-2136.0,957.5,523.2,462.15,-96.05,2941.5,ML_CE,STOP,,,,0.0,427.15,,,,,,,,0.62,0.66
709,2026-08-19,14:34:16,14:50:15,BANKNIFTY26AUG57200CE,CE,EXPANSION,427.15,457.8,30,853.5,-0.296,0.6964,69.6,2941.5,-2088.0,958.6,523.2,462.15,-96.05,2941.5,ML_CE,STOP,,,,0.0,427.15,,,,,,,,0.62,0.66
710,2026-08-19,14:34:16,14:50:16,BANKNIFTY26AUG57200CE,CE,EXPANSION,427.15,458.55,30,876.0,-0.304,0.6964,69.6,2941.5,-2065.5,959.7,523.2,462.15,-96.05,2941.5,ML_CE,STOP,,,,0.0,427.15,,,,,,,,0.62,0.66
711,2026-08-19,14:34:16,14:50:17,BANKNIFTY26AUG57200CE,CE,EXPANSION,427.15,457.25,30,837.0,-0.29,0.6964,69.6,2941.5,-2104.5,961.0,523.2,462.15,-96.05,2941.5,ML_CE,STOP,,,,0.0,427.15,,,,,,,,0.62,0.66
712,2026-08-19,14:34:16,14:50:18,BANKNIFTY26AUG57200CE,CE,EXPANSION,427.15,457.55,30,846.0,-0.294,0.6964,69.6,2941.5,-2095.5,962.1,523.2,462.15,-96.05,2941.5,ML_CE,STOP,,,,0.0,427.15,,,,,,,,0.62,0.66
713,2026-08-19,14:34:16,14:50:19,BANKNIFTY26AUG57200CE,CE,EXPANSION,427.15,456.55,30,816.0,-0.283,0.6964,69.6,2941.5,-2125.5,963.2,523.2,462.15,-96.05,2941.5,ML_CE,STOP,,,,0.0,427.15,,,,,,,,0.62,0.66
714,2026-08-19,14:34:16,14:50:20,BANKNIFTY26AUG57200CE,CE,EXPANSION,427.15,457.05,30,831.0,-0.288,0.6964,69.6,2941.5,-2110.5,964.3,523.2,462.15,-96.05,2941.5,ML_CE,STOP,,,,0.0,427.15,,,,,,,,0.62,0.66
715,2026-08-19,14:34:16,14:50:22,BANKNIFTY26AUG57200CE,CE,EXPANSION,427.15,454.45,30,753.0,-0.261,0.6964,69.6,2941.5,-2188.5,965.4,523.2,462.15,-96.05,2941.5,ML_CE,STOP,,,,0.0,427.15,,,,,,,,0.62,0.66
716,2026-08-19,14:34:16,14:50:23,BANKNIFTY26AUG57200CE,CE,EXPANSION,427.15,454.0,30,739.5,-0.257,0.6964,69.6,2941.5,-2202.0,966.7,523.2,462.15,-96.05,2941.5,ML_CE,STOP,,,,0.0,427.15,,,,,,,,0.62,0.66
717,2026-08-19,14:34:16,14:50:24,BANKNIFTY26AUG57200CE,CE,EXPANSION,427.15,454.3,30,748.5,-0.26,0.6964,69.6,2941.5,-2193.0,968.0,523.2,462.15,-96.05,2941.5,ML_CE,STOP,,,,0.0,427.15,,,,,,,,0.62,0.66
718,2026-08-19,14:34:16,14:50:25,BANKNIFTY26AUG57200CE,CE,EXPANSION,427.15,455.9,30,796.5,-0.276,0.6964,69.6,2941.5,-2145.0,969.3,523.2,462.15,-96.05,2941.5,ML_CE,STOP,,,,0.0,427.15,,,,,,,,0.62,0.66
719,2026-08-19,14:34:16,14:50:27,BANKNIFTY26AUG57200CE,CE,EXPANSION,427.15,456.55,30,816.0,-0.283,0.6964,69.6,2941.5,-2125.5,970.5,523.2,462.15,-96.05,2941.5,ML_CE,STOP,,,,0.0,427.15,,,,,,,,0.62,0.66
720,2026-08-19,14:34:16,14:50:28,BANKNIFTY26AUG57200CE,CE,EXPANSION,427.15,458.0,30,859.5,-0.298,0.6964,69.6,2941.5,-2082.0,971.7,523.2,462.15,-96.05,2941.5,ML_CE,STOP,,,,0.0,427.15,,,,,,,,0.62,0.66
721,2026-08-19,14:34:16,14:50:29,BANKNIFTY26AUG57200CE,CE,EXPANSION,427.15,456.55,30,816.0,-0.283,0.6964,69.6,2941.5,-2125.5,973.0,523.2,462.15,-96.05,2941.5,ML_CE,STOP,,,,0.0,427.15,,,,,,,,0.62,0.66
722,2026-08-19,14:34:16,14:50:31,BANKNIFTY26AUG57200CE,CE,EXPANSION,427.15,456.8,30,823.5,-0.286,0.6964,69.6,2941.5,-2118.0,974.5,523.2,462.15,-96.05,2941.5,ML_CE,STOP,,,,0.0,427.15,,,,,,,,0.62,0.66
723,2026-08-19,14:34:16,14:50:32,BANKNIFTY26AUG57200CE,CE,EXPANSION,427.15,457.05,30,831.0,-0.288,0.6964,69.6,2941.5,-2110.5,975.7,523.2,462.15,-96.05,2941.5,ML_CE,STOP,,,,0.0,427.15,,,,,,,,0.62,0.66
724,2026-08-19,14:34:16,14:50:33,BANKNIFTY26AUG57200CE,CE,EXPANSION,427.15,456.9,30,826.5,-0.287,0.6964,69.6,2941.5,-2115.0,976.8,523.2,462.15,-96.05,2941.5,ML_CE,STOP,,,,0.0,427.15,,,,,,,,0.62,0.66
725,2026-08-19,14:34:16,14:50:34,BANKNIFTY26AUG57200CE,CE,EXPANSION,427.15,456.9,30,826.5,-0.287,0.6964,69.6,2941.5,-2115.0,978.0,523.2,462.15,-96.05,2941.5,ML_CE,STOP,,,,0.0,427.15,,,,,,,,0.62,0.66
726,2026-08-19,14:34:16,14:50:35,BANKNIFTY26AUG57200CE,CE,EXPANSION,427.15,454.45,30,753.0,-0.261,0.6964,69.6,2941.5,-2188.5,979.3,523.2,462.15,-96.05,2941.5,ML_CE,STOP,,,,0.0,427.15,,,,,,,,0.62,0.66
727,2026-08-19,14:34:16,14:50:37,BANKNIFTY26AUG57200CE,CE,EXPANSION,427.15,455.7,30,790.5,-0.274,0.6964,69.6,2941.5,-2151.0,980.5,523.2,462.15,-96.05,2941.5,ML_CE,STOP,,,,0.0,427.15,,,,,,,,0.62,0.66
728,2026-08-19,14:34:16,14:50:38,BANKNIFTY26AUG57200CE,CE,EXPANSION,427.15,454.55,30,756.0,-0.262,0.6964,69.6,2941.5,-2185.5,981.8,523.2,462.15,-96.05,2941.5,ML_CE,STOP,,,,0.0,427.15,,,,,,,,0.62,0.66
729,2026-08-19,14:34:16,14:50:39,BANKNIFTY26AUG57200CE,CE,EXPANSION,427.15,454.55,30,756.0,-0.262,0.6964,69.6,2941.5,-2185.5,983.1,523.2,462.15,-96.05,2941.5,ML_CE,STOP,,,,0.0,427.15,,,,,,,,0.62,0.66
730,2026-08-19,14:34:16,14:50:41,BANKNIFTY26AUG57200CE,CE,EXPANSION,427.15,454.55,30,756.0,-0.262,0.6964,69.6,2941.5,-2185.5,984.4,523.2,462.15,-96.05,2941.5,ML_CE,STOP,,,,0.0,427.15,,,,,,,,0.62,0.66
731,2026-08-19,14:34:16,14:50:42,BANKNIFTY26AUG57200CE,CE,EXPANSION,427.15,454.55,30,756.0,-0.262,0.6964,69.6,2941.5,-2185.5,985.6,523.2,462.15,-96.05,2941.5,ML_CE,STOP,,,,0.0,427.15,,,,,,,,0.62,0.66
732,2026-08-19,14:34:16,14:50:43,BANKNIFTY26AUG57200CE,CE,EXPANSION,427.15,454.55,30,756.0,-0.262,0.6964,69.6,2941.5,-2185.5,986.9,523.2,462.15,-96.05,2941.5,ML_CE,STOP,,,,0.0,427.15,,,,,,,,0.62,0.66
733,2026-08-19,14:34:16,14:50:44,BANKNIFTY26AUG57200CE,CE,EXPANSION,427.15,454.55,30,756.0,-0.262,0.6964,69.6,2941.5,-2185.5,988.1,523.2,462.15,-96.05,2941.5,ML_CE,STOP,,,,0.0,427.15,,,,,,,,0.62,0.66
734,2026-08-19,14:34:16,14:50:45,BANKNIFTY26AUG57200CE,CE,EXPANSION,427.15,454.7,30,760.5,-0.264,0.6964,69.6,2941.5,-2181.0,989.2,523.2,462.15,-96.05,2941.5,ML_CE,STOP,,,,0.0,427.15,,,,,,,,0.62,0.66
735,2026-08-19,14:34:16,14:50:46,BANKNIFTY26AUG57200CE,CE,EXPANSION,427.15,456.4,30,811.5,-0.282,0.6964,69.6,2941.5,-2130.0,990.4,523.2,462.15,-96.05,2941.5,ML_CE,STOP,,,,0.0,427.15,,,,,,,,0.62,0.66
736,2026-08-19,14:34:16,14:50:48,BANKNIFTY26AUG57200CE,CE,EXPANSION,427.15,455.0,30,769.5,-0.267,0.6964,69.6,2941.5,-2172.0,991.6,523.2,462.15,-96.05,2941.5,ML_CE,STOP,,,,0.0,427.15,,,,,,,,0.62,0.66
737,2026-08-19,14:34:16,14:50:49,BANKNIFTY26AUG57200CE,CE,EXPANSION,427.15,456.0,30,799.5,-0.277,0.6964,69.6,2941.5,-2142.0,993.0,523.2,462.15,-96.05,2941.5,ML_CE,STOP,,,,0.0,427.15,,,,,,,,0.62,0.66
738,2026-08-19,14:34:16,14:50:50,BANKNIFTY26AUG57200CE,CE,EXPANSION,427.15,455.0,30,769.5,-0.267,0.6964,69.6,2941.5,-2172.0,994.3,523.2,462.15,-96.05,2941.5,ML_CE,STOP,,,,0.0,427.15,,,,,,,,0.62,0.66
739,2026-08-19,14:34:16,14:50:52,BANKNIFTY26AUG57200CE,CE,EXPANSION,427.15,451.6,30,667.5,-0.232,0.6964,69.6,2941.5,-2274.0,995.4,523.2,462.15,-96.05,2941.5,ML_CE,STOP,,,,0.0,427.15,,,,,,,,0.62,0.66
740,2026-08-19,14:34:16,14:50:53,BANKNIFTY26AUG57200CE,CE,EXPANSION,427.15,450.85,30,645.0,-0.224,0.6964,69.6,2941.5,-2296.5,996.6,523.2,462.15,-96.05,2941.5,ML_CE,STOP,,,,0.0,427.15,,,,,,,,0.62,0.66
741,2026-08-19,14:34:16,14:50:54,BANKNIFTY26AUG57200CE,CE,EXPANSION,427.15,450.9,30,646.5,-0.224,0.6964,69.6,2941.5,-2295.0,997.7,523.2,462.15,-96.05,2941.5,ML_CE,STOP,,,,0.0,427.15,,,,,,,,0.62,0.66
742,2026-08-19,14:34:16,14:50:55,BANKNIFTY26AUG57200CE,CE,EXPANSION,427.15,450.0,30,619.5,-0.215,0.6964,69.6,2941.5,-2322.0,999.0,523.2,462.15,-96.05,2941.5,ML_CE,STOP,,,,0.0,427.15,,,,,,,,0.62,0.66
743,2026-08-19,14:34:16,14:50:57,BANKNIFTY26AUG57200CE,CE,EXPANSION,427.15,446.7,30,520.5,-0.181,0.6964,69.6,2941.5,-2421.0,1000.4,523.2,462.15,-96.05,2941.5,ML_CE,STOP,,,,0.0,427.15,,,,,,,,0.62,0.66
744,2026-08-19,14:34:16,14:50:58,BANKNIFTY26AUG57200CE,CE,EXPANSION,427.15,449.2,30,595.5,-0.207,0.6964,69.6,2941.5,-2346.0,1001.5,523.2,462.15,-96.05,2941.5,ML_CE,STOP,,,,0.0,427.15,,,,,,,,0.62,0.66
745,2026-08-19,14:34:16,14:50:59,BANKNIFTY26AUG57200CE,CE,EXPANSION,427.15,447.85,30,555.0,-0.193,0.6964,69.6,2941.5,-2386.5,1002.8,523.2,462.15,-96.05,2941.5,ML_CE,STOP,,,,0.0,427.15,,,,,,,,0.62,0.66
746,2026-08-19,14:34:16,14:51:00,BANKNIFTY26AUG57200CE,CE,EXPANSION,427.15,447.85,30,555.0,-0.193,0.6964,69.6,2941.5,-2386.5,1003.9,523.2,462.15,-96.05,2941.5,ML_CE,STOP,,,,0.0,427.15,,,,,,,,0.62,0.66
747,2026-08-19,14:34:16,14:51:01,BANKNIFTY26AUG57200CE,CE,EXPANSION,427.15,449.15,30,594.0,-0.206,0.6964,69.6,2941.5,-2347.5,1005.2,523.2,462.15,-96.05,2941.5,ML_CE,STOP,,,,0.0,427.15,,,,,,,,0.62,0.66
748,2026-08-19,14:34:16,14:51:03,BANKNIFTY26AUG57200CE,CE,EXPANSION,427.15,448.55,30,576.0,-0.2,0.6964,69.6,2941.5,-2365.5,1006.5,523.2,462.15,-96.05,2941.5,ML_CE,STOP,,,,0.0,427.15,,,,,,,,0.62,0.66
749,2026-08-19,14:34:16,14:51:04,BANKNIFTY26AUG57200CE,CE,EXPANSION,427.15,448.1,30,562.5,-0.195,0.6964,69.6,2941.5,-2379.0,1007.6,523.2,462.15,-96.05,2941.5,ML_CE,STOP,,,,0.0,427.15,,,,,,,,0.62,0.66
750,2026-08-19,14:34:16,14:51:05,BANKNIFTY26AUG57200CE,CE,EXPANSION,427.15,448.4,30,571.5,-0.198,0.6964,69.6,2941.5,-2370.0,1008.9,523.2,462.15,-96.05,2941.5,ML_CE,STOP,,,,0.0,427.15,,,,,,,,0.62,0.66
751,2026-08-19,14:34:16,14:51:06,BANKNIFTY26AUG57200CE,CE,EXPANSION,427.15,449.45,30,603.0,-0.209,0.6964,69.6,2941.5,-2338.5,1010.0,523.2,462.15,-96.05,2941.5,ML_CE,STOP,,,,0.0,427.15,,,,,,,,0.62,0.66
752,2026-08-19,14:34:16,14:51:07,BANKNIFTY26AUG57200CE,CE,EXPANSION,427.15,449.95,30,618.0,-0.214,0.6964,69.6,2941.5,-2323.5,1011.1,523.2,462.15,-96.05,2941.5,ML_CE,STOP,,,,0.0,427.15,,,,,,,,0.62,0.66
753,2026-08-19,14:34:16,14:51:09,BANKNIFTY26AUG57200CE,CE,EXPANSION,427.15,449.95,30,618.0,-0.214,0.6964,69.6,2941.5,-2323.5,1012.4,523.2,462.15,-96.05,2941.5,ML_CE,STOP,,,,0.0,427.15,,,,,,,,0.62,0.66
754,2026-08-19,14:34:16,14:51:10,BANKNIFTY26AUG57200CE,CE,EXPANSION,427.15,453.2,30,715.5,-0.248,0.6964,69.6,2941.5,-2226.0,1013.5,523.2,462.15,-96.05,2941.5,ML_CE,STOP,,,,0.0,427.15,,,,,,,,0.62,0.66
755,2026-08-19,14:34:16,14:51:11,BANKNIFTY26AUG57200CE,CE,EXPANSION,427.15,455.85,30,795.0,-0.276,0.6964,69.6,2941.5,-2146.5,1014.6,523.2,462.15,-96.05,2941.5,ML_CE,STOP,,,,0.0,427.15,,,,,,,,0.62,0.66
756,2026-08-19,14:34:16,14:51:12,BANKNIFTY26AUG57200CE,CE,EXPANSION,427.15,456.3,30,808.5,-0.281,0.6964,69.6,2941.5,-2133.0,1015.9,523.2,462.15,-96.05,2941.5,ML_CE,STOP,,,,0.0,427.15,,,,,,,,0.62,0.66
757,2026-08-19,14:34:16,14:51:13,BANKNIFTY26AUG57200CE,CE,EXPANSION,427.15,457.05,30,831.0,-0.288,0.6964,69.6,2941.5,-2110.5,1017.2,523.2,462.15,-96.05,2941.5,ML_CE,STOP,,,,0.0,427.15,,,,,,,,0.62,0.66
758,2026-08-19,14:34:16,14:51:15,BANKNIFTY26AUG57200CE,CE,EXPANSION,427.15,457.75,30,852.0,-0.296,0.6964,69.6,2941.5,-2089.5,1018.5,523.2,462.15,-96.05,2941.5,ML_CE,STOP,,,,0.0,427.15,,,,,,,,0.62,0.66
759,2026-08-19,14:34:16,14:51:16,BANKNIFTY26AUG57200CE,CE,EXPANSION,427.15,457.85,30,855.0,-0.297,0.6964,69.6,2941.5,-2086.5,1019.8,523.2,462.15,-96.05,2941.5,ML_CE,STOP,,,,0.0,427.15,,,,,,,,0.62,0.66
760,2026-08-19,14:34:16,14:51:17,BANKNIFTY26AUG57200CE,CE,EXPANSION,427.15,455.8,30,793.5,-0.275,0.6964,69.6,2941.5,-2148.0,1021.1,523.2,462.15,-96.05,2941.5,ML_CE,STOP,,,,0.0,427.15,,,,,,,,0.62,0.66
761,2026-08-19,14:34:16,14:51:18,BANKNIFTY26AUG57200CE,CE,EXPANSION,427.15,455.95,30,798.0,-0.277,0.6964,69.6,2941.5,-2143.5,1022.2,523.2,462.15,-96.05,2941.5,ML_CE,STOP,,,,0.0,427.15,,,,,,,,0.62,0.66
762,2026-08-19,14:34:16,14:51:20,BANKNIFTY26AUG57200CE,CE,EXPANSION,427.15,455.85,30,795.0,-0.276,0.6964,69.6,2941.5,-2146.5,1023.6,523.2,462.15,-96.05,2941.5,ML_CE,STOP,,,,0.0,427.15,,,,,,,,0.62,0.66
763,2026-08-19,14:34:16,14:51:21,BANKNIFTY26AUG57200CE,CE,EXPANSION,427.15,455.85,30,795.0,-0.276,0.6964,69.6,2941.5,-2146.5,1024.7,523.2,462.15,-96.05,2941.5,ML_CE,STOP,,,,0.0,427.15,,,,,,,,0.62,0.66
764,2026-08-19,14:34:16,14:51:22,BANKNIFTY26AUG57200CE,CE,EXPANSION,427.15,457.75,30,852.0,-0.296,0.6964,69.6,2941.5,-2089.5,1025.9,523.2,462.15,-96.05,2941.5,ML_CE,STOP,,,,0.0,427.15,,,,,,,,0.62,0.66
765,2026-08-19,14:34:16,14:51:23,BANKNIFTY26AUG57200CE,CE,EXPANSION,427.15,457.4,30,841.5,-0.292,0.6964,69.6,2941.5,-2100.0,1027.0,523.2,462.15,-96.05,2941.5,ML_CE,STOP,,,,0.0,427.15,,,,,,,,0.62,0.66
766,2026-08-19,14:34:16,14:51:24,BANKNIFTY26AUG57200CE,CE,EXPANSION,427.15,457.9,30,856.5,-0.297,0.6964,69.6,2941.5,-2085.0,1028.3,523.2,462.15,-96.05,2941.5,ML_CE,STOP,,,,0.0,427.15,,,,,,,,0.62,0.66
767,2026-08-19,14:34:16,14:51:26,BANKNIFTY26AUG57200CE,CE,EXPANSION,427.15,457.3,30,838.5,-0.291,0.6964,69.6,2941.5,-2103.0,1029.4,523.2,462.15,-96.05,2941.5,ML_CE,STOP,,,,0.0,427.15,,,,,,,,0.62,0.66
768,2026-08-19,14:34:16,14:51:27,BANKNIFTY26AUG57200CE,CE,EXPANSION,427.15,457.3,30,838.5,-0.291,0.6964,69.6,2941.5,-2103.0,1030.6,523.2,462.15,-96.05,2941.5,ML_CE,STOP,,,,0.0,427.15,,,,,,,,0.62,0.66
769,2026-08-19,14:34:16,14:51:28,BANKNIFTY26AUG57200CE,CE,EXPANSION,427.15,457.3,30,838.5,-0.291,0.6964,69.6,2941.5,-2103.0,1031.7,523.2,462.15,-96.05,2941.5,ML_CE,STOP,,,,0.0,427.15,,,,,,,,0.62,0.66
770,2026-08-19,14:34:16,14:51:29,BANKNIFTY26AUG57200CE,CE,EXPANSION,427.15,457.95,30,858.0,-0.298,0.6964,69.6,2941.5,-2083.5,1033.2,523.2,462.15,-96.05,2941.5,ML_CE,STOP,,,,0.0,427.15,,,,,,,,0.62,0.66
771,2026-08-19,14:34:16,14:51:31,BANKNIFTY26AUG57200CE,CE,EXPANSION,427.15,454.9,30,766.5,-0.266,0.6964,69.6,2941.5,-2175.0,1034.5,523.2,462.15,-96.05,2941.5,ML_CE,STOP,,,,0.0,427.15,,,,,,,,0.62,0.66
772,2026-08-19,14:34:16,14:51:32,BANKNIFTY26AUG57200CE,CE,EXPANSION,427.15,450.9,30,646.5,-0.224,0.6964,69.6,2941.5,-2295.0,1035.9,523.2,462.15,-96.05,2941.5,ML_CE,STOP,,,,0.0,427.15,,,,,,,,0.62,0.66
773,2026-08-19,14:34:16,14:51:33,BANKNIFTY26AUG57200CE,CE,EXPANSION,427.15,452.45,30,693.0,-0.24,0.6964,69.6,2941.5,-2248.5,1037.1,523.2,462.15,-96.05,2941.5,ML_CE,STOP,,,,0.0,427.15,,,,,,,,0.62,0.66
774,2026-08-19,14:34:16,14:51:35,BANKNIFTY26AUG57200CE,CE,EXPANSION,427.15,453.9,30,736.5,-0.256,0.6964,69.6,2941.5,-2205.0,1038.5,523.2,462.15,-96.05,2941.5,ML_CE,STOP,,,,0.0,427.15,,,,,,,,0.62,0.66
775,2026-08-19,14:34:16,14:51:36,BANKNIFTY26AUG57200CE,CE,EXPANSION,427.15,455.45,30,783.0,-0.272,0.6964,69.6,2941.5,-2158.5,1039.7,523.2,462.15,-96.05,2941.5,ML_CE,STOP,,,,0.0,427.15,,,,,,,,0.62,0.66
776,2026-08-19,14:34:16,14:51:37,BANKNIFTY26AUG57200CE,CE,EXPANSION,427.15,456.45,30,813.0,-0.282,0.6964,69.6,2941.5,-2128.5,1040.9,523.2,462.15,-96.05,2941.5,ML_CE,STOP,,,,0.0,427.15,,,,,,,,0.62,0.66
777,2026-08-19,14:34:16,14:51:38,BANKNIFTY26AUG57200CE,CE,EXPANSION,427.15,457.55,30,846.0,-0.294,0.6964,69.6,2941.5,-2095.5,1042.2,523.2,462.15,-96.05,2941.5,ML_CE,STOP,,,,0.0,427.15,,,,,,,,0.62,0.66
778,2026-08-19,14:34:16,14:51:40,BANKNIFTY26AUG57200CE,CE,EXPANSION,427.15,457.55,30,846.0,-0.294,0.6964,69.6,2941.5,-2095.5,1043.6,523.2,462.15,-96.05,2941.5,ML_CE,STOP,,,,0.0,427.15,,,,,,,,0.62,0.66
779,2026-08-19,14:34:16,14:51:41,BANKNIFTY26AUG57200CE,CE,EXPANSION,427.15,458.3,30,868.5,-0.301,0.6964,69.6,2941.5,-2073.0,1044.8,523.2,462.15,-96.05,2941.5,ML_CE,STOP,,,,0.0,427.15,,,,,,,,0.62,0.66
780,2026-08-19,14:34:16,14:51:42,BANKNIFTY26AUG57200CE,CE,EXPANSION,427.15,458.6,30,877.5,-0.305,0.6964,69.6,2941.5,-2064.0,1046.0,523.2,462.15,-96.05,2941.5,ML_CE,STOP,,,,0.0,427.15,,,,,,,,0.62,0.66
781,2026-08-19,14:34:16,14:51:43,BANKNIFTY26AUG57200CE,CE,EXPANSION,427.15,458.5,30,874.5,-0.303,0.6964,69.6,2941.5,-2067.0,1047.1,523.2,462.15,-96.05,2941.5,ML_CE,STOP,,,,0.0,427.15,,,,,,,,0.62,0.66
782,2026-08-19,14:34:16,14:51:44,BANKNIFTY26AUG57200CE,CE,EXPANSION,427.15,457.3,30,838.5,-0.291,0.6964,69.6,2941.5,-2103.0,1048.4,523.2,462.15,-96.05,2941.5,ML_CE,STOP,,,,0.0,427.15,,,,,,,,0.62,0.66
783,2026-08-19,14:34:16,14:51:46,BANKNIFTY26AUG57200CE,CE,EXPANSION,427.15,455.0,30,769.5,-0.267,0.6964,69.6,2941.5,-2172.0,1049.7,523.2,462.15,-96.05,2941.5,ML_CE,STOP,,,,0.0,427.15,,,,,,,,0.62,0.66
784,2026-08-19,14:34:16,14:51:47,BANKNIFTY26AUG57200CE,CE,EXPANSION,427.15,451.95,30,678.0,-0.235,0.6964,69.6,2941.5,-2263.5,1051.1,523.2,462.15,-96.05,2941.5,ML_CE,STOP,,,,0.0,427.15,,,,,,,,0.62,0.66
785,2026-08-19,14:34:16,14:51:48,BANKNIFTY26AUG57200CE,CE,EXPANSION,427.15,454.7,30,760.5,-0.264,0.6964,69.6,2941.5,-2181.0,1052.4,523.2,462.15,-96.05,2941.5,ML_CE,STOP,,,,0.0,427.15,,,,,,,,0.62,0.66
786,2026-08-19,14:34:16,14:51:50,BANKNIFTY26AUG57200CE,CE,EXPANSION,427.15,453.8,30,733.5,-0.255,0.6964,69.6,2941.5,-2208.0,1053.6,523.2,462.15,-96.05,2941.5,ML_CE,STOP,,,,0.0,427.15,,,,,,,,0.62,0.66
787,2026-08-19,14:34:16,14:51:51,BANKNIFTY26AUG57200CE,CE,EXPANSION,427.15,455.55,30,786.0,-0.273,0.6964,69.6,2941.5,-2155.5,1054.9,523.2,462.15,-96.05,2941.5,ML_CE,STOP,,,,0.0,427.15,,,,,,,,0.62,0.66
788,2026-08-19,14:34:16,14:51:52,BANKNIFTY26AUG57200CE,CE,EXPANSION,427.15,454.05,30,741.0,-0.257,0.6964,69.6,2941.5,-2200.5,1056.0,523.2,462.15,-96.05,2941.5,ML_CE,STOP,,,,0.0,427.15,,,,,,,,0.62,0.66
789,2026-08-19,14:34:16,14:51:53,BANKNIFTY26AUG57200CE,CE,EXPANSION,427.15,453.95,30,738.0,-0.256,0.6964,69.6,2941.5,-2203.5,1057.3,523.2,462.15,-96.05,2941.5,ML_CE,STOP,,,,0.0,427.15,,,,,,,,0.62,0.66
790,2026-08-19,14:34:16,14:51:55,BANKNIFTY26AUG57200CE,CE,EXPANSION,427.15,452.95,30,708.0,-0.246,0.6964,69.6,2941.5,-2233.5,1058.6,523.2,462.15,-96.05,2941.5,ML_CE,STOP,,,,0.0,427.15,,,,,,,,0.62,0.66
791,2026-08-19,14:34:16,14:51:56,BANKNIFTY26AUG57200CE,CE,EXPANSION,427.15,452.0,30,679.5,-0.236,0.6964,69.6,2941.5,-2262.0,1059.8,523.2,462.15,-96.05,2941.5,ML_CE,STOP,,,,0.0,427.15,,,,,,,,0.62,0.66
792,2026-08-19,14:34:16,14:51:57,BANKNIFTY26AUG57200CE,CE,EXPANSION,427.15,452.0,30,679.5,-0.236,0.6964,69.6,2941.5,-2262.0,1061.1,523.2,462.15,-96.05,2941.5,ML_CE,STOP,,,,0.0,427.15,,,,,,,,0.62,0.66
793,2026-08-19,14:34:16,14:51:58,BANKNIFTY26AUG57200CE,CE,EXPANSION,427.15,452.0,30,679.5,-0.236,0.6964,69.6,2941.5,-2262.0,1062.4,523.2,462.15,-96.05,2941.5,ML_CE,STOP,,,,0.0,427.15,,,,,,,,0.62,0.66
794,2026-08-19,14:34:16,14:52:00,BANKNIFTY26AUG57200CE,CE,EXPANSION,427.15,452.0,30,679.5,-0.236,0.6964,69.6,2941.5,-2262.0,1063.5,523.2,462.15,-96.05,2941.5,ML_CE,STOP,,,,0.0,427.15,,,,,,,,0.62,0.66
795,2026-08-19,14:34:16,14:52:01,BANKNIFTY26AUG57200CE,CE,EXPANSION,427.15,451.75,30,672.0,-0.233,0.6964,69.6,2941.5,-2269.5,1064.6,523.2,462.15,-96.05,2941.5,ML_CE,STOP,,,,0.0,427.15,,,,,,,,0.62,0.66
796,2026-08-19,14:34:16,14:52:02,BANKNIFTY26AUG57200CE,CE,EXPANSION,427.15,452.75,30,702.0,-0.244,0.6964,69.6,2941.5,-2239.5,1065.7,523.2,462.15,-96.05,2941.5,ML_CE,STOP,,,,0.0,427.15,,,,,,,,0.62,0.66
797,2026-08-19,14:34:16,14:52:03,BANKNIFTY26AUG57200CE,CE,EXPANSION,427.15,453.75,30,732.0,-0.254,0.6964,69.6,2941.5,-2209.5,1067.0,523.2,462.15,-96.05,2941.5,ML_CE,STOP,,,,0.0,427.15,,,,,,,,0.62,0.66
798,2026-08-19,14:34:16,14:52:04,BANKNIFTY26AUG57200CE,CE,EXPANSION,427.15,453.55,30,726.0,-0.252,0.6964,69.6,2941.5,-2215.5,1068.3,523.2,462.15,-96.05,2941.5,ML_CE,STOP,,,,0.0,427.15,,,,,,,,0.62,0.66
799,2026-08-19,14:34:16,14:52:06,BANKNIFTY26AUG57200CE,CE,EXPANSION,427.15,452.95,30,708.0,-0.246,0.6964,69.6,2941.5,-2233.5,1069.7,523.2,462.15,-96.05,2941.5,ML_CE,STOP,,,,0.0,427.15,,,,,,,,0.62,0.66
800,2026-08-19,14:34:16,14:52:07,BANKNIFTY26AUG57200CE,CE,EXPANSION,427.15,453.0,30,709.5,-0.246,0.6964,69.6,2941.5,-2232.0,1071.2,523.2,462.15,-96.05,2941.5,ML_CE,STOP,,,,0.0,427.15,,,,,,,,0.62,0.66
801,2026-08-19,14:34:16,14:52:09,BANKNIFTY26AUG57200CE,CE,EXPANSION,427.15,453.55,30,726.0,-0.252,0.6964,69.6,2941.5,-2215.5,1072.4,523.2,462.15,-96.05,2941.5,ML_CE,STOP,,,,0.0,427.15,,,,,,,,0.62,0.66
802,2026-08-19,14:34:16,14:52:10,BANKNIFTY26AUG57200CE,CE,EXPANSION,427.15,453.55,30,726.0,-0.252,0.6964,69.6,2941.5,-2215.5,1073.6,523.2,462.15,-96.05,2941.5,ML_CE,STOP,,,,0.0,427.15,,,,,,,,0.62,0.66
803,2026-08-19,14:34:16,14:52:11,BANKNIFTY26AUG57200CE,CE,EXPANSION,427.15,455.3,30,778.5,-0.27,0.6964,69.6,2941.5,-2163.0,1074.7,523.2,462.15,-96.05,2941.5,ML_CE,STOP,,,,0.0,427.15,,,,,,,,0.62,0.66
804,2026-08-19,14:34:16,14:52:12,BANKNIFTY26AUG57200CE,CE,EXPANSION,427.15,452.05,30,681.0,-0.236,0.6964,69.6,2941.5,-2260.5,1076.0,523.2,462.15,-96.05,2941.5,ML_CE,STOP,,,,0.0,427.15,,,,,,,,0.62,0.66
805,2026-08-19,14:34:16,14:52:14,BANKNIFTY26AUG57200CE,CE,EXPANSION,427.15,452.05,30,681.0,-0.236,0.6964,69.6,2941.5,-2260.5,1077.4,523.2,462.15,-96.05,2941.5,ML_CE,STOP,,,,0.0,427.15,,,,,,,,0.62,0.66
806,2026-08-19,14:34:16,14:52:15,BANKNIFTY26AUG57200CE,CE,EXPANSION,427.15,452.1,30,682.5,-0.237,0.6964,69.6,2941.5,-2259.0,1078.5,523.2,462.15,-96.05,2941.5,ML_CE,STOP,,,,0.0,427.15,,,,,,,,0.62,0.66
807,2026-08-19,14:34:16,14:52:16,BANKNIFTY26AUG57200CE,CE,EXPANSION,427.15,448.0,30,559.5,-0.194,0.6964,69.6,2941.5,-2382.0,1079.9,523.2,462.15,-96.05,2941.5,ML_CE,STOP,,,,0.0,427.15,,,,,,,,0.62,0.66
808,2026-08-19,14:34:16,14:52:17,BANKNIFTY26AUG57200CE,CE,EXPANSION,427.15,448.0,30,559.5,-0.194,0.6964,69.6,2941.5,-2382.0,1081.0,523.2,462.15,-96.05,2941.5,ML_CE,STOP,,,,0.0,427.15,,,,,,,,0.62,0.66
809,2026-08-19,14:34:16,14:52:18,BANKNIFTY26AUG57200CE,CE,EXPANSION,427.15,448.05,30,561.0,-0.195,0.6964,69.6,2941.5,-2380.5,1082.3,523.2,462.15,-96.05,2941.5,ML_CE,STOP,,,,0.0,427.15,,,,,,,,0.62,0.66
810,2026-08-19,14:34:16,14:52:20,BANKNIFTY26AUG57200CE,CE,EXPANSION,427.15,448.6,30,577.5,-0.2,0.6964,69.6,2941.5,-2364.0,1083.4,523.2,462.15,-96.05,2941.5,ML_CE,STOP,,,,0.0,427.15,,,,,,,,0.62,0.66
811,2026-08-19,14:34:16,14:52:21,BANKNIFTY26AUG57200CE,CE,EXPANSION,427.15,449.9,30,616.5,-0.214,0.6964,69.6,2941.5,-2325.0,1084.5,523.2,462.15,-96.05,2941.5,ML_CE,STOP,,,,0.0,427.15,,,,,,,,0.62,0.66
812,2026-08-19,14:34:16,14:52:22,BANKNIFTY26AUG57200CE,CE,EXPANSION,427.15,449.9,30,616.5,-0.214,0.6964,69.6,2941.5,-2325.0,1085.7,523.2,462.15,-96.05,2941.5,ML_CE,STOP,,,,0.0,427.15,,,,,,,,0.62,0.66
813,2026-08-19,14:34:16,14:52:23,BANKNIFTY26AUG57200CE,CE,EXPANSION,427.15,451.15,30,654.0,-0.227,0.6964,69.6,2941.5,-2287.5,1086.9,523.2,462.15,-96.05,2941.5,ML_CE,STOP,,,,0.0,427.15,,,,,,,,0.62,0.66
814,2026-08-19,14:34:16,14:52:24,BANKNIFTY26AUG57200CE,CE,EXPANSION,427.15,451.15,30,654.0,-0.227,0.6964,69.6,2941.5,-2287.5,1088.2,523.2,462.15,-96.05,2941.5,ML_CE,STOP,,,,0.0,427.15,,,,,,,,0.62,0.66
815,2026-08-19,14:34:16,14:52:25,BANKNIFTY26AUG57200CE,CE,EXPANSION,427.15,448.25,30,567.0,-0.197,0.6964,69.6,2941.5,-2374.5,1089.4,523.2,462.15,-96.05,2941.5,ML_CE,STOP,,,,0.0,427.15,,,,,,,,0.62,0.66
816,2026-08-19,14:34:16,14:52:27,BANKNIFTY26AUG57200CE,CE,EXPANSION,427.15,448.25,30,567.0,-0.197,0.6964,69.6,2941.5,-2374.5,1090.5,523.2,462.15,-96.05,2941.5,ML_CE,STOP,,,,0.0,427.15,,,,,,,,0.62,0.66
817,2026-08-19,14:34:16,14:52:28,BANKNIFTY26AUG57200CE,CE,EXPANSION,427.15,449.0,30,589.5,-0.205,0.6964,69.6,2941.5,-2352.0,1092.0,523.2,462.15,-96.05,2941.5,ML_CE,STOP,,,,0.0,427.15,,,,,,,,0.62,0.66
818,2026-08-19,14:34:16,14:52:29,BANKNIFTY26AUG57200CE,CE,EXPANSION,427.15,451.15,30,654.0,-0.227,0.6964,69.6,2941.5,-2287.5,1093.3,523.2,462.15,-96.05,2941.5,ML_CE,STOP,,,,0.0,427.15,,,,,,,,0.62,0.66
819,2026-08-19,14:34:16,14:52:31,BANKNIFTY26AUG57200CE,CE,EXPANSION,427.15,451.15,30,654.0,-0.227,0.6964,69.6,2941.5,-2287.5,1094.5,523.2,462.15,-96.05,2941.5,ML_CE,STOP,,,,0.0,427.15,,,,,,,,0.62,0.66
820,2026-08-19,14:34:16,14:52:32,BANKNIFTY26AUG57200CE,CE,EXPANSION,427.15,449.5,30,604.5,-0.21,0.6964,69.6,2941.5,-2337.0,1095.9,523.2,462.15,-96.05,2941.5,ML_CE,STOP,,,,0.0,427.15,,,,,,,,0.62,0.66
821,2026-08-19,14:34:16,14:52:33,BANKNIFTY26AUG57200CE,CE,EXPANSION,427.15,449.5,30,604.5,-0.21,0.6964,69.6,2941.5,-2337.0,1097.0,523.2,462.15,-96.05,2941.5,ML_CE,STOP,,,,0.0,427.15,,,,,,,,0.62,0.66
822,2026-08-19,14:34:16,14:52:34,BANKNIFTY26AUG57200CE,CE,EXPANSION,427.15,448.0,30,559.5,-0.194,0.6964,69.6,2941.5,-2382.0,1098.2,523.2,462.15,-96.05,2941.5,ML_CE,STOP,,,,0.0,427.15,,,,,,,,0.62,0.66
823,2026-08-19,14:34:16,14:52:36,BANKNIFTY26AUG57200CE,CE,EXPANSION,427.15,447.95,30,558.0,-0.194,0.6964,69.6,2941.5,-2383.5,1099.4,523.2,462.15,-96.05,2941.5,ML_CE,STOP,,,,0.0,427.15,,,,,,,,0.62,0.66
824,2026-08-19,14:34:16,14:52:37,BANKNIFTY26AUG57200CE,CE,EXPANSION,427.15,446.7,30,520.5,-0.181,0.6964,69.6,2941.5,-2421.0,1100.6,523.2,462.15,-96.05,2941.5,ML_CE,STOP,,,,0.0,427.15,,,,,,,,0.62,0.66
825,2026-08-19,14:34:16,14:52:38,BANKNIFTY26AUG57200CE,CE,EXPANSION,427.15,448.3,30,568.5,-0.197,0.6964,69.6,2941.5,-2373.0,1101.9,523.2,462.15,-96.05,2941.5,ML_CE,STOP,,,,0.0,427.15,,,,,,,,0.62,0.66
826,2026-08-19,14:34:16,14:52:39,BANKNIFTY26AUG57200CE,CE,EXPANSION,427.15,448.95,30,588.0,-0.204,0.6964,69.6,2941.5,-2353.5,1103.3,523.2,462.15,-96.05,2941.5,ML_CE,STOP,,,,0.0,427.15,,,,,,,,0.62,0.66
827,2026-08-19,14:34:16,14:52:41,BANKNIFTY26AUG57200CE,CE,EXPANSION,427.15,447.25,30,537.0,-0.186,0.6964,69.6,2941.5,-2404.5,1104.6,523.2,462.15,-96.05,2941.5,ML_CE,STOP,,,,0.0,427.15,,,,,,,,0.62,0.66
828,2026-08-19,14:34:16,14:52:42,BANKNIFTY26AUG57200CE,CE,EXPANSION,427.15,448.25,30,567.0,-0.197,0.6964,69.6,2941.5,-2374.5,1105.9,523.2,462.15,-96.05,2941.5,ML_CE,STOP,,,,0.0,427.15,,,,,,,,0.62,0.66
829,2026-08-19,14:34:16,14:52:43,BANKNIFTY26AUG57200CE,CE,EXPANSION,427.15,450.0,30,619.5,-0.215,0.6964,69.6,2941.5,-2322.0,1107.1,523.2,462.15,-96.05,2941.5,ML_CE,STOP,,,,0.0,427.15,,,,,,,,0.62,0.66
830,2026-08-19,14:34:16,14:52:45,BANKNIFTY26AUG57200CE,CE,EXPANSION,427.15,446.8,30,523.5,-0.182,0.6964,69.6,2941.5,-2418.0,1108.4,523.2,462.15,-96.05,2941.5,ML_CE,STOP,,,,0.0,427.15,,,,,,,,0.62,0.66
831,2026-08-19,14:34:16,14:52:46,BANKNIFTY26AUG57200CE,CE,EXPANSION,427.15,449.2,30,595.5,-0.207,0.6964,69.6,2941.5,-2346.0,1109.5,523.2,462.15,-96.05,2941.5,ML_CE,STOP,,,,0.0,427.15,,,,,,,,0.62,0.66
832,2026-08-19,14:34:16,14:52:47,BANKNIFTY26AUG57200CE,CE,EXPANSION,427.15,449.2,30,595.5,-0.207,0.6964,69.6,2941.5,-2346.0,1110.8,523.2,462.15,-96.05,2941.5,ML_CE,STOP,,,,0.0,427.15,,,,,,,,0.62,0.66
833,2026-08-19,14:34:16,14:52:48,BANKNIFTY26AUG57200CE,CE,EXPANSION,427.15,449.2,30,595.5,-0.207,0.6964,69.6,2941.5,-2346.0,1111.9,523.2,462.15,-96.05,2941.5,ML_CE,STOP,,,,0.0,427.15,,,,,,,,0.62,0.66
834,2026-08-19,14:34:16,14:52:49,BANKNIFTY26AUG57200CE,CE,EXPANSION,427.15,449.2,30,595.5,-0.207,0.6964,69.6,2941.5,-2346.0,1113.2,523.2,462.15,-96.05,2941.5,ML_CE,STOP,,,,0.0,427.15,,,,,,,,0.62,0.66
835,2026-08-19,14:34:16,14:52:51,BANKNIFTY26AUG57200CE,CE,EXPANSION,427.15,447.25,30,537.0,-0.186,0.6964,69.6,2941.5,-2404.5,1114.5,523.2,462.15,-96.05,2941.5,ML_CE,STOP,,,,0.0,427.15,,,,,,,,0.62,0.66
836,2026-08-19,14:34:16,14:52:52,BANKNIFTY26AUG57200CE,CE,EXPANSION,427.15,447.25,30,537.0,-0.186,0.6964,69.6,2941.5,-2404.5,1115.8,523.2,462.15,-96.05,2941.5,ML_CE,STOP,,,,0.0,427.15,,,,,,,,0.62,0.66
837,2026-08-19,14:34:16,14:52:53,BANKNIFTY26AUG57200CE,CE,EXPANSION,427.15,447.25,30,537.0,-0.186,0.6964,69.6,2941.5,-2404.5,1116.9,523.2,462.15,-96.05,2941.5,ML_CE,STOP,,,,0.0,427.15,,,,,,,,0.62,0.66
838,2026-08-19,14:34:16,14:52:54,BANKNIFTY26AUG57200CE,CE,EXPANSION,427.15,447.95,30,558.0,-0.194,0.6964,69.6,2941.5,-2383.5,1118.0,523.2,462.15,-96.05,2941.5,ML_CE,STOP,,,,0.0,427.15,,,,,,,,0.62,0.66
839,2026-08-19,14:34:16,14:52:55,BANKNIFTY26AUG57200CE,CE,EXPANSION,427.15,446.6,30,517.5,-0.18,0.6964,69.6,2941.5,-2424.0,1119.1,523.2,462.15,-96.05,2941.5,ML_CE,STOP,,,,0.0,427.15,,,,,,,,0.62,0.66
840,2026-08-19,14:34:16,14:52:57,BANKNIFTY26AUG57200CE,CE,EXPANSION,427.15,442.0,30,379.5,-0.132,0.6964,69.6,2941.5,-2562.0,1120.4,523.2,462.15,-96.05,2941.5,ML_CE,STOP,,,,0.0,427.15,,,,,,,,0.62,0.66
841,2026-08-19,14:34:16,14:52:58,BANKNIFTY26AUG57200CE,CE,EXPANSION,427.15,437.9,30,256.5,-0.089,0.6964,69.6,2941.5,-2685.0,1121.5,523.2,462.15,-96.05,2941.5,ML_CE,STOP,,,,0.0,427.15,,,,,,,,0.62,0.66
842,2026-08-19,14:34:16,14:52:59,BANKNIFTY26AUG57200CE,CE,EXPANSION,427.15,439.9,30,316.5,-0.11,0.6964,69.6,2941.5,-2625.0,1122.8,523.2,462.15,-96.05,2941.5,ML_CE,STOP,,,,0.0,427.15,,,,,,,,0.62,0.66
843,2026-08-19,14:34:16,14:53:00,BANKNIFTY26AUG57200CE,CE,EXPANSION,427.15,441.3,30,358.5,-0.124,0.6964,69.6,2941.5,-2583.0,1124.0,523.2,462.15,-96.05,2941.5,ML_CE,STOP,,,,0.0,427.15,,,,,,,,0.62,0.66
844,2026-08-19,14:34:16,14:53:01,BANKNIFTY26AUG57200CE,CE,EXPANSION,427.15,440.4,30,331.5,-0.115,0.6964,69.6,2941.5,-2610.0,1125.1,523.2,462.15,-96.05,2941.5,ML_CE,STOP,,,,0.0,427.15,,,,,,,,0.62,0.66
845,2026-08-19,14:34:16,14:53:03,BANKNIFTY26AUG57200CE,CE,EXPANSION,427.15,439.4,30,301.5,-0.105,0.6964,69.6,2941.5,-2640.0,1126.4,523.2,462.15,-96.05,2941.5,ML_CE,STOP,,,,0.0,427.15,,,,,,,,0.62,0.66
846,2026-08-19,14:34:16,14:53:04,BANKNIFTY26AUG57200CE,CE,EXPANSION,427.15,440.05,30,321.0,-0.111,0.6964,69.6,2941.5,-2620.5,1127.5,523.2,462.15,-96.05,2941.5,ML_CE,STOP,,,,0.0,427.15,,,,,,,,0.62,0.66
847,2026-08-19,14:34:16,14:53:05,BANKNIFTY26AUG57200CE,CE,EXPANSION,427.15,441.6,30,367.5,-0.128,0.6964,69.6,2941.5,-2574.0,1128.8,523.2,462.15,-96.05,2941.5,ML_CE,STOP,,,,0.0,427.15,,,,,,,,0.62,0.66
848,2026-08-19,14:34:16,14:53:06,BANKNIFTY26AUG57200CE,CE,EXPANSION,427.15,441.6,30,367.5,-0.128,0.6964,69.6,2941.5,-2574.0,1129.9,523.2,462.15,-96.05,2941.5,ML_CE,STOP,,,,0.0,427.15,,,,,,,,0.62,0.66
849,2026-08-19,14:34:16,14:53:07,BANKNIFTY26AUG57200CE,CE,EXPANSION,427.15,443.8,30,433.5,-0.15,0.6964,69.6,2941.5,-2508.0,1131.0,523.2,462.15,-96.05,2941.5,ML_CE,STOP,,,,0.0,427.15,,,,,,,,0.62,0.66
850,2026-08-19,14:34:16,14:53:08,BANKNIFTY26AUG57200CE,CE,EXPANSION,427.15,442.45,30,393.0,-0.136,0.6964,69.6,2941.5,-2548.5,1132.1,523.2,462.15,-96.05,2941.5,ML_CE,STOP,,,,0.0,427.15,,,,,,,,0.62,0.66
851,2026-08-19,14:34:16,14:53:10,BANKNIFTY26AUG57200CE,CE,EXPANSION,427.15,442.75,30,402.0,-0.14,0.6964,69.6,2941.5,-2539.5,1133.4,523.2,462.15,-96.05,2941.5,ML_CE,STOP,,,,0.0,427.15,,,,,,,,0.62,0.66
852,2026-08-19,14:34:16,14:53:11,BANKNIFTY26AUG57200CE,CE,EXPANSION,427.15,442.6,30,397.5,-0.138,0.6964,69.6,2941.5,-2544.0,1134.7,523.2,462.15,-96.05,2941.5,ML_CE,STOP,,,,0.0,427.15,,,,,,,,0.62,0.66
853,2026-08-19,14:34:16,14:53:12,BANKNIFTY26AUG57200CE,CE,EXPANSION,427.15,442.05,30,381.0,-0.132,0.6964,69.6,2941.5,-2560.5,1135.8,523.2,462.15,-96.05,2941.5,ML_CE,STOP,,,,0.0,427.15,,,,,,,,0.62,0.66
854,2026-08-19,14:34:16,14:53:13,BANKNIFTY26AUG57200CE,CE,EXPANSION,427.15,440.0,30,319.5,-0.111,0.6964,69.6,2941.5,-2622.0,1136.9,523.2,462.15,-96.05,2941.5,ML_CE,STOP,,,,0.0,427.15,,,,,,,,0.62,0.66
855,2026-08-19,14:34:16,14:53:14,BANKNIFTY26AUG57200CE,CE,EXPANSION,427.15,439.8,30,313.5,-0.109,0.6964,69.6,2941.5,-2628.0,1138.0,523.2,462.15,-96.05,2941.5,ML_CE,STOP,,,,0.0,427.15,,,,,,,,0.62,0.66
856,2026-08-19,14:34:16,14:53:15,BANKNIFTY26AUG57200CE,CE,EXPANSION,427.15,440.3,30,328.5,-0.114,0.6964,69.6,2941.5,-2613.0,1139.1,523.2,462.15,-96.05,2941.5,ML_CE,STOP,,,,0.0,427.15,,,,,,,,0.62,0.66
857,2026-08-19,14:34:16,14:53:17,BANKNIFTY26AUG57200CE,CE,EXPANSION,427.15,440.7,30,340.5,-0.118,0.6964,69.6,2941.5,-2601.0,1140.6,523.2,462.15,-96.05,2941.5,ML_CE,STOP,,,,0.0,427.15,,,,,,,,0.62,0.66
858,2026-08-19,14:34:16,14:53:18,BANKNIFTY26AUG57200CE,CE,EXPANSION,427.15,444.95,30,468.0,-0.162,0.6964,69.6,2941.5,-2473.5,1141.9,523.2,462.15,-96.05,2941.5,ML_CE,STOP,,,,0.0,427.15,,,,,,,,0.62,0.66
859,2026-08-19,14:34:16,14:53:19,BANKNIFTY26AUG57200CE,CE,EXPANSION,427.15,444.95,30,468.0,-0.162,0.6964,69.6,2941.5,-2473.5,1143.0,523.2,462.15,-96.05,2941.5,ML_CE,STOP,,,,0.0,427.15,,,,,,,,0.62,0.66
860,2026-08-19,14:34:16,14:53:20,BANKNIFTY26AUG57200CE,CE,EXPANSION,427.15,446.15,30,504.0,-0.175,0.6964,69.6,2941.5,-2437.5,1144.1,523.2,462.15,-96.05,2941.5,ML_CE,STOP,,,,0.0,427.15,,,,,,,,0.62,0.66
861,2026-08-19,14:34:16,14:53:22,BANKNIFTY26AUG57200CE,CE,EXPANSION,427.15,445.65,30,489.0,-0.17,0.6964,69.6,2941.5,-2452.5,1145.4,523.2,462.15,-96.05,2941.5,ML_CE,STOP,,,,0.0,427.15,,,,,,,,0.62,0.66
862,2026-08-19,14:34:16,14:53:23,BANKNIFTY26AUG57200CE,CE,EXPANSION,427.15,443.2,30,415.5,-0.144,0.6964,69.6,2941.5,-2526.0,1146.6,523.2,462.15,-96.05,2941.5,ML_CE,STOP,,,,0.0,427.15,,,,,,,,0.62,0.66
863,2026-08-19,14:34:16,14:53:24,BANKNIFTY26AUG57200CE,CE,EXPANSION,427.15,444.5,30,454.5,-0.158,0.6964,69.6,2941.5,-2487.0,1147.9,523.2,462.15,-96.05,2941.5,ML_CE,STOP,,,,0.0,427.15,,,,,,,,0.62,0.66
864,2026-08-19,14:34:16,14:53:25,BANKNIFTY26AUG57200CE,CE,EXPANSION,427.15,444.5,30,454.5,-0.158,0.6964,69.6,2941.5,-2487.0,1149.0,523.2,462.15,-96.05,2941.5,ML_CE,STOP,,,,0.0,427.15,,,,,,,,0.62,0.66
865,2026-08-19,14:34:16,14:53:26,BANKNIFTY26AUG57200CE,CE,EXPANSION,427.15,443.85,30,435.0,-0.151,0.6964,69.6,2941.5,-2506.5,1150.3,523.2,462.15,-96.05,2941.5,ML_CE,STOP,,,,0.0,427.15,,,,,,,,0.62,0.66
866,2026-08-19,14:34:16,14:53:28,BANKNIFTY26AUG57200CE,CE,EXPANSION,427.15,443.85,30,435.0,-0.151,0.6964,69.6,2941.5,-2506.5,1151.8,523.2,462.15,-96.05,2941.5,ML_CE,STOP,,,,0.0,427.15,,,,,,,,0.62,0.66
867,2026-08-19,14:34:16,14:53:29,BANKNIFTY26AUG57200CE,CE,EXPANSION,427.15,443.3,30,418.5,-0.145,0.6964,69.6,2941.5,-2523.0,1153.2,523.2,462.15,-96.05,2941.5,ML_CE,STOP,,,,0.0,427.15,,,,,,,,0.62,0.66
868,2026-08-19,14:34:16,14:53:30,BANKNIFTY26AUG57200CE,CE,EXPANSION,427.15,443.85,30,435.0,-0.151,0.6964,69.6,2941.5,-2506.5,1154.3,523.2,462.15,-96.05,2941.5,ML_CE,STOP,,,,0.0,427.15,,,,,,,,0.62,0.66
869,2026-08-19,14:34:16,14:53:32,BANKNIFTY26AUG57200CE,CE,EXPANSION,427.15,441.6,30,367.5,-0.128,0.6964,69.6,2941.5,-2574.0,1155.6,523.2,462.15,-96.05,2941.5,ML_CE,STOP,,,,0.0,427.15,,,,,,,,0.62,0.66
870,2026-08-19,14:34:16,14:53:33,BANKNIFTY26AUG57200CE,CE,EXPANSION,427.15,441.35,30,360.0,-0.125,0.6964,69.6,2941.5,-2581.5,1157.1,523.2,462.15,-96.05,2941.5,ML_CE,STOP,,,,0.0,427.15,,,,,,,,0.62,0.66
871,2026-08-19,14:34:16,14:53:35,BANKNIFTY26AUG57200CE,CE,EXPANSION,427.15,441.9,30,376.5,-0.131,0.6964,69.6,2941.5,-2565.0,1158.4,523.2,462.15,-96.05,2941.5,ML_CE,STOP,,,,0.0,427.15,,,,,,,,0.62,0.66
872,2026-08-19,14:34:16,14:53:36,BANKNIFTY26AUG57200CE,CE,EXPANSION,427.15,443.75,30,432.0,-0.15,0.6964,69.6,2941.5,-2509.5,1159.7,523.2,462.15,-96.05,2941.5,ML_CE,STOP,,,,0.0,427.15,,,,,,,,0.62,0.66
873,2026-08-19,14:34:16,14:53:37,BANKNIFTY26AUG57200CE,CE,EXPANSION,427.15,446.95,30,528.0,-0.183,0.6964,69.6,2941.5,-2413.5,1160.8,523.2,462.15,-96.05,2941.5,ML_CE,STOP,,,,0.0,427.15,,,,,,,,0.62,0.66
874,2026-08-19,14:34:16,14:53:38,BANKNIFTY26AUG57200CE,CE,EXPANSION,427.15,446.4,30,511.5,-0.178,0.6964,69.6,2941.5,-2430.0,1162.1,523.2,462.15,-96.05,2941.5,ML_CE,STOP,,,,0.0,427.15,,,,,,,,0.62,0.66
875,2026-08-19,14:34:16,14:53:40,BANKNIFTY26AUG57200CE,CE,EXPANSION,427.15,447.75,30,552.0,-0.192,0.6964,69.6,2941.5,-2389.5,1163.4,523.2,462.15,-96.05,2941.5,ML_CE,STOP,,,,0.0,427.15,,,,,,,,0.62,0.66
876,2026-08-19,14:34:16,14:53:41,BANKNIFTY26AUG57200CE,CE,EXPANSION,427.15,446.65,30,519.0,-0.18,0.6964,69.6,2941.5,-2422.5,1164.5,523.2,462.15,-96.05,2941.5,ML_CE,STOP,,,,0.0,427.15,,,,,,,,0.62,0.66
877,2026-08-19,14:34:16,14:53:42,BANKNIFTY26AUG57200CE,CE,EXPANSION,427.15,446.95,30,528.0,-0.183,0.6964,69.6,2941.5,-2413.5,1165.8,523.2,462.15,-96.05,2941.5,ML_CE,STOP,,,,0.0,427.15,,,,,,,,0.62,0.66
878,2026-08-19,14:34:16,14:53:43,BANKNIFTY26AUG57200CE,CE,EXPANSION,427.15,445.15,30,474.0,-0.164,0.6964,69.6,2941.5,-2467.5,1166.9,523.2,462.15,-96.05,2941.5,ML_CE,STOP,,,,0.0,427.15,,,,,,,,0.62,0.66
879,2026-08-19,14:34:16,14:53:44,BANKNIFTY26AUG57200CE,CE,EXPANSION,427.15,445.15,30,474.0,-0.164,0.6964,69.6,2941.5,-2467.5,1168.2,523.2,462.15,-96.05,2941.5,ML_CE,STOP,,,,0.0,427.15,,,,,,,,0.62,0.66
880,2026-08-19,14:34:16,14:53:46,BANKNIFTY26AUG57200CE,CE,EXPANSION,427.15,447.25,30,537.0,-0.186,0.6964,69.6,2941.5,-2404.5,1169.5,523.2,462.15,-96.05,2941.5,ML_CE,STOP,,,,0.0,427.15,,,,,,,,0.62,0.66
881,2026-08-19,14:34:16,14:53:47,BANKNIFTY26AUG57200CE,CE,EXPANSION,427.15,447.25,30,537.0,-0.186,0.6964,69.6,2941.5,-2404.5,1170.6,523.2,462.15,-96.05,2941.5,ML_CE,STOP,,,,0.0,427.15,,,,,,,,0.62,0.66
882,2026-08-19,14:34:16,14:53:48,BANKNIFTY26AUG57200CE,CE,EXPANSION,427.15,448.95,30,588.0,-0.204,0.6964,69.6,2941.5,-2353.5,1171.9,523.2,462.15,-96.05,2941.5,ML_CE,STOP,,,,0.0,427.15,,,,,,,,0.62,0.66
883,2026-08-19,14:34:16,14:53:49,BANKNIFTY26AUG57200CE,CE,EXPANSION,427.15,448.1,30,562.5,-0.195,0.6964,69.6,2941.5,-2379.0,1173.2,523.2,462.15,-96.05,2941.5,ML_CE,STOP,,,,0.0,427.15,,,,,,,,0.62,0.66
884,2026-08-19,14:34:16,14:53:51,BANKNIFTY26AUG57200CE,CE,EXPANSION,427.15,448.1,30,562.5,-0.195,0.6964,69.6,2941.5,-2379.0,1174.5,523.2,462.15,-96.05,2941.5,ML_CE,STOP,,,,0.0,427.15,,,,,,,,0.62,0.66
885,2026-08-19,14:34:16,14:53:52,BANKNIFTY26AUG57200CE,CE,EXPANSION,427.15,448.4,30,571.5,-0.198,0.6964,69.6,2941.5,-2370.0,1175.8,523.2,462.15,-96.05,2941.5,ML_CE,STOP,,,,0.0,427.15,,,,,,,,0.62,0.66
886,2026-08-19,14:34:16,14:53:53,BANKNIFTY26AUG57200CE,CE,EXPANSION,427.15,448.6,30,577.5,-0.2,0.6964,69.6,2941.5,-2364.0,1177.1,523.2,462.15,-96.05,2941.5,ML_CE,STOP,,,,0.0,427.15,,,,,,,,0.62,0.66
887,2026-08-19,14:34:16,14:53:55,BANKNIFTY26AUG57200CE,CE,EXPANSION,427.15,447.2,30,535.5,-0.186,0.6964,69.6,2941.5,-2406.0,1178.5,523.2,462.15,-96.05,2941.5,ML_CE,STOP,,,,0.0,427.15,,,,,,,,0.62,0.66
888,2026-08-19,14:34:16,14:53:56,BANKNIFTY26AUG57200CE,CE,EXPANSION,427.15,447.2,30,535.5,-0.186,0.6964,69.6,2941.5,-2406.0,1179.8,523.2,462.15,-96.05,2941.5,ML_CE,STOP,,,,0.0,427.15,,,,,,,,0.62,0.66
889,2026-08-19,14:34:16,14:53:57,BANKNIFTY26AUG57200CE,CE,EXPANSION,427.15,445.95,30,498.0,-0.173,0.6964,69.6,2941.5,-2443.5,1180.9,523.2,462.15,-96.05,2941.5,ML_CE,STOP,,,,0.0,427.15,,,,,,,,0.62,0.66
890,2026-08-19,14:34:16,14:53:58,BANKNIFTY26AUG57200CE,CE,EXPANSION,427.15,445.65,30,489.0,-0.17,0.6964,69.6,2941.5,-2452.5,1182.2,523.2,462.15,-96.05,2941.5,ML_CE,STOP,,,,0.0,427.15,,,,,,,,0.62,0.66
891,2026-08-19,14:34:16,14:54:00,BANKNIFTY26AUG57200CE,CE,EXPANSION,427.15,446.0,30,499.5,-0.173,0.6964,69.6,2941.5,-2442.0,1183.6,523.2,462.15,-96.05,2941.5,ML_CE,STOP,,,,0.0,427.15,,,,,,,,0.62,0.66
892,2026-08-19,14:34:16,14:54:01,BANKNIFTY26AUG57200CE,CE,EXPANSION,427.15,447.2,30,535.5,-0.186,0.6964,69.6,2941.5,-2406.0,1184.7,523.2,462.15,-96.05,2941.5,ML_CE,STOP,,,,0.0,427.15,,,,,,,,0.62,0.66
893,2026-08-19,14:34:16,14:54:02,BANKNIFTY26AUG57200CE,CE,EXPANSION,427.15,446.45,30,513.0,-0.178,0.6964,69.6,2941.5,-2428.5,1186.1,523.2,462.15,-96.05,2941.5,ML_CE,STOP,,,,0.0,427.15,,,,,,,,0.62,0.66
894,2026-08-19,14:34:16,14:54:03,BANKNIFTY26AUG57200CE,CE,EXPANSION,427.15,446.9,30,526.5,-0.183,0.6964,69.6,2941.5,-2415.0,1187.3,523.2,462.15,-96.05,2941.5,ML_CE,STOP,,,,0.0,427.15,,,,,,,,0.62,0.66
895,2026-08-19,14:34:16,14:54:05,BANKNIFTY26AUG57200CE,CE,EXPANSION,427.15,447.45,30,543.0,-0.188,0.6964,69.6,2941.5,-2398.5,1188.6,523.2,462.15,-96.05,2941.5,ML_CE,STOP,,,,0.0,427.15,,,,,,,,0.62,0.66
896,2026-08-19,14:34:16,14:54:06,BANKNIFTY26AUG57200CE,CE,EXPANSION,427.15,447.3,30,538.5,-0.187,0.6964,69.6,2941.5,-2403.0,1189.8,523.2,462.15,-96.05,2941.5,ML_CE,STOP,,,,0.0,427.15,,,,,,,,0.62,0.66
897,2026-08-19,14:34:16,14:54:07,BANKNIFTY26AUG57200CE,CE,EXPANSION,427.15,448.8,30,583.5,-0.202,0.6964,69.6,2941.5,-2358.0,1191.1,523.2,462.15,-96.05,2941.5,ML_CE,STOP,,,,0.0,427.15,,,,,,,,0.62,0.66
898,2026-08-19,14:34:16,14:54:08,BANKNIFTY26AUG57200CE,CE,EXPANSION,427.15,448.75,30,582.0,-0.202,0.6964,69.6,2941.5,-2359.5,1192.3,523.2,462.15,-96.05,2941.5,ML_CE,STOP,,,,0.0,427.15,,,,,,,,0.62,0.66
899,2026-08-19,14:34:16,14:54:10,BANKNIFTY26AUG57200CE,CE,EXPANSION,427.15,449.3,30,598.5,-0.208,0.6964,69.6,2941.5,-2343.0,1193.5,523.2,462.15,-96.05,2941.5,ML_CE,STOP,,,,0.0,427.15,,,,,,,,0.62,0.66
900,2026-08-19,14:34:16,14:54:11,BANKNIFTY26AUG57200CE,CE,EXPANSION,427.15,448.25,30,567.0,-0.197,0.6964,69.6,2941.5,-2374.5,1194.6,523.2,462.15,-96.05,2941.5,ML_CE,STOP,,,,0.0,427.15,,,,,,,,0.62,0.66
901,2026-08-19,14:34:16,14:54:12,BANKNIFTY26AUG57200CE,CE,EXPANSION,427.15,449.75,30,612.0,-0.212,0.6964,69.6,2941.5,-2329.5,1195.7,523.2,462.15,-96.05,2941.5,ML_CE,STOP,,,,0.0,427.15,,,,,,,,0.62,0.66
902,2026-08-19,14:34:16,14:54:13,BANKNIFTY26AUG57200CE,CE,EXPANSION,427.15,451.65,30,669.0,-0.232,0.6964,69.6,2941.5,-2272.5,1196.8,523.2,462.15,-96.05,2941.5,ML_CE,STOP,,,,0.0,427.15,,,,,,,,0.62,0.66
903,2026-08-19,14:34:16,14:54:14,BANKNIFTY26AUG57200CE,CE,EXPANSION,427.15,450.0,30,619.5,-0.215,0.6964,69.6,2941.5,-2322.0,1198.1,523.2,462.15,-96.05,2941.5,ML_CE,STOP,,,,0.0,427.15,,,,,,,,0.62,0.66
904,2026-08-19,14:34:16,14:54:16,BANKNIFTY26AUG57200CE,CE,EXPANSION,427.15,452.0,30,679.5,-0.236,0.6964,69.6,2941.5,-2262.0,1199.4,523.2,462.15,-96.05,2941.5,ML_CE,STOP,,,,0.0,427.15,,,,,,,,0.62,0.66
905,2026-08-19,14:34:16,14:54:17,BANKNIFTY26AUG57200CE,CE,EXPANSION,427.15,452.0,30,679.5,-0.236,0.6964,69.6,2941.5,-2262.0,1200.7,523.2,462.15,-96.05,2941.5,ML_CE,STOP,,,,0.0,427.15,,,,,,,,0.62,0.66
906,2026-08-19,14:34:16,14:54:18,BANKNIFTY26AUG57200CE,CE,EXPANSION,427.15,450.3,30,628.5,-0.218,0.6964,69.6,2941.5,-2313.0,1201.8,523.2,462.15,-96.05,2941.5,ML_CE,STOP,,,,0.0,427.15,,,,,,,,0.62,0.66
907,2026-08-19,14:34:16,14:54:19,BANKNIFTY26AUG57200CE,CE,EXPANSION,427.15,448.85,30,585.0,-0.203,0.6964,69.6,2941.5,-2356.5,1202.9,523.2,462.15,-96.05,2941.5,ML_CE,STOP,,,,0.0,427.15,,,,,,,,0.62,0.66
908,2026-08-19,14:34:16,14:54:20,BANKNIFTY26AUG57200CE,CE,EXPANSION,427.15,451.9,30,676.5,-0.235,0.6964,69.6,2941.5,-2265.0,1204.0,523.2,462.15,-96.05,2941.5,ML_CE,STOP,,,,0.0,427.15,,,,,,,,0.62,0.66
909,2026-08-19,14:34:16,14:54:22,BANKNIFTY26AUG57200CE,CE,EXPANSION,427.15,450.35,30,630.0,-0.219,0.6964,69.6,2941.5,-2311.5,1205.5,523.2,462.15,-96.05,2941.5,ML_CE,STOP,,,,0.0,427.15,,,,,,,,0.62,0.66
910,2026-08-19,14:34:16,14:54:23,BANKNIFTY26AUG57200CE,CE,EXPANSION,427.15,450.35,30,630.0,-0.219,0.6964,69.6,2941.5,-2311.5,1206.6,523.2,462.15,-96.05,2941.5,ML_CE,STOP,,,,0.0,427.15,,,,,,,,0.62,0.66
911,2026-08-19,14:34:16,14:54:24,BANKNIFTY26AUG57200CE,CE,EXPANSION,427.15,450.35,30,630.0,-0.219,0.6964,69.6,2941.5,-2311.5,1207.9,523.2,462.15,-96.05,2941.5,ML_CE,STOP,,,,0.0,427.15,,,,,,,,0.62,0.66
912,2026-08-19,14:34:16,14:54:25,BANKNIFTY26AUG57200CE,CE,EXPANSION,427.15,448.8,30,583.5,-0.202,0.6964,69.6,2941.5,-2358.0,1209.0,523.2,462.15,-96.05,2941.5,ML_CE,STOP,,,,0.0,427.15,,,,,,,,0.62,0.66
913,2026-08-19,14:34:16,14:54:26,BANKNIFTY26AUG57200CE,CE,EXPANSION,427.15,449.85,30,615.0,-0.213,0.6964,69.6,2941.5,-2326.5,1210.1,523.2,462.15,-96.05,2941.5,ML_CE,STOP,,,,0.0,427.15,,,,,,,,0.62,0.66
914,2026-08-19,14:34:16,14:54:28,BANKNIFTY26AUG57200CE,CE,EXPANSION,427.15,449.85,30,615.0,-0.213,0.6964,69.6,2941.5,-2326.5,1211.4,523.2,462.15,-96.05,2941.5,ML_CE,STOP,,,,0.0,427.15,,,,,,,,0.62,0.66
915,2026-08-19,14:34:16,14:54:29,BANKNIFTY26AUG57200CE,CE,EXPANSION,427.15,451.75,30,672.0,-0.233,0.6964,69.6,2941.5,-2269.5,1212.7,523.2,462.15,-96.05,2941.5,ML_CE,STOP,,,,0.0,427.15,,,,,,,,0.62,0.66
916,2026-08-19,14:34:16,14:54:30,BANKNIFTY26AUG57200CE,CE,EXPANSION,427.15,450.5,30,634.5,-0.22,0.6964,69.6,2941.5,-2307.0,1214.0,523.2,462.15,-96.05,2941.5,ML_CE,STOP,,,,0.0,427.15,,,,,,,,0.62,0.66
917,2026-08-19,14:34:16,14:54:31,BANKNIFTY26AUG57200CE,CE,EXPANSION,427.15,450.85,30,645.0,-0.224,0.6964,69.6,2941.5,-2296.5,1215.1,523.2,462.15,-96.05,2941.5,ML_CE,STOP,,,,0.0,427.15,,,,,,,,0.62,0.66
918,2026-08-19,14:34:16,14:54:33,BANKNIFTY26AUG57200CE,CE,EXPANSION,427.15,450.85,30,645.0,-0.224,0.6964,69.6,2941.5,-2296.5,1216.4,523.2,462.15,-96.05,2941.5,ML_CE,STOP,,,,0.0,427.15,,,,,,,,0.62,0.66
919,2026-08-19,14:34:16,14:54:34,BANKNIFTY26AUG57200CE,CE,EXPANSION,427.15,451.05,30,651.0,-0.226,0.6964,69.6,2941.5,-2290.5,1217.7,523.2,462.15,-96.05,2941.5,ML_CE,STOP,,,,0.0,427.15,,,,,,,,0.62,0.66
920,2026-08-19,14:34:16,14:54:35,BANKNIFTY26AUG57200CE,CE,EXPANSION,427.15,450.1,30,622.5,-0.216,0.6964,69.6,2941.5,-2319.0,1218.8,523.2,462.15,-96.05,2941.5,ML_CE,STOP,,,,0.0,427.15,,,,,,,,0.62,0.66
921,2026-08-19,14:34:16,14:54:36,BANKNIFTY26AUG57200CE,CE,EXPANSION,427.15,450.1,30,622.5,-0.216,0.6964,69.6,2941.5,-2319.0,1219.9,523.2,462.15,-96.05,2941.5,ML_CE,STOP,,,,0.0,427.15,,,,,,,,0.62,0.66
922,2026-08-19,14:34:16,14:54:37,BANKNIFTY26AUG57200CE,CE,EXPANSION,427.15,450.1,30,622.5,-0.216,0.6964,69.6,2941.5,-2319.0,1221.3,523.2,462.15,-96.05,2941.5,ML_CE,STOP,,,,0.0,427.15,,,,,,,,0.62,0.66
923,2026-08-19,14:34:16,14:54:39,BANKNIFTY26AUG57200CE,CE,EXPANSION,427.15,450.6,30,637.5,-0.221,0.6964,69.6,2941.5,-2304.0,1222.4,523.2,462.15,-96.05,2941.5,ML_CE,STOP,,,,0.0,427.15,,,,,,,,0.62,0.66
924,2026-08-19,14:34:16,14:54:40,BANKNIFTY26AUG57200CE,CE,EXPANSION,427.15,450.05,30,621.0,-0.216,0.6964,69.6,2941.5,-2320.5,1223.6,523.2,462.15,-96.05,2941.5,ML_CE,STOP,,,,0.0,427.15,,,,,,,,0.62,0.66
925,2026-08-19,14:34:16,14:54:41,BANKNIFTY26AUG57200CE,CE,EXPANSION,427.15,449.55,30,606.0,-0.21,0.6964,69.6,2941.5,-2335.5,1224.8,523.2,462.15,-96.05,2941.5,ML_CE,STOP,,,,0.0,427.15,,,,,,,,0.62,0.66
926,2026-08-19,14:34:16,14:54:42,BANKNIFTY26AUG57200CE,CE,EXPANSION,427.15,452.45,30,693.0,-0.24,0.6964,69.6,2941.5,-2248.5,1226.3,523.2,462.15,-96.05,2941.5,ML_CE,STOP,,,,0.0,427.15,,,,,,,,0.62,0.66
927,2026-08-19,14:34:16,14:54:44,BANKNIFTY26AUG57200CE,CE,EXPANSION,427.15,452.0,30,679.5,-0.236,0.6964,69.6,2941.5,-2262.0,1227.6,523.2,462.15,-96.05,2941.5,ML_CE,STOP,,,,0.0,427.15,,,,,,,,0.62,0.66
928,2026-08-19,14:34:16,14:54:45,BANKNIFTY26AUG57200CE,CE,EXPANSION,427.15,448.4,30,571.5,-0.198,0.6964,69.6,2941.5,-2370.0,1228.9,523.2,462.15,-96.05,2941.5,ML_CE,STOP,,,,0.0,427.15,,,,,,,,0.62,0.66
929,2026-08-19,14:34:16,14:54:46,BANKNIFTY26AUG57200CE,CE,EXPANSION,427.15,450.55,30,636.0,-0.221,0.6964,69.6,2941.5,-2305.5,1230.0,523.2,462.15,-96.05,2941.5,ML_CE,STOP,,,,0.0,427.15,,,,,,,,0.62,0.66
930,2026-08-19,14:34:16,14:54:47,BANKNIFTY26AUG57200CE,CE,EXPANSION,427.15,448.5,30,574.5,-0.199,0.6964,69.6,2941.5,-2367.0,1231.3,523.2,462.15,-96.05,2941.5,ML_CE,STOP,,,,0.0,427.15,,,,,,,,0.62,0.66
931,2026-08-19,14:34:16,14:54:49,BANKNIFTY26AUG57200CE,CE,EXPANSION,427.15,448.85,30,585.0,-0.203,0.6964,69.6,2941.5,-2356.5,1232.5,523.2,462.15,-96.05,2941.5,ML_CE,STOP,,,,0.0,427.15,,,,,,,,0.62,0.66
932,2026-08-19,14:34:16,14:54:50,BANKNIFTY26AUG57200CE,CE,EXPANSION,427.15,449.15,30,594.0,-0.206,0.6964,69.6,2941.5,-2347.5,1233.8,523.2,462.15,-96.05,2941.5,ML_CE,STOP,,,,0.0,427.15,,,,,,,,0.62,0.66
933,2026-08-19,14:34:16,14:54:51,BANKNIFTY26AUG57200CE,CE,EXPANSION,427.15,449.6,30,607.5,-0.211,0.6964,69.6,2941.5,-2334.0,1235.1,523.2,462.15,-96.05,2941.5,ML_CE,STOP,,,,0.0,427.15,,,,,,,,0.62,0.66
934,2026-08-19,14:34:16,14:54:53,BANKNIFTY26AUG57200CE,CE,EXPANSION,427.15,447.85,30,555.0,-0.193,0.6964,69.6,2941.5,-2386.5,1236.4,523.2,462.15,-96.05,2941.5,ML_CE,STOP,,,,0.0,427.15,,,,,,,,0.62,0.66
935,2026-08-19,14:34:16,14:54:54,BANKNIFTY26AUG57200CE,CE,EXPANSION,427.15,448.7,30,580.5,-0.201,0.6964,69.6,2941.5,-2361.0,1237.7,523.2,462.15,-96.05,2941.5,ML_CE,STOP,,,,0.0,427.15,,,,,,,,0.62,0.66
936,2026-08-19,14:34:16,14:54:55,BANKNIFTY26AUG57200CE,CE,EXPANSION,427.15,449.35,30,600.0,-0.208,0.6964,69.6,2941.5,-2341.5,1239.0,523.2,462.15,-96.05,2941.5,ML_CE,STOP,,,,0.0,427.15,,,,,,,,0.62,0.66
937,2026-08-19,14:34:16,14:54:56,BANKNIFTY26AUG57200CE,CE,EXPANSION,427.15,448.7,30,580.5,-0.201,0.6964,69.6,2941.5,-2361.0,1240.1,523.2,462.15,-96.05,2941.5,ML_CE,STOP,,,,0.0,427.15,,,,,,,,0.62,0.66
938,2026-08-19,14:34:16,14:54:58,BANKNIFTY26AUG57200CE,CE,EXPANSION,427.15,448.7,30,580.5,-0.201,0.6964,69.6,2941.5,-2361.0,1241.4,523.2,462.15,-96.05,2941.5,ML_CE,STOP,,,,0.0,427.15,,,,,,,,0.62,0.66
939,2026-08-19,14:34:16,14:54:59,BANKNIFTY26AUG57200CE,CE,EXPANSION,427.15,448.7,30,580.5,-0.201,0.6964,69.6,2941.5,-2361.0,1242.7,523.2,462.15,-96.05,2941.5,ML_CE,STOP,,,,0.0,427.15,,,,,,,,0.62,0.66
940,2026-08-19,14:34:16,14:55:00,BANKNIFTY26AUG57200CE,CE,EXPANSION,427.15,450.4,30,631.5,-0.219,0.6964,69.6,2941.5,-2310.0,1243.8,523.2,462.15,-96.05,2941.5,ML_CE,STOP,,,,0.0,427.15,,,,,,,,0.62,0.66
941,2026-08-19,14:34:16,14:55:01,BANKNIFTY26AUG57200CE,CE,EXPANSION,427.15,450.4,30,631.5,-0.219,0.6964,69.6,2941.5,-2310.0,1245.0,523.2,462.15,-96.05,2941.5,ML_CE,STOP,,,,0.0,427.15,,,,,,,,0.62,0.66
942,2026-08-19,14:34:16,14:55:02,BANKNIFTY26AUG57200CE,CE,EXPANSION,427.15,449.15,30,594.0,-0.206,0.6964,69.6,2941.5,-2347.5,1246.1,523.2,462.15,-96.05,2941.5,ML_CE,STOP,,,,0.0,427.15,,,,,,,,0.62,0.66
943,2026-08-19,14:34:16,14:55:03,BANKNIFTY26AUG57200CE,CE,EXPANSION,427.15,449.15,30,594.0,-0.206,0.6964,69.6,2941.5,-2347.5,1247.4,523.2,462.15,-96.05,2941.5,ML_CE,STOP,,,,0.0,427.15,,,,,,,,0.62,0.66
944,2026-08-19,14:34:16,14:55:05,BANKNIFTY26AUG57200CE,CE,EXPANSION,427.15,449.7,30,610.5,-0.212,0.6964,69.6,2941.5,-2331.0,1248.8,523.2,462.15,-96.05,2941.5,ML_CE,STOP,,,,0.0,427.15,,,,,,,,0.62,0.66
945,2026-08-19,14:34:16,14:55:06,BANKNIFTY26AUG57200CE,CE,EXPANSION,427.15,449.8,30,613.5,-0.213,0.6964,69.6,2941.5,-2328.0,1250.1,523.2,462.15,-96.05,2941.5,ML_CE,STOP,,,,0.0,427.15,,,,,,,,0.62,0.66
946,2026-08-19,14:34:16,14:55:08,BANKNIFTY26AUG57200CE,CE,EXPANSION,427.15,450.95,30,648.0,-0.225,0.6964,69.6,2941.5,-2293.5,1251.5,523.2,462.15,-96.05,2941.5,ML_CE,STOP,,,,0.0,427.15,,,,,,,,0.62,0.66
947,2026-08-19,14:34:16,14:55:09,BANKNIFTY26AUG57200CE,CE,EXPANSION,427.15,450.95,30,648.0,-0.225,0.6964,69.6,2941.5,-2293.5,1252.7,523.2,462.15,-96.05,2941.5,ML_CE,STOP,,,,0.0,427.15,,,,,,,,0.62,0.66
948,2026-08-19,14:34:16,14:55:10,BANKNIFTY26AUG57200CE,CE,EXPANSION,427.15,450.35,30,630.0,-0.219,0.6964,69.6,2941.5,-2311.5,1253.8,523.2,462.15,-96.05,2941.5,ML_CE,STOP,,,,0.0,427.15,,,,,,,,0.62,0.66
949,2026-08-19,14:34:16,14:55:11,BANKNIFTY26AUG57200CE,CE,EXPANSION,427.15,450.35,30,630.0,-0.219,0.6964,69.6,2941.5,-2311.5,1255.0,523.2,462.15,-96.05,2941.5,ML_CE,STOP,,,,0.0,427.15,,,,,,,,0.62,0.66
950,2026-08-19,14:34:16,14:55:12,BANKNIFTY26AUG57200CE,CE,EXPANSION,427.15,450.35,30,630.0,-0.219,0.6964,69.6,2941.5,-2311.5,1256.2,523.2,462.15,-96.05,2941.5,ML_CE,STOP,,,,0.0,427.15,,,,,,,,0.62,0.66
951,2026-08-19,14:34:16,14:55:13,BANKNIFTY26AUG57200CE,CE,EXPANSION,427.15,450.35,30,630.0,-0.219,0.6964,69.6,2941.5,-2311.5,1257.3,523.2,462.15,-96.05,2941.5,ML_CE,STOP,,,,0.0,427.15,,,,,,,,0.62,0.66
952,2026-08-19,14:34:16,14:55:15,BANKNIFTY26AUG57200CE,CE,EXPANSION,427.15,451.4,30,661.5,-0.23,0.6964,69.6,2941.5,-2280.0,1258.6,523.2,462.15,-96.05,2941.5,ML_CE,STOP,,,,0.0,427.15,,,,,,,,0.62,0.66
953,2026-08-19,14:34:16,14:55:16,BANKNIFTY26AUG57200CE,CE,EXPANSION,427.15,451.1,30,652.5,-0.226,0.6964,69.6,2941.5,-2289.0,1259.7,523.2,462.15,-96.05,2941.5,ML_CE,STOP,,,,0.0,427.15,,,,,,,,0.62,0.66
954,2026-08-19,14:34:16,14:55:17,BANKNIFTY26AUG57200CE,CE,EXPANSION,427.15,450.9,30,646.5,-0.224,0.6964,69.6,2941.5,-2295.0,1260.9,523.2,462.15,-96.05,2941.5,ML_CE,STOP,,,,0.0,427.15,,,,,,,,0.62,0.66
955,2026-08-19,14:34:16,14:55:18,BANKNIFTY26AUG57200CE,CE,EXPANSION,427.15,450.35,30,630.0,-0.219,0.6964,69.6,2941.5,-2311.5,1262.1,523.2,462.15,-96.05,2941.5,ML_CE,STOP,,,,0.0,427.15,,,,,,,,0.62,0.66
956,2026-08-19,14:34:16,14:55:20,BANKNIFTY26AUG57200CE,CE,EXPANSION,427.15,449.15,30,594.0,-0.206,0.6964,69.6,2941.5,-2347.5,1263.4,523.2,462.15,-96.05,2941.5,ML_CE,STOP,,,,0.0,427.15,,,,,,,,0.62,0.66
957,2026-08-19,14:34:16,14:55:21,BANKNIFTY26AUG57200CE,CE,EXPANSION,427.15,447.85,30,555.0,-0.193,0.6964,69.6,2941.5,-2386.5,1264.5,523.2,462.15,-96.05,2941.5,ML_CE,STOP,,,,0.0,427.15,,,,,,,,0.62,0.66
958,2026-08-19,14:34:16,14:55:22,BANKNIFTY26AUG57200CE,CE,EXPANSION,427.15,448.15,30,564.0,-0.196,0.6964,69.6,2941.5,-2377.5,1265.8,523.2,462.15,-96.05,2941.5,ML_CE,STOP,,,,0.0,427.15,,,,,,,,0.62,0.66
959,2026-08-19,14:34:16,14:55:23,BANKNIFTY26AUG57200CE,CE,EXPANSION,427.15,448.15,30,564.0,-0.196,0.6964,69.6,2941.5,-2377.5,1267.1,523.2,462.15,-96.05,2941.5,ML_CE,STOP,,,,0.0,427.15,,,,,,,,0.62,0.66
960,2026-08-19,14:34:16,14:55:24,BANKNIFTY26AUG57200CE,CE,EXPANSION,427.15,450.5,30,634.5,-0.22,0.6964,69.6,2941.5,-2307.0,1268.2,523.2,462.15,-96.05,2941.5,ML_CE,STOP,,,,0.0,427.15,,,,,,,,0.62,0.66
961,2026-08-19,14:34:16,14:55:26,BANKNIFTY26AUG57200CE,CE,EXPANSION,427.15,450.5,30,634.5,-0.22,0.6964,69.6,2941.5,-2307.0,1269.5,523.2,462.15,-96.05,2941.5,ML_CE,STOP,,,,0.0,427.15,,,,,,,,0.62,0.66
962,2026-08-19,14:34:16,14:55:27,BANKNIFTY26AUG57200CE,CE,EXPANSION,427.15,450.5,30,634.5,-0.22,0.6964,69.6,2941.5,-2307.0,1270.7,523.2,462.15,-96.05,2941.5,ML_CE,STOP,,,,0.0,427.15,,,,,,,,0.62,0.66
963,2026-08-19,14:34:16,14:55:28,BANKNIFTY26AUG57200CE,CE,EXPANSION,427.15,450.5,30,634.5,-0.22,0.6964,69.6,2941.5,-2307.0,1271.8,523.2,462.15,-96.05,2941.5,ML_CE,STOP,,,,0.0,427.15,,,,,,,,0.62,0.66
964,2026-08-19,14:34:16,14:55:29,BANKNIFTY26AUG57200CE,CE,EXPANSION,427.15,450.5,30,634.5,-0.22,0.6964,69.6,2941.5,-2307.0,1273.1,523.2,462.15,-96.05,2941.5,ML_CE,STOP,,,,0.0,427.15,,,,,,,,0.62,0.66
965,2026-08-19,14:34:16,14:55:31,BANKNIFTY26AUG57200CE,CE,EXPANSION,427.15,450.5,30,634.5,-0.22,0.6964,69.6,2941.5,-2307.0,1274.4,523.2,462.15,-96.05,2941.5,ML_CE,STOP,,,,0.0,427.15,,,,,,,,0.62,0.66
966,2026-08-19,14:34:16,14:55:32,BANKNIFTY26AUG57200CE,CE,EXPANSION,427.15,449.7,30,610.5,-0.212,0.6964,69.6,2941.5,-2331.0,1275.7,523.2,462.15,-96.05,2941.5,ML_CE,STOP,,,,0.0,427.15,,,,,,,,0.62,0.66
967,2026-08-19,14:34:16,14:55:33,BANKNIFTY26AUG57200CE,CE,EXPANSION,427.15,447.0,30,529.5,-0.184,0.6964,69.6,2941.5,-2412.0,1276.8,523.2,462.15,-96.05,2941.5,ML_CE,STOP,,,,0.0,427.15,,,,,,,,0.62,0.66
968,2026-08-19,14:34:16,14:55:34,BANKNIFTY26AUG57200CE,CE,EXPANSION,427.15,447.55,30,546.0,-0.189,0.6964,69.6,2941.5,-2395.5,1277.9,523.2,462.15,-96.05,2941.5,ML_CE,STOP,,,,0.0,427.15,,,,,,,,0.62,0.66
969,2026-08-19,14:34:16,14:55:35,BANKNIFTY26AUG57200CE,CE,EXPANSION,427.15,445.1,30,472.5,-0.164,0.6964,69.6,2941.5,-2469.0,1279.0,523.2,462.15,-96.05,2941.5,ML_CE,STOP,,,,0.0,427.15,,,,,,,,0.62,0.66
970,2026-08-19,14:34:16,14:55:36,BANKNIFTY26AUG57200CE,CE,EXPANSION,427.15,447.2,30,535.5,-0.186,0.6964,69.6,2941.5,-2406.0,1280.4,523.2,462.15,-96.05,2941.5,ML_CE,STOP,,,,0.0,427.15,,,,,,,,0.62,0.66
971,2026-08-19,14:34:16,14:55:38,BANKNIFTY26AUG57200CE,CE,EXPANSION,427.15,446.05,30,501.0,-0.174,0.6964,69.6,2941.5,-2440.5,1281.7,523.2,462.15,-96.05,2941.5,ML_CE,STOP,,,,0.0,427.15,,,,,,,,0.62,0.66
972,2026-08-19,14:34:16,14:55:39,BANKNIFTY26AUG57200CE,CE,EXPANSION,427.15,446.05,30,501.0,-0.174,0.6964,69.6,2941.5,-2440.5,1283.0,523.2,462.15,-96.05,2941.5,ML_CE,STOP,,,,0.0,427.15,,,,,,,,0.62,0.66
973,2026-08-19,14:34:16,14:55:40,BANKNIFTY26AUG57200CE,CE,EXPANSION,427.15,446.05,30,501.0,-0.174,0.6964,69.6,2941.5,-2440.5,1284.1,523.2,462.15,-96.05,2941.5,ML_CE,STOP,,,,0.0,427.15,,,,,,,,0.62,0.66
974,2026-08-19,14:34:16,14:55:41,BANKNIFTY26AUG57200CE,CE,EXPANSION,427.15,446.05,30,501.0,-0.174,0.6964,69.6,2941.5,-2440.5,1285.3,523.2,462.15,-96.05,2941.5,ML_CE,STOP,,,,0.0,427.15,,,,,,,,0.62,0.66
975,2026-08-19,14:34:16,14:55:43,BANKNIFTY26AUG57200CE,CE,EXPANSION,427.15,446.05,30,501.0,-0.174,0.6964,69.6,2941.5,-2440.5,1286.6,523.2,462.15,-96.05,2941.5,ML_CE,STOP,,,,0.0,427.15,,,,,,,,0.62,0.66
976,2026-08-19,14:34:16,14:55:44,BANKNIFTY26AUG57200CE,CE,EXPANSION,427.15,446.05,30,501.0,-0.174,0.6964,69.6,2941.5,-2440.5,1287.7,523.2,462.15,-96.05,2941.5,ML_CE,STOP,,,,0.0,427.15,,,,,,,,0.62,0.66
977,2026-08-19,14:34:16,14:55:45,BANKNIFTY26AUG57200CE,CE,EXPANSION,427.15,446.05,30,501.0,-0.174,0.6964,69.6,2941.5,-2440.5,1288.8,523.2,462.15,-96.05,2941.5,ML_CE,STOP,,,,0.0,427.15,,,,,,,,0.62,0.66
978,2026-08-19,14:34:16,14:55:46,BANKNIFTY26AUG57200CE,CE,EXPANSION,427.15,446.05,30,501.0,-0.174,0.6964,69.6,2941.5,-2440.5,1290.0,523.2,462.15,-96.05,2941.5,ML_CE,STOP,,,,0.0,427.15,,,,,,,,0.62,0.66
979,2026-08-19,14:34:16,14:55:47,BANKNIFTY26AUG57200CE,CE,EXPANSION,427.15,446.05,30,501.0,-0.174,0.6964,69.6,2941.5,-2440.5,1291.1,523.2,462.15,-96.05,2941.5,ML_CE,STOP,,,,0.0,427.15,,,,,,,,0.62,0.66
980,2026-08-19,14:34:16,14:55:48,BANKNIFTY26AUG57200CE,CE,EXPANSION,427.15,446.05,30,501.0,-0.174,0.6964,69.6,2941.5,-2440.5,1292.4,523.2,462.15,-96.05,2941.5,ML_CE,STOP,,,,0.0,427.15,,,,,,,,0.62,0.66
981,2026-08-19,14:34:16,14:55:50,BANKNIFTY26AUG57200CE,CE,EXPANSION,427.15,446.05,30,501.0,-0.174,0.6964,69.6,2941.5,-2440.5,1293.8,523.2,462.15,-96.05,2941.5,ML_CE,STOP,,,,0.0,427.15,,,,,,,,0.62,0.66
982,2026-08-19,14:34:16,14:55:51,BANKNIFTY26AUG57200CE,CE,EXPANSION,427.15,446.05,30,501.0,-0.174,0.6964,69.6,2941.5,-2440.5,1295.1,523.2,462.15,-96.05,2941.5,ML_CE,STOP,,,,0.0,427.15,,,,,,,,0.62,0.66
983,2026-08-19,14:34:16,14:55:52,BANKNIFTY26AUG57200CE,CE,EXPANSION,427.15,448.85,30,585.0,-0.203,0.6964,69.6,2941.5,-2356.5,1296.3,523.2,462.15,-96.05,2941.5,ML_CE,STOP,,,,0.0,427.15,,,,,,,,0.62,0.66
984,2026-08-19,14:34:16,14:55:54,BANKNIFTY26AUG57200CE,CE,EXPANSION,427.15,450.2,30,625.5,-0.217,0.6964,69.6,2941.5,-2316.0,1297.4,523.2,462.15,-96.05,2941.5,ML_CE,STOP,,,,0.0,427.15,,,,,,,,0.62,0.66
985,2026-08-19,14:34:16,14:55:55,BANKNIFTY26AUG57200CE,CE,EXPANSION,427.15,450.35,30,630.0,-0.219,0.6964,69.6,2941.5,-2311.5,1298.7,523.2,462.15,-96.05,2941.5,ML_CE,STOP,,,,0.0,427.15,,,,,,,,0.62,0.66
986,2026-08-19,14:34:16,14:55:56,BANKNIFTY26AUG57200CE,CE,EXPANSION,427.15,450.35,30,630.0,-0.219,0.6964,69.6,2941.5,-2311.5,1299.8,523.2,462.15,-96.05,2941.5,ML_CE,STOP,,,,0.0,427.15,,,,,,,,0.62,0.66
987,2026-08-19,14:34:16,14:55:57,BANKNIFTY26AUG57200CE,CE,EXPANSION,427.15,450.3,30,628.5,-0.218,0.6964,69.6,2941.5,-2313.0,1301.0,523.2,462.15,-96.05,2941.5,ML_CE,STOP,,,,0.0,427.15,,,,,,,,0.62,0.66
988,2026-08-19,14:34:16,14:55:58,BANKNIFTY26AUG57200CE,CE,EXPANSION,427.15,451.15,30,654.0,-0.227,0.6964,69.6,2941.5,-2287.5,1302.2,523.2,462.15,-96.05,2941.5,ML_CE,STOP,,,,0.0,427.15,,,,,,,,0.62,0.66
989,2026-08-19,14:34:16,14:56:00,BANKNIFTY26AUG57200CE,CE,EXPANSION,427.15,450.25,30,627.0,-0.218,0.6964,69.6,2941.5,-2314.5,1303.5,523.2,462.15,-96.05,2941.5,ML_CE,STOP,,,,0.0,427.15,,,,,,,,0.62,0.66
990,2026-08-19,14:34:16,14:56:01,BANKNIFTY26AUG57200CE,CE,EXPANSION,427.15,451.25,30,657.0,-0.228,0.6964,69.6,2941.5,-2284.5,1304.7,523.2,462.15,-96.05,2941.5,ML_CE,STOP,,,,0.0,427.15,,,,,,,,0.62,0.66
991,2026-08-19,14:34:16,14:56:02,BANKNIFTY26AUG57200CE,CE,EXPANSION,427.15,450.4,30,631.5,-0.219,0.6964,69.6,2941.5,-2310.0,1305.8,523.2,462.15,-96.05,2941.5,ML_CE,STOP,,,,0.0,427.15,,,,,,,,0.62,0.66
992,2026-08-19,14:34:16,14:56:03,BANKNIFTY26AUG57200CE,CE,EXPANSION,427.15,450.4,30,631.5,-0.219,0.6964,69.6,2941.5,-2310.0,1307.2,523.2,462.15,-96.05,2941.5,ML_CE,STOP,,,,0.0,427.15,,,,,,,,0.62,0.66
993,2026-08-19,14:34:16,14:56:04,BANKNIFTY26AUG57200CE,CE,EXPANSION,427.15,450.4,30,631.5,-0.219,0.6964,69.6,2941.5,-2310.0,1308.3,523.2,462.15,-96.05,2941.5,ML_CE,STOP,,,,0.0,427.15,,,,,,,,0.62,0.66
994,2026-08-19,14:34:16,14:56:06,BANKNIFTY26AUG57200CE,CE,EXPANSION,427.15,450.4,30,631.5,-0.219,0.6964,69.6,2941.5,-2310.0,1309.6,523.2,462.15,-96.05,2941.5,ML_CE,STOP,,,,0.0,427.15,,,,,,,,0.62,0.66
995,2026-08-19,14:34:16,14:56:07,BANKNIFTY26AUG57200CE,CE,EXPANSION,427.15,451.5,30,664.5,-0.231,0.6964,69.6,2941.5,-2277.0,1310.9,523.2,462.15,-96.05,2941.5,ML_CE,STOP,,,,0.0,427.15,,,,,,,,0.62,0.66
996,2026-08-19,14:34:16,14:56:08,BANKNIFTY26AUG57200CE,CE,EXPANSION,427.15,450.4,30,631.5,-0.219,0.6964,69.6,2941.5,-2310.0,1312.0,523.2,462.15,-96.05,2941.5,ML_CE,STOP,,,,0.0,427.15,,,,,,,,0.62,0.66
997,2026-08-19,14:34:16,14:56:10,BANKNIFTY26AUG57200CE,CE,EXPANSION,427.15,450.05,30,621.0,-0.216,0.6964,69.6,2941.5,-2320.5,1313.5,523.2,462.15,-96.05,2941.5,ML_CE,STOP,,,,0.0,427.15,,,,,,,,0.62,0.66
998,2026-08-19,14:34:16,14:56:11,BANKNIFTY26AUG57200CE,CE,EXPANSION,427.15,450.8,30,643.5,-0.223,0.6964,69.6,2941.5,-2298.0,1314.6,523.2,462.15,-96.05,2941.5,ML_CE,STOP,,,,0.0,427.15,,,,,,,,0.62,0.66
999,2026-08-19,14:34:16,14:56:12,BANKNIFTY26AUG57200CE,CE,EXPANSION,427.15,451.05,30,651.0,-0.226,0.6964,69.6,2941.5,-2290.5,1316.0,523.2,462.15,-96.05,2941.5,ML_CE,STOP,,,,0.0,427.15,,,,,,,,0.62,0.66
1000,2026-08-19,14:34:16,14:56:13,BANKNIFTY26AUG57200CE,CE,EXPANSION,427.15,450.6,30,637.5,-0.221,0.6964,69.6,2941.5,-2304.0,1317.3,523.2,462.15,-96.05,2941.5,ML_CE,STOP,,,,0.0,427.15,,,,,,,,0.62,0.66
1001,2026-08-19,14:34:16,14:56:15,BANKNIFTY26AUG57200CE,CE,EXPANSION,427.15,451.2,30,655.5,-0.227,0.6964,69.6,2941.5,-2286.0,1318.4,523.2,462.15,-96.05,2941.5,ML_CE,STOP,,,,0.0,427.15,,,,,,,,0.62,0.66
1002,2026-08-19,14:34:16,14:56:16,BANKNIFTY26AUG57200CE,CE,EXPANSION,427.15,450.4,30,631.5,-0.219,0.6964,69.6,2941.5,-2310.0,1319.7,523.2,462.15,-96.05,2941.5,ML_CE,STOP,,,,0.0,427.15,,,,,,,,0.62,0.66
1003,2026-08-19,14:34:16,14:56:17,BANKNIFTY26AUG57200CE,CE,EXPANSION,427.15,452.0,30,679.5,-0.236,0.6964,69.6,2941.5,-2262.0,1320.8,523.2,462.15,-96.05,2941.5,ML_CE,STOP,,,,0.0,427.15,,,,,,,,0.62,0.66
1004,2026-08-19,14:34:16,14:56:18,BANKNIFTY26AUG57200CE,CE,EXPANSION,427.15,451.25,30,657.0,-0.228,0.6964,69.6,2941.5,-2284.5,1322.1,523.2,462.15,-96.05,2941.5,ML_CE,STOP,,,,0.0,427.15,,,,,,,,0.62,0.66
1005,2026-08-19,14:34:16,14:56:20,BANKNIFTY26AUG57200CE,CE,EXPANSION,427.15,452.35,30,690.0,-0.239,0.6964,69.6,2941.5,-2251.5,1323.4,523.2,462.15,-96.05,2941.5,ML_CE,STOP,,,,0.0,427.15,,,,,,,,0.62,0.66
1006,2026-08-19,14:34:16,14:56:21,BANKNIFTY26AUG57200CE,CE,EXPANSION,427.15,456.0,30,799.5,-0.277,0.6964,69.6,2941.5,-2142.0,1324.7,523.2,462.15,-96.05,2941.5,ML_CE,STOP,,,,0.0,427.15,,,,,,,,0.62,0.66
1007,2026-08-19,14:34:16,14:56:22,BANKNIFTY26AUG57200CE,CE,EXPANSION,427.15,458.0,30,859.5,-0.298,0.6964,69.6,2941.5,-2082.0,1326.0,523.2,462.15,-96.05,2941.5,ML_CE,STOP,,,,0.0,427.15,,,,,,,,0.62,0.66
1008,2026-08-19,14:34:16,14:56:23,BANKNIFTY26AUG57200CE,CE,EXPANSION,427.15,458.0,30,859.5,-0.298,0.6964,69.6,2941.5,-2082.0,1327.1,523.2,462.15,-96.05,2941.5,ML_CE,STOP,,,,0.0,427.15,,,,,,,,0.62,0.66
1009,2026-08-19,14:34:16,14:56:25,BANKNIFTY26AUG57200CE,CE,EXPANSION,427.15,459.15,30,894.0,-0.31,0.6964,69.6,2941.5,-2047.5,1328.6,523.2,462.15,-96.05,2941.5,ML_CE,STOP,,,,0.0,427.15,,,,,,,,0.62,0.66
1010,2026-08-19,14:34:16,14:56:26,BANKNIFTY26AUG57200CE,CE,EXPANSION,427.15,460.0,30,919.5,-0.319,0.6964,69.6,2941.5,-2022.0,1330.0,523.2,462.15,-96.05,2941.5,ML_CE,STOP,,,,0.0,427.15,,,,,,,,0.62,0.66
1011,2026-08-19,14:34:16,14:56:27,BANKNIFTY26AUG57200CE,CE,EXPANSION,427.15,460.5,30,934.5,-0.324,0.6964,69.6,2941.5,-2007.0,1331.1,523.2,462.15,-96.05,2941.5,ML_CE,STOP,,,,0.0,427.15,,,,,,,,0.62,0.66
1012,2026-08-19,14:34:16,14:56:28,BANKNIFTY26AUG57200CE,CE,EXPANSION,427.15,462.6,30,997.5,-0.346,0.6964,69.6,2941.5,-1944.0,1332.3,523.2,462.15,-96.05,2941.5,ML_CE,STOP,,,,0.0,427.15,,,,,,,,0.62,0.66
1013,2026-08-19,14:34:16,14:56:30,BANKNIFTY26AUG57200CE,CE,EXPANSION,427.15,461.75,30,972.0,-0.337,0.6964,69.6,2941.5,-1969.5,1333.4,523.2,462.15,-96.05,2941.5,ML_CE,STOP,,,,0.0,427.15,,,,,,,,0.62,0.66
1014,2026-08-19,14:34:16,14:56:31,BANKNIFTY26AUG57200CE,CE,EXPANSION,427.15,462.3,30,988.5,-0.343,0.6964,69.6,2941.5,-1953.0,1334.7,523.2,462.15,-96.05,2941.5,ML_CE,STOP,,,,0.0,427.15,,,,,,,,0.62,0.66
1015,2026-08-19,14:34:16,14:56:32,BANKNIFTY26AUG57200CE,CE,EXPANSION,427.15,462.8,30,1003.5,-0.348,0.6964,69.6,2941.5,-1938.0,1335.8,523.2,462.15,-96.05,2941.5,ML_CE,STOP,,,,0.0,427.15,,,,,,,,0.62,0.66
1016,2026-08-19,14:34:16,14:56:33,BANKNIFTY26AUG57200CE,CE,EXPANSION,427.15,463.3,30,1018.5,-0.353,0.6964,69.6,2941.5,-1923.0,1337.0,523.2,462.15,-96.05,2941.5,ML_CE,STOP,,,,0.0,427.15,,,,,,,,0.62,0.66
1017,2026-08-19,14:34:16,14:56:34,BANKNIFTY26AUG57200CE,CE,EXPANSION,427.15,465.25,30,1077.0,-0.374,0.6964,69.6,2941.5,-1864.5,1338.1,523.2,462.15,-96.05,2941.5,ML_CE,STOP,,,,0.0,427.15,,,,,,,,0.62,0.66
1018,2026-08-19,14:34:16,14:56:35,BANKNIFTY26AUG57200CE,CE,EXPANSION,427.15,464.85,30,1065.0,-0.37,0.6964,69.6,2941.5,-1876.5,1339.3,523.2,462.15,-96.05,2941.5,ML_CE,STOP,,,,0.0,427.15,,,,,,,,0.62,0.66
1019,2026-08-19,14:34:16,14:56:37,BANKNIFTY26AUG57200CE,CE,EXPANSION,427.15,465.25,30,1077.0,-0.374,0.6964,69.6,2941.5,-1864.5,1340.6,523.2,462.15,-96.05,2941.5,ML_CE,STOP,,,,0.0,427.15,,,,,,,,0.62,0.66
1020,2026-08-19,14:34:16,14:56:38,BANKNIFTY26AUG57200CE,CE,EXPANSION,427.15,465.3,30,1078.5,-0.374,0.6964,69.6,2941.5,-1863.0,1341.7,523.2,462.15,-96.05,2941.5,ML_CE,STOP,,,,0.0,427.15,,,,,,,,0.62,0.66
1021,2026-08-19,14:34:16,14:56:39,BANKNIFTY26AUG57200CE,CE,EXPANSION,427.15,467.55,30,1146.0,-0.398,0.6964,69.6,2941.5,-1795.5,1343.0,523.2,462.15,-96.05,2941.5,ML_CE,STOP,,,,0.0,427.15,,,,,,,,0.62,0.66
1022,2026-08-19,14:34:16,14:56:40,BANKNIFTY26AUG57200CE,CE,EXPANSION,427.15,462.9,30,1006.5,-0.349,0.6964,69.6,2941.5,-1935.0,1344.1,523.2,462.15,-96.05,2941.5,ML_CE,STOP,,,,0.0,427.15,,,,,,,,0.62,0.66
1023,2026-08-19,14:34:16,14:56:41,BANKNIFTY26AUG57200CE,CE,EXPANSION,427.15,465.2,30,1075.5,-0.373,0.6964,69.6,2941.5,-1866.0,1345.2,523.2,462.15,-96.05,2941.5,ML_CE,STOP,,,,0.0,427.15,,,,,,,,0.62,0.66
1024,2026-08-19,14:34:16,14:56:43,BANKNIFTY26AUG57200CE,CE,EXPANSION,427.15,463.65,30,1029.0,-0.357,0.6964,69.6,2941.5,-1912.5,1346.4,523.2,462.15,-96.05,2941.5,ML_CE,STOP,,,,0.0,427.15,,,,,,,,0.62,0.66
1,2026-08-20,09:30:11,09:30:15,BANKNIFTY26AUG57600CE,CE,SCALP,371.3,361.4,60,-726.0,-1.513,0.6182,61.8,0.0,-726.0,3.8,363.3,421.3,8.0,0.0,SCALP_MOM,SCALP_STOP,,,,0.0,371.3,,,,,,,,0.0,0.0
2,2026-08-20,09:35:38,09:36:14,BANKNIFTY26AUG57600CE,CE,SCALP,363.6,356.7,60,-546.0,-1.138,0.7198,72.0,0.0,-546.0,36.0,355.6,413.6,8.0,0.0,SCALP_MOM,SCALP_NO_LIFE,,,,0.0,363.6,,,,,,,,0.0,0.0
3,2026-08-20,09:40:16,09:40:52,BANKNIFTY26AUG57600CE,CE,SCALP,362.95,364.9,60,-15.0,0.1,0.4854,48.5,183.0,-198.0,36.7,365.45,412.95,-2.5,183.0,SCALP_MOM,SCALP_STOP,,,,0.0,362.95,,,,,,,,0.0,0.0
1,2026-08-20,10:49:04,10:49:39,BANKNIFTY26AUG57700CE,CE,SCALP,351.2,350.55,60,-171.0,-0.285,0.464,46.4,168.0,-339.0,35.7,341.19,401.2,10.01,168.0,SCALP_MOM,SCALP_NO_LIFE,,,,0.0,351.2,,,,,,,,0.0,0.0
2,2026-08-20,14:17:07,14:17:22,BANKNIFTY26AUG57500PE,PE,SCALP,203.15,193.0,60,-741.0,-1.261,0.6304,63.0,0.0,-741.0,15.2,193.36,253.15,9.79,0.0,SCALP_MOM,SCALP_STOP,,,,0.0,203.15,,,,,,,,0.0,0.0
3,2026-08-20,14:26:17,14:26:53,BANKNIFTY26AUG57500PE,PE,SCALP,196.45,198.75,60,6.0,0.009,0.6298,63.0,204.0,-198.0,35.2,184.9,246.45,11.55,204.0,SCALP_MOM,SCALP_NO_LIFE,,,,0.0,196.45,,,,,,,,0.0,0.0
